-- phpMyAdmin SQL Dump
-- version 4.8.5
-- https://www.phpmyadmin.net/
--
-- Host: localhost:3306
-- Waktu pembuatan: 12 Jun 2019 pada 03.12
-- Versi server: 10.3.14-MariaDB
-- Versi PHP: 7.3.2

SET SQL_MODE = "NO_AUTO_VALUE_ON_ZERO";
SET AUTOCOMMIT = 0;
START TRANSACTION;
SET time_zone = "+00:00";


/*!40101 SET @OLD_CHARACTER_SET_CLIENT=@@CHARACTER_SET_CLIENT */;
/*!40101 SET @OLD_CHARACTER_SET_RESULTS=@@CHARACTER_SET_RESULTS */;
/*!40101 SET @OLD_COLLATION_CONNECTION=@@COLLATION_CONNECTION */;
/*!40101 SET NAMES utf8mb4 */;

--
-- Database: `id6664247_new_toko_201810`
--

-- --------------------------------------------------------

--
-- Struktur dari tabel `akses_group_modul`
--

CREATE TABLE `akses_group_modul` (
  `id_group` int(11) NOT NULL,
  `nama_modul` varchar(50) COLLATE utf8_unicode_ci NOT NULL,
  `hak_akses` varchar(20) COLLATE utf8_unicode_ci NOT NULL
) ENGINE=InnoDB DEFAULT CHARSET=utf8 COLLATE=utf8_unicode_ci;

--
-- Dumping data untuk tabel `akses_group_modul`
--

INSERT INTO `akses_group_modul` (`id_group`, `nama_modul`, `hak_akses`) VALUES
(1, 'akun', 'create'),
(1, 'akun', 'delete'),
(1, 'akun', 'read'),
(1, 'akun', 'update'),
(1, 'backup', 'create'),
(1, 'backup', 'delete'),
(1, 'backup', 'read'),
(1, 'backup', 'update'),
(1, 'barang', 'create'),
(1, 'barang', 'delete'),
(1, 'barang', 'read'),
(1, 'barang', 'update'),
(1, 'dashboard', 'read'),
(1, 'pegawai', 'create'),
(1, 'pegawai', 'delete'),
(1, 'pegawai', 'read'),
(1, 'pegawai', 'update'),
(1, 'pelanggan', 'create'),
(1, 'pelanggan', 'delete'),
(1, 'pelanggan', 'read'),
(1, 'pelanggan', 'update'),
(1, 'report', 'create'),
(1, 'report', 'delete'),
(1, 'report', 'read'),
(1, 'report', 'update'),
(1, 'report_pembelian', 'create'),
(1, 'report_pembelian', 'delete'),
(1, 'report_pembelian', 'read'),
(1, 'report_pembelian', 'update'),
(1, 'report_penjualan', 'create'),
(1, 'report_penjualan', 'delete'),
(1, 'report_penjualan', 'read'),
(1, 'report_penjualan', 'update'),
(1, 'supplier', 'create'),
(1, 'supplier', 'delete'),
(1, 'supplier', 'read'),
(1, 'supplier', 'update'),
(1, 'trans_pembelian', 'create'),
(1, 'trans_pembelian', 'delete'),
(1, 'trans_pembelian', 'read'),
(1, 'trans_pembelian', 'update'),
(1, 'trans_penjualan', 'create'),
(1, 'trans_penjualan', 'delete'),
(1, 'trans_penjualan', 'read'),
(1, 'trans_penjualan', 'update');

-- --------------------------------------------------------

--
-- Struktur dari tabel `barang`
--

CREATE TABLE `barang` (
  `id_barang` int(11) NOT NULL,
  `kode` varchar(100) COLLATE utf8_unicode_ci DEFAULT NULL,
  `nama` varchar(255) COLLATE utf8_unicode_ci NOT NULL,
  `harga_beli` decimal(12,2) NOT NULL,
  `harga_umum` decimal(12,2) NOT NULL,
  `harga_reseller` decimal(12,2) DEFAULT NULL,
  `deskripsi` text COLLATE utf8_unicode_ci DEFAULT NULL,
  `created_time` datetime NOT NULL DEFAULT current_timestamp(),
  `last_modified_time` datetime NOT NULL DEFAULT current_timestamp(),
  `last_modified_user` int(11) NOT NULL DEFAULT 1,
  `is_active` enum('0','1') COLLATE utf8_unicode_ci NOT NULL DEFAULT '1'
) ENGINE=InnoDB DEFAULT CHARSET=utf8 COLLATE=utf8_unicode_ci;

--
-- Dumping data untuk tabel `barang`
--

INSERT INTO `barang` (`id_barang`, `kode`, `nama`, `harga_beli`, `harga_umum`, `harga_reseller`, `deskripsi`, `created_time`, `last_modified_time`, `last_modified_user`, `is_active`) VALUES
(1, 'SDK', 'Sendok Set Kecil', '0.00', '0.00', NULL, 'Merk Hitachi', '2018-08-17 05:51:02', '2018-08-31 07:36:50', 1, '0'),
(2, 'ad01', 'cetakan kue 8 datar', '105000.00', '120000.00', '115000.00', 'merk happycall', '2018-08-31 07:38:59', '2018-08-31 08:06:00', 1, '0'),
(3, 'ad19', 'pisau set hitam', '55000.00', '70000.00', '65000.00', 'pisau set + talenan', '2018-08-31 07:39:00', '2018-08-31 08:08:51', 1, '0'),
(4, 'ad02', 'cetakan 19 cekung', '105000.00', '120000.00', '115000.00', 'merk happycall', '2018-08-31 07:40:14', '2018-08-31 07:40:14', 1, '1'),
(5, 'ad03', 'cetakan pukis 13 lubang', '105000.00', '120000.00', '115000.00', 'merk happycal', '2018-08-31 07:41:22', '2018-08-31 07:44:49', 1, '1'),
(6, 'ad04', 'cetakan pukis 10 lubang', '105000.00', '120000.00', '115000.00', 'merk happycall', '2018-08-31 07:42:22', '2018-08-31 07:42:22', 1, '1'),
(7, 'ad05', 'cetakan kue cubit 24 lubang ', '105000.00', '120000.00', '115000.00', 'merk happycall', '2018-08-31 07:44:22', '2018-08-31 07:44:22', 1, '1'),
(8, 'ad06', 'cetakan 7 cekung', '105000.00', '120000.00', '115000.00', 'merk happycall', '2018-08-31 07:45:46', '2018-08-31 07:45:46', 1, '1'),
(9, 'ad07', 'cetakan 12 cekung', '105000.00', '120000.00', '115000.00', 'merk happycall', '2018-08-31 07:46:39', '2018-08-31 07:46:39', 1, '1'),
(10, 'ad08', 'cetakan 4 cekung ', '105000.00', '120000.00', '115000.00', 'merk\r\nhappycall', '2018-08-31 07:49:09', '2018-08-31 07:49:09', 1, '1'),
(11, 'ad09', 'cetakan 12 motif', '105000.00', '120000.00', '115000.00', 'merk happycall', '2018-08-31 07:49:53', '2018-08-31 07:49:53', 1, '1'),
(12, 'ad10', 'cetakan 12 datar', '110000.00', '120000.00', '115000.00', 'merk happycall', '2018-08-31 07:51:07', '2018-08-31 07:51:07', 1, '1'),
(13, 'ad11', 'cetakan 7 datar', '105000.00', '120000.00', '115000.00', 'merk happycall', '2018-08-31 07:51:59', '2018-08-31 07:51:59', 1, '1'),
(14, 'ad12', 'cetakan donat', '105000.00', '120000.00', '115000.00', 'merk happycall', '2018-08-31 07:52:42', '2018-08-31 07:52:42', 1, '1'),
(15, 'ad14', 'cetakan 15 cekung', '105000.00', '120000.00', '115000.00', 'merk happycall', '2018-08-31 07:53:46', '2018-08-31 07:53:46', 1, '1'),
(16, 'ad15', 'Set pastela maspion', '44000.00', '55000.00', '50000.00', 'diameter 14 & 20cm', '2018-08-31 07:55:10', '2018-08-31 07:55:10', 1, '1'),
(17, 'ad16', 'frypan set maspion', '42000.00', '50000.00', '47000.00', 'diameter 19&23cm', '2018-08-31 07:56:30', '2018-08-31 07:56:30', 1, '1'),
(20, 'ad17', 'panci set high pot ', '215000.00', '245000.00', '235000.00', 'ukuran diameter 24,22,20,18,16cm', '2018-08-31 07:58:01', '2018-08-31 07:58:01', 1, '1'),
(21, 'ad18', 'baking pan', '225000.00', '250000.00', '240000.00', 'cetakan bolu', '2018-08-31 07:59:04', '2018-08-31 07:59:04', 1, '1'),
(22, 'ad19', 'pisau set hitam', '55000.00', '70000.00', '65000.00', 'pisau set + talenan', '2018-08-31 08:00:14', '2018-08-31 08:00:14', 1, '1'),
(23, 'ad20', 'blender miyako isi 2', '255000.00', '270000.00', '265000.00', 'bahan gelas', '2018-08-31 08:04:42', '2018-08-31 08:04:42', 1, '1'),
(24, 'ad20', 'blender miyako isi 2', '255000.00', '270000.00', '265000.00', 'bahan gelas', '2018-08-31 08:04:48', '2018-08-31 08:05:09', 1, '0'),
(25, 'ad01', 'cetakan 8 datar', '105000.00', '120000.00', '115000.00', 'merk happycall', '2018-08-31 08:10:18', '2018-08-31 08:10:18', 1, '1'),
(26, 'ad21', 'teko siul regoletto', '63000.00', '75000.00', '70000.00', 'maspion 3 liter', '2018-08-31 08:12:15', '2018-08-31 08:12:15', 1, '1'),
(27, 'ad22', 'panci set happycall 12 pieces', '300000.00', '330000.00', '320000.00', 'isi 12pcs', '2018-08-31 08:14:59', '2018-08-31 08:14:59', 1, '1'),
(28, 'ad23', 'mixing bowl ', '60000.00', '70000.00', '65000.00', 'diameter 18,16,14,12,10cm', '2018-08-31 08:16:15', '2018-08-31 08:16:15', 1, '1'),
(29, 'ad24', 'gilingan daging', '90000.00', '100000.00', '95000.00', 'portable', '2018-08-31 08:17:07', '2018-08-31 08:17:07', 1, '1'),
(30, 'ad25', 'multi fryer', '115000.00', '130000.00', '125000.00', 'maspion', '2018-08-31 08:18:21', '2018-09-07 22:47:00', 1, '1'),
(31, 'ad26', 'chaffing dish', '150000.00', '180000.00', '170000.00', 'prasmanan kotak + pemanas', '2018-08-31 08:19:37', '2018-08-31 08:19:37', 1, '1'),
(32, 'ad27', 'Presto happycall gen 2', '175000.00', '205000.00', '195000.00', 'kapasitas 8liter', '2018-08-31 11:04:58', '2018-08-31 11:04:58', 1, '1'),
(33, 'ad28', 'Presto happycall gen 1', '170000.00', '200000.00', '190000.00', 'kapasitas8liter', '2018-08-31 11:08:12', '2018-08-31 11:08:12', 1, '1'),
(34, 'ad013', 'happycall jumbo 32cm', '185000.00', '210000.00', '200000.00', 'diameter 32cm', '2018-08-31 11:16:29', '2018-09-23 11:40:07', 1, '1'),
(35, 'ad29', 'Wajan moegen', '165000.00', '190000.00', '180000.00', 'dimaeter 30cm', '2018-08-31 22:04:11', '2018-08-31 22:04:11', 1, '1'),
(36, 'ptb01', 'rak baju 3d sekat 3', '170000.00', '190000.00', '180000.00', 'ukuran 105*45*165cm', '2018-09-01 14:34:36', '2018-09-01 14:34:36', 1, '1'),
(37, 'ptb02', 'rak baju super jumbo', '230000.00', '260000.00', '250000.00', '168*45*170cm', '2018-09-01 14:35:53', '2018-09-01 14:35:53', 1, '1'),
(38, 'ptb03', 'rak sepatu polos', '105000.00', '120000.00', '115000.00', '60*30*160cm', '2018-09-01 14:44:12', '2018-09-01 14:44:12', 1, '1'),
(39, 'ptb04', 'rak sepatu 3d', '110000.00', '125000.00', '120000.00', '60*30*160cm', '2018-09-01 14:46:02', '2018-09-01 14:46:02', 1, '1'),
(40, 'ptb05', 'rak buku single', '85000.00', '100000.00', '93000.00', 'portable 5 susun', '2018-09-01 14:48:39', '2018-09-01 14:48:39', 1, '1'),
(41, NULL, 'tirai benang', '14000.00', '18000.00', '16000.00', '1*2meter', '2018-09-01 14:50:07', '2018-09-01 14:50:07', 1, '1'),
(42, NULL, 'my bottle', '14000.00', '18000.00', '16000.00', '500ml', '2018-09-01 14:50:53', '2018-09-01 14:50:53', 1, '1'),
(43, NULL, 'tali jemuran', '7000.00', '12000.00', '9000.00', 'panjang 5 meter', '2018-09-01 14:52:14', '2018-09-01 14:52:14', 1, '1'),
(44, NULL, 'multi grill', '185000.00', '210000.00', '200000.00', 'panggangan', '2018-09-01 14:53:53', '2018-09-01 14:53:53', 1, '1'),
(46, NULL, 'keset cendol ', '18000.00', '25000.00', '21000.00', '40*50cm', '2018-09-01 14:56:39', '2018-09-01 14:56:39', 1, '1'),
(47, NULL, 'rak kosmetik gantung', '27000.00', '35000.00', '30000.00', 'rak gantung', '2018-09-01 14:58:31', '2018-09-01 14:58:31', 1, '1'),
(48, NULL, 'pena ukir ', '14000.00', '18000.00', '16000.00', 'alat ukir', '2018-09-01 14:59:11', '2018-09-01 14:59:11', 1, '1'),
(49, NULL, 'presto hc 4liter', '115000.00', '135000.00', '130000.00', '4liter', '2018-09-01 15:26:26', '2018-09-01 15:26:26', 1, '1'),
(50, NULL, 'termos karakter', '29000.00', '33000.00', '32000.00', 'promo', '2018-09-02 10:57:56', '2018-09-02 10:57:56', 1, '1'),
(51, NULL, 'sisir kutu', '6500.00', '9000.00', '8000.00', 'stainless', '2018-09-02 10:59:02', '2018-09-02 10:59:02', 1, '1'),
(52, NULL, 'rak set gantung', '85000.00', '100000.00', '95000.00', 'isi 3', '2018-09-02 11:00:22', '2018-09-02 11:00:22', 1, '1'),
(53, NULL, 'kuas hello kitty', '28000.00', '35000.00', '32000.00', 'kuas kosmetik', '2018-09-02 11:01:51', '2018-09-02 11:01:51', 1, '1'),
(54, NULL, 'penjepit sprei', '8000.00', '12000.00', '10000.00', 'isi 4', '2018-09-02 11:04:34', '2018-09-02 11:04:34', 1, '1'),
(55, NULL, 'setrika maspion type Ha110', '118000.00', '130000.00', '125000.00', 'stainless', '2018-09-03 03:08:08', '2018-09-23 11:50:26', 1, '1'),
(56, NULL, 'spin mop ', '135000.00', '155000.00', '145000.00', 'alat pel', '2018-09-03 03:08:56', '2018-09-03 03:08:56', 1, '1'),
(57, NULL, 'blender philips', '590000.00', '620000.00', '600000.00', 'gelas', '2018-09-03 03:09:44', '2018-09-03 03:09:44', 1, '1'),
(58, NULL, 'fancy grill', '75000.00', '80000.00', '80000.00', 'panggangan', '2018-09-03 03:10:18', '2018-09-07 06:28:35', 1, '1'),
(59, NULL, 'fancy grill', '75000.00', '80000.00', '75000.00', 'panggangan', '2018-09-03 03:10:19', '2018-09-03 14:49:34', 1, '0'),
(60, NULL, 'magicom turbo ', '285000.00', '305000.00', '295000.00', 'philips', '2018-09-03 03:11:01', '2018-09-23 11:49:20', 1, '1'),
(61, NULL, 'magicom miyako', '250000.00', '270000.00', '260000.00', 'kapasitas 1,8liter', '2018-09-03 03:11:38', '2018-09-23 11:49:49', 1, '1'),
(62, NULL, 'kompor winn kaca', '470000.00', '490000.00', '480000.00', 'kaca', '2018-09-03 03:12:15', '2018-09-03 03:12:15', 1, '1'),
(63, NULL, 'kompor winn kaca', '470000.00', '490000.00', '480000.00', 'kaca', '2018-09-03 03:12:15', '2018-09-03 03:12:15', 1, '1'),
(64, NULL, 'magicom yong ma', '530000.00', '550000.00', '540000.00', '2liter', '2018-09-03 03:13:34', '2018-09-03 03:13:34', 1, '1'),
(65, NULL, 'teko set golden sunkist', '80000.00', '95000.00', '90000.00', 'atom', '2018-09-03 03:18:54', '2018-09-23 09:31:34', 1, '1'),
(66, NULL, 'serut jagung', '14000.00', '20000.00', '17000.00', 'sedang', '2018-09-03 03:25:34', '2018-09-23 09:55:46', 1, '1'),
(67, NULL, 'manicure karakter', '20000.00', '27000.00', '23000.00', NULL, '2018-09-03 03:44:50', '2018-09-03 03:44:50', 1, '1'),
(68, NULL, 'timbangan dapur ', '38000.00', '50000.00', '45000.00', 'max 10kg', '2018-09-03 14:48:31', '2018-09-03 14:48:31', 1, '1'),
(69, NULL, 'pembersih sisik ikan', '6000.00', '10000.00', '8000.00', 'gen 1', '2018-09-03 14:50:54', '2018-09-03 14:50:54', 1, '1'),
(70, NULL, 'pengasah pisau', '19000.00', '25000.00', '22000.00', NULL, '2018-09-03 14:51:37', '2018-09-03 14:51:37', 1, '1'),
(71, NULL, 'super tummy', '50000.00', '65000.00', '55000.00', NULL, '2018-09-03 15:01:09', '2018-09-03 15:01:09', 1, '1'),
(72, NULL, 'tongsis', '14000.00', '20000.00', '17000.00', NULL, '2018-09-03 15:01:44', '2018-09-03 15:01:44', 1, '1'),
(73, NULL, 'timbangan badan kaca', '100000.00', '120000.00', '113000.00', 'berat max 180kg', '2018-09-03 15:05:18', '2018-09-03 15:05:18', 1, '1'),
(74, NULL, 'irisan brambang', '21000.00', '30000.00', '25000.00', NULL, '2018-09-03 15:06:38', '2018-09-03 15:06:38', 1, '1'),
(75, NULL, 'royal multi baking pan', '180000.00', '200000.00', '195000.00', NULL, '2018-09-03 15:07:18', '2018-09-03 15:07:18', 1, '1'),
(76, NULL, 'cetakan 7 variasi', '105000.00', '120000.00', '115000.00', NULL, '2018-09-03 15:08:17', '2018-09-03 15:08:17', 1, '1'),
(77, NULL, 'fancy grill happycall', '42000.00', '60000.00', '50000.00', NULL, '2018-09-03 15:09:06', '2018-09-03 15:09:06', 1, '1'),
(78, NULL, 'kotak prasmanan', '42000.00', '55000.00', '50000.00', NULL, '2018-09-03 15:15:13', '2018-09-03 15:15:13', 1, '1'),
(79, NULL, 'bowl prasmanan', '72000.00', '88000.00', '80000.00', NULL, '2018-09-03 15:15:55', '2018-09-03 15:15:55', 1, '1'),
(80, NULL, 'set golden sunkist', '140000.00', '170000.00', '160000.00', NULL, '2018-09-03 15:16:46', '2018-09-03 15:16:46', 1, '1'),
(81, NULL, 'mini cutter', '68000.00', '80000.00', '76000.00', NULL, '2018-09-03 15:17:26', '2018-09-03 15:17:26', 1, '1'),
(82, NULL, 'mini cutter', '68000.00', '80000.00', '76000.00', NULL, '2018-09-03 15:17:27', '2018-09-03 15:17:27', 1, '1'),
(83, NULL, 'mixer duduk niko', '110000.00', '130000.00', '120000.00', NULL, '2018-09-03 15:20:25', '2018-09-03 15:20:25', 1, '1'),
(84, NULL, 'dispenser odol', '20000.00', '28000.00', '23000.00', NULL, '2018-09-03 15:36:30', '2018-09-03 15:36:30', 1, '1'),
(85, NULL, 'rak sudut', '25000.00', '38000.00', '32000.00', NULL, '2018-09-03 15:54:26', '2018-09-03 15:54:26', 1, '1'),
(86, NULL, 'lego', '75000.00', '90000.00', '80000.00', NULL, '2018-09-03 16:16:36', '2018-09-03 16:16:36', 1, '1'),
(87, NULL, 'teflon mini karakter', '12000.00', '17000.00', '15000.00', NULL, '2018-09-04 13:20:18', '2018-09-04 13:20:18', 1, '1'),
(88, NULL, 'rak tas gantung', '38000.00', '50000.00', '42000.00', NULL, '2018-09-04 13:21:20', '2018-09-04 13:21:20', 1, '1'),
(89, NULL, 'rak sepatu gantung', '30000.00', '40000.00', '35000.00', NULL, '2018-09-04 13:21:55', '2018-09-04 13:21:55', 1, '1'),
(90, NULL, 'obat jamur', '18000.00', '25000.00', '20000.00', 'cairan', '2018-09-04 14:08:17', '2018-09-04 14:08:17', 1, '1'),
(91, NULL, 'pisau set supra', '55000.00', '75000.00', '65000.00', NULL, '2018-09-04 14:09:20', '2018-09-04 14:09:20', 1, '1'),
(92, NULL, 'wondermop', '120000.00', '135000.00', '130000.00', NULL, '2018-09-04 14:10:33', '2018-09-04 14:10:33', 1, '1'),
(93, NULL, 'kasur mobil', '260000.00', '280000.00', '270000.00', NULL, '2018-09-04 14:11:36', '2018-09-04 14:11:36', 1, '1'),
(94, NULL, 'teflon maxim 24cm', '80000.00', '95000.00', '85000.00', NULL, '2018-09-04 14:15:38', '2018-09-04 14:15:38', 1, '1'),
(95, NULL, 'cetakan es holden sunkist', '12000.00', '18000.00', '15000.00', NULL, '2018-09-04 14:58:28', '2018-09-04 14:58:28', 1, '1'),
(96, NULL, 'set alat jahit', '20000.00', '25000.00', '23000.00', NULL, '2018-09-05 05:02:20', '2018-09-05 05:02:20', 1, '1'),
(97, NULL, 'kompor rinnai stainless', '305000.00', '325000.00', '315000.00', NULL, '2018-09-06 12:25:13', '2018-09-06 12:25:13', 1, '1'),
(98, NULL, 'stock pot saito', '280000.00', '300000.00', '290000.00', NULL, '2018-09-07 05:50:52', '2018-09-23 10:50:03', 1, '1'),
(99, NULL, 'rak baju small', '115000.00', '135000.00', '125000.00', NULL, '2018-09-07 05:51:56', '2018-09-07 05:51:56', 1, '1'),
(100, NULL, 'rak baju jumbo', '195000.00', '220000.00', '210000.00', NULL, '2018-09-07 05:52:22', '2018-09-07 05:52:22', 1, '1'),
(101, NULL, 'sealer Q2 20cm', '115000.00', '135000.00', '130000.00', NULL, '2018-09-07 05:53:25', '2018-09-07 05:53:25', 1, '1'),
(102, NULL, 'mixer duduk miyako', '235000.00', '250000.00', '245000.00', NULL, '2018-09-07 05:53:57', '2018-09-07 05:53:57', 1, '1'),
(103, NULL, 'mesin jahit', '110000.00', '135000.00', '122000.00', NULL, '2018-09-07 06:01:55', '2018-09-07 06:01:55', 1, '1'),
(104, NULL, 'tirai anti nyamuk', '14000.00', '18000.00', '16000.00', NULL, '2018-09-07 06:02:42', '2018-09-07 06:02:42', 1, '1'),
(105, NULL, 'tas selempang pria', '50000.00', '65000.00', '60000.00', NULL, '2018-09-07 06:09:55', '2018-09-07 06:09:55', 1, '1'),
(106, NULL, 'supra gill', '90000.00', '110000.00', '100000.00', NULL, '2018-09-07 06:42:45', '2018-09-07 06:42:45', 1, '1'),
(107, NULL, 'rak sepatu amazing', '65000.00', '80000.00', '75000.00', NULL, '2018-09-07 06:44:03', '2018-09-07 06:44:03', 1, '1'),
(108, NULL, 'lampu jamur', '10000.00', '15000.00', '13000.00', NULL, '2018-09-07 06:45:25', '2018-09-07 06:45:25', 1, '1'),
(109, NULL, 'serut es', '90000.00', '110000.00', '100000.00', NULL, '2018-09-07 06:46:19', '2018-09-07 06:46:19', 1, '1'),
(110, NULL, 'tirai magnet', '27000.00', '35000.00', '30000.00', NULL, '2018-09-07 22:37:50', '2018-09-07 22:37:50', 1, '1'),
(111, NULL, 'keranjang baju kotor', '14000.00', '18000.00', '16000.00', NULL, '2018-09-07 22:38:48', '2018-09-07 22:38:48', 1, '1'),
(112, NULL, 'dompet heels', '50000.00', '65000.00', '60000.00', NULL, '2018-09-07 22:39:29', '2018-09-07 22:39:29', 1, '1'),
(113, NULL, 'black auto car', '26000.00', '35000.00', '30000.00', NULL, '2018-09-07 22:40:17', '2018-09-07 22:40:17', 1, '1'),
(114, NULL, 'rak piring', '95000.00', '110000.00', '105000.00', NULL, '2018-09-07 22:41:52', '2018-09-07 22:41:52', 1, '1'),
(115, NULL, 'hanging jewelry', '14000.00', '20000.00', '17000.00', NULL, '2018-09-07 22:43:07', '2018-09-07 22:43:07', 1, '1'),
(116, NULL, 'pena ukir 2 mata pena', '17500.00', '23000.00', '20000.00', NULL, '2018-09-07 22:44:02', '2018-09-07 22:44:02', 1, '1'),
(117, NULL, 'gilingan pastel', '130000.00', '150000.00', '145000.00', NULL, '2018-09-07 23:07:27', '2018-09-07 23:07:27', 1, '1'),
(118, NULL, 'dispenser sabun single', '30000.00', '40000.00', '35000.00', NULL, '2018-09-10 03:09:17', '2018-09-10 03:09:17', 1, '1'),
(119, NULL, 'dispenser sabun double', '45000.00', '0.00', '50000.00', NULL, '2018-09-10 03:09:48', '2018-09-10 03:09:48', 1, '1'),
(120, NULL, 'korean underware', '17000.00', '22000.00', '20000.00', NULL, '2018-09-10 03:10:45', '2018-09-10 03:10:45', 1, '1'),
(121, NULL, 'ear pick', '3000.00', '5000.00', '4000.00', NULL, '2018-09-10 03:11:22', '2018-09-10 03:11:22', 1, '1'),
(122, NULL, 'pasir kinetik', '115000.00', '130000.00', '125000.00', NULL, '2018-09-10 03:12:09', '2018-09-10 03:12:09', 1, '1'),
(123, NULL, 'rak baju 3d sekat 3', '150000.00', '175000.00', '165000.00', NULL, '2018-09-10 03:14:15', '2018-09-10 03:14:15', 1, '1'),
(124, NULL, 'pembesar layar hp', '14000.00', '18000.00', '17000.00', NULL, '2018-09-17 22:36:08', '2018-09-17 22:36:08', 1, '1'),
(125, NULL, 'lentera tarik', '31000.00', '40000.00', '36000.00', NULL, '2018-09-17 22:36:53', '2018-09-17 22:36:53', 1, '1'),
(126, NULL, 'rak buku 3 sisi', '160000.00', '180000.00', '175000.00', NULL, '2018-09-17 22:37:33', '2018-09-17 22:37:33', 1, '1'),
(127, NULL, 'meat grinder', '38000.00', '50000.00', '45000.00', NULL, '2018-09-17 22:38:23', '2018-09-17 22:38:23', 1, '1'),
(128, NULL, 'kelambu gantung', '30000.00', '35000.00', '35000.00', NULL, '2018-09-17 22:39:06', '2018-09-17 22:39:06', 1, '1'),
(129, NULL, 'rak sepatu balloon', '102000.00', '120000.00', '115000.00', NULL, '2018-09-17 22:39:46', '2018-09-17 22:53:41', 1, '1'),
(130, NULL, 'jogging triemer', '35000.00', '48000.00', '42000.00', NULL, '2018-09-17 22:40:40', '2018-09-17 22:40:40', 1, '1'),
(131, NULL, 'cetakan lontong', '40000.00', '55000.00', '48000.00', NULL, '2018-09-17 22:41:10', '2018-09-17 22:53:10', 1, '1'),
(132, NULL, 'tikar lipat', '750004.00', '85000.00', '80000.00', NULL, '2018-09-17 22:41:52', '2018-09-23 09:29:46', 1, '1'),
(133, NULL, 'better beater', '35000.00', '50000.00', '42000.00', NULL, '2018-09-17 22:52:34', '2018-09-17 22:52:34', 1, '1'),
(135, NULL, 'lampu tarik ', '32000.00', '45000.00', '38000.00', NULL, '2018-09-18 06:41:48', '2018-09-18 06:41:48', 1, '1'),
(136, NULL, 'timbangan dapur + mangkok', '72000.00', '85000.00', '80000.00', NULL, '2018-09-18 06:42:24', '2018-09-18 06:42:24', 1, '1'),
(137, NULL, 'tirai magnet versi new', '25000.00', '35000.00', '28000.00', NULL, '2018-09-18 06:43:12', '2018-09-18 06:43:12', 1, '1'),
(138, NULL, 'cetakan happycall', '105000.00', '120000.00', '115000.00', NULL, '2018-09-23 08:30:51', '2018-09-23 08:30:51', 1, '1'),
(139, NULL, 'mixer miyako', '153000.00', '170000.00', '160000.00', NULL, '2018-09-23 09:22:25', '2018-09-23 09:22:25', 1, '1'),
(140, NULL, 'wondermop', '123000.00', '135000.00', '130000.00', NULL, '2018-09-23 09:23:06', '2018-09-23 09:23:06', 1, '1'),
(141, NULL, 'lepek cangkir', '63000.00', '75000.00', '70000.00', NULL, '2018-09-23 09:24:05', '2018-09-23 09:24:05', 1, '1'),
(142, NULL, 'mangkok', '78000.00', '90000.00', '85000.00', NULL, '2018-09-23 09:24:39', '2018-09-23 09:24:39', 1, '1'),
(143, NULL, 'piring', '73000.00', '85000.00', '80000.00', NULL, '2018-09-23 09:25:10', '2018-09-23 09:25:10', 1, '1'),
(144, NULL, 'lampu emergency', '70000.00', '80000.00', '75000.00', NULL, '2018-09-23 09:25:49', '2018-09-23 09:25:49', 1, '1'),
(145, NULL, 'setrika miyako', '100000.00', '110000.00', '105000.00', NULL, '2018-09-23 09:26:39', '2019-06-12 02:24:14', 1, '1'),
(146, NULL, 'panci set niko', '315000.00', '335000.00', '325000.00', NULL, '2018-09-23 09:27:59', '2018-09-23 09:27:59', 1, '1'),
(147, NULL, 'mangkok jago', '70000.00', '85000.00', '80000.00', NULL, '2018-09-23 09:28:50', '2018-09-23 09:28:50', 1, '1'),
(148, NULL, 'pembersih jamur', '18000.00', '25000.00', '20000.00', NULL, '2018-09-23 09:30:37', '2018-09-23 09:30:37', 1, '1'),
(149, NULL, 'pembersih jamur', '18000.00', '25000.00', '20000.00', NULL, '2018-09-23 09:30:38', '2018-09-23 09:30:38', 1, '1'),
(150, NULL, 'dompet mini', '22000.00', '30000.00', '25000.00', NULL, '2018-09-23 09:32:23', '2018-09-23 09:32:23', 1, '1'),
(151, NULL, 'tikar tanpa sambungan', '100000.00', '115000.00', '110000.00', NULL, '2018-09-23 09:34:10', '2018-09-23 09:34:10', 1, '1'),
(152, NULL, 'setrika maspion ex1000', '90000.00', '110000.00', '100000.00', NULL, '2018-09-23 09:50:10', '2018-09-23 09:50:10', 1, '1'),
(153, NULL, 'keset karakter', '17000.00', '25000.00', '20000.00', NULL, '2018-09-23 09:50:56', '2019-06-12 02:22:24', 1, '1'),
(154, NULL, 'batu bakar', '25000.00', '35000.00', '30000.00', NULL, '2018-09-23 11:22:15', '2019-06-12 02:22:11', 1, '1'),
(156, NULL, 'teko beranak', '45000.00', '55000.00', '50000.00', NULL, '2018-09-26 02:20:28', '2019-06-12 02:21:49', 1, '1'),
(157, NULL, 'penyedot komedo', '100000.00', '120000.00', '110000.00', NULL, '2018-09-26 02:20:54', '2019-06-12 02:21:34', 1, '1'),
(158, NULL, 'kasur rasfur', '290000.00', '310000.00', '300000.00', NULL, '2018-09-26 02:22:38', '2018-09-26 02:22:38', 1, '1'),
(159, NULL, 'kemoceng cendol', '18000.00', '25000.00', '21000.00', NULL, '2018-09-26 02:49:50', '2019-06-12 02:21:15', 1, '1'),
(160, NULL, 'blender trisonik', '115000.00', '135000.00', '128000.00', NULL, '2018-09-26 02:58:17', '2019-06-12 02:20:47', 1, '0');

-- --------------------------------------------------------

--
-- Struktur dari tabel `barang_history`
--

CREATE TABLE `barang_history` (
  `id_history` int(11) NOT NULL,
  `id_barang` int(11) NOT NULL,
  `kode` varchar(100) COLLATE utf8_unicode_ci DEFAULT NULL,
  `nama` varchar(255) COLLATE utf8_unicode_ci NOT NULL,
  `harga_beli` decimal(12,2) NOT NULL,
  `harga_umum` decimal(12,2) NOT NULL,
  `harga_reseller` decimal(12,2) DEFAULT NULL,
  `deskripsi` text COLLATE utf8_unicode_ci DEFAULT NULL,
  `catatan` varchar(255) COLLATE utf8_unicode_ci DEFAULT NULL,
  `created_time` datetime NOT NULL DEFAULT current_timestamp(),
  `last_modified_time` datetime NOT NULL DEFAULT current_timestamp(),
  `last_modified_user` int(11) NOT NULL DEFAULT 1,
  `is_active` enum('0','1') COLLATE utf8_unicode_ci NOT NULL DEFAULT '1'
) ENGINE=InnoDB DEFAULT CHARSET=utf8 COLLATE=utf8_unicode_ci;

--
-- Dumping data untuk tabel `barang_history`
--

INSERT INTO `barang_history` (`id_history`, `id_barang`, `kode`, `nama`, `harga_beli`, `harga_umum`, `harga_reseller`, `deskripsi`, `catatan`, `created_time`, `last_modified_time`, `last_modified_user`, `is_active`) VALUES
(1, 1, 'SDK', 'Sendok Set Kecil', '0.00', '0.00', NULL, 'Merk Hitachi', 'hapus', '2018-08-17 05:51:02', '2018-08-17 05:51:02', 1, '1'),
(2, 5, 'ad03', 'cetakan pukis 13 lubang', '105000.00', '120000.00', '115000.00', 'merk happycal', '', '2018-08-31 07:41:22', '2018-08-31 07:41:22', 1, '1'),
(3, 24, 'ad20', 'blender miyako isi 2', '255000.00', '270000.00', '265000.00', 'bahan gelas', 'hapus', '2018-08-31 08:04:48', '2018-08-31 08:04:48', 1, '1'),
(4, 24, 'ad20', 'blender miyako isi 2', '255000.00', '270000.00', '265000.00', 'bahan gelas', 'hapus', '2018-08-31 08:04:48', '2018-08-31 08:05:00', 1, '0'),
(5, 3, 'ad01', 'cetakan kue 8 datar', '105000.00', '120000.00', '115000.00', 'merk happycall', 'hapus', '2018-08-31 07:39:00', '2018-08-31 07:39:00', 1, '1'),
(6, 2, 'ad01', 'cetakan kue 8 datar', '105000.00', '120000.00', '115000.00', 'merk happycall', 'hapus', '2018-08-31 07:38:59', '2018-08-31 07:38:59', 1, '1'),
(7, 3, 'ad01', 'cetakan kue 8 datar', '105000.00', '120000.00', '115000.00', 'merk happycall', NULL, '2018-08-31 07:39:00', '2018-08-31 08:05:37', 1, '0'),
(8, 59, NULL, 'fancy grill', '75000.00', '80000.00', '75000.00', 'panggangan', 'hapus', '2018-09-03 03:10:19', '2018-09-03 03:10:19', 1, '1'),
(9, 58, NULL, 'fancy grill', '75000.00', '80000.00', '75000.00', 'panggangan', '', '2018-09-03 03:10:18', '2018-09-03 03:10:18', 1, '1'),
(10, 30, 'ad25', 'multi fryer', '115000.00', '130000.00', '120000.00', 'maspion', '', '2018-08-31 08:18:21', '2018-08-31 08:18:21', 1, '1'),
(11, 131, NULL, 'cetakan lontonh', '40000.00', '55000.00', '48000.00', NULL, '', '2018-09-17 22:41:10', '2018-09-17 22:41:10', 1, '1'),
(12, 129, NULL, 'rak sepayu balloon', '102000.00', '120000.00', '115000.00', NULL, '', '2018-09-17 22:39:46', '2018-09-17 22:39:46', 1, '1'),
(13, 132, NULL, 'tikar lipat', '750004.00', '85000.00', '80000.00', NULL, '', '2018-09-17 22:41:52', '2018-09-17 22:41:52', 1, '1'),
(14, 65, NULL, 'teko set golden sunkist', '55000.00', '75000.00', '65000.00', 'atom', '', '2018-09-03 03:18:54', '2018-09-03 03:18:54', 1, '1'),
(15, 66, NULL, 'serut jagung', '14000.00', '20000.00', '17000.00', 'sedang', '', '2018-09-03 03:25:34', '2018-09-03 03:25:34', 1, '1'),
(16, 98, NULL, 'stock pot saito', '280000.00', '300000.00', '290000.00', NULL, '', '2018-09-07 05:50:52', '2018-09-07 05:50:52', 1, '1'),
(17, 34, 'ad013', 'happycall jumbo 32cm', '185000.00', '210000.00', '200000.00', 'diameter 32cm', '', '2018-08-31 11:16:29', '2018-08-31 11:16:29', 1, '1'),
(18, 60, NULL, 'magicom turbo ', '285000.00', '305000.00', '295000.00', 'philips', '', '2018-09-03 03:11:01', '2018-09-03 03:11:01', 1, '1'),
(19, 61, NULL, 'magicom miyako', '250000.00', '270000.00', '260000.00', 'kapasitas 1,8liter', '', '2018-09-03 03:11:38', '2018-09-03 03:11:38', 1, '1'),
(20, 55, NULL, 'setrika maspion type Ha110', '118000.00', '130000.00', '125000.00', 'stainless', '', '2018-09-03 03:08:08', '2018-09-03 03:08:08', 1, '1'),
(21, 4, 'ad02', 'cetakan 19 cekung', '105000.00', '120000.00', '115000.00', 'merk happycall', 'insert', '2018-08-31 07:40:14', '2018-08-31 07:40:14', 1, '1'),
(22, 6, 'ad04', 'cetakan pukis 10 lubang', '105000.00', '120000.00', '115000.00', 'merk happycall', 'insert', '2018-08-31 07:42:22', '2018-08-31 07:42:22', 1, '1'),
(23, 7, 'ad05', 'cetakan kue cubit 24 lubang ', '105000.00', '120000.00', '115000.00', 'merk happycall', 'insert', '2018-08-31 07:44:22', '2018-08-31 07:44:22', 1, '1'),
(24, 8, 'ad06', 'cetakan 7 cekung', '105000.00', '120000.00', '115000.00', 'merk happycall', 'insert', '2018-08-31 07:45:46', '2018-08-31 07:45:46', 1, '1'),
(25, 9, 'ad07', 'cetakan 12 cekung', '105000.00', '120000.00', '115000.00', 'merk happycall', 'insert', '2018-08-31 07:46:39', '2018-08-31 07:46:39', 1, '1'),
(26, 10, 'ad08', 'cetakan 4 cekung ', '105000.00', '120000.00', '115000.00', 'merk\r\nhappycall', 'insert', '2018-08-31 07:49:09', '2018-08-31 07:49:09', 1, '1'),
(27, 11, 'ad09', 'cetakan 12 motif', '105000.00', '120000.00', '115000.00', 'merk happycall', 'insert', '2018-08-31 07:49:53', '2018-08-31 07:49:53', 1, '1'),
(28, 12, 'ad10', 'cetakan 12 datar', '110000.00', '120000.00', '115000.00', 'merk happycall', 'insert', '2018-08-31 07:51:07', '2018-08-31 07:51:07', 1, '1'),
(29, 13, 'ad11', 'cetakan 7 datar', '105000.00', '120000.00', '115000.00', 'merk happycall', 'insert', '2018-08-31 07:51:59', '2018-08-31 07:51:59', 1, '1'),
(30, 14, 'ad12', 'cetakan donat', '105000.00', '120000.00', '115000.00', 'merk happycall', 'insert', '2018-08-31 07:52:42', '2018-08-31 07:52:42', 1, '1'),
(31, 15, 'ad14', 'cetakan 15 cekung', '105000.00', '120000.00', '115000.00', 'merk happycall', 'insert', '2018-08-31 07:53:46', '2018-08-31 07:53:46', 1, '1'),
(32, 16, 'ad15', 'Set pastela maspion', '44000.00', '55000.00', '50000.00', 'diameter 14 & 20cm', 'insert', '2018-08-31 07:55:10', '2018-08-31 07:55:10', 1, '1'),
(33, 17, 'ad16', 'frypan set maspion', '42000.00', '50000.00', '47000.00', 'diameter 19&23cm', 'insert', '2018-08-31 07:56:30', '2018-08-31 07:56:30', 1, '1'),
(34, 20, 'ad17', 'panci set high pot ', '215000.00', '245000.00', '235000.00', 'ukuran diameter 24,22,20,18,16cm', 'insert', '2018-08-31 07:58:01', '2018-08-31 07:58:01', 1, '1'),
(35, 21, 'ad18', 'baking pan', '225000.00', '250000.00', '240000.00', 'cetakan bolu', 'insert', '2018-08-31 07:59:04', '2018-08-31 07:59:04', 1, '1'),
(36, 22, 'ad19', 'pisau set hitam', '55000.00', '70000.00', '65000.00', 'pisau set + talenan', 'insert', '2018-08-31 08:00:14', '2018-08-31 08:00:14', 1, '1'),
(37, 23, 'ad20', 'blender miyako isi 2', '255000.00', '270000.00', '265000.00', 'bahan gelas', 'insert', '2018-08-31 08:04:42', '2018-08-31 08:04:42', 1, '1'),
(38, 25, 'ad01', 'cetakan 8 datar', '105000.00', '120000.00', '115000.00', 'merk happycall', 'insert', '2018-08-31 08:10:18', '2018-08-31 08:10:18', 1, '1'),
(39, 26, 'ad21', 'teko siul regoletto', '63000.00', '75000.00', '70000.00', 'maspion 3 liter', 'insert', '2018-08-31 08:12:15', '2018-08-31 08:12:15', 1, '1'),
(40, 27, 'ad22', 'panci set happycall 12 pieces', '300000.00', '330000.00', '320000.00', 'isi 12pcs', 'insert', '2018-08-31 08:14:59', '2018-08-31 08:14:59', 1, '1'),
(41, 28, 'ad23', 'mixing bowl ', '60000.00', '70000.00', '65000.00', 'diameter 18,16,14,12,10cm', 'insert', '2018-08-31 08:16:15', '2018-08-31 08:16:15', 1, '1'),
(42, 29, 'ad24', 'gilingan daging', '90000.00', '100000.00', '95000.00', 'portable', 'insert', '2018-08-31 08:17:07', '2018-08-31 08:17:07', 1, '1'),
(43, 31, 'ad26', 'chaffing dish', '150000.00', '180000.00', '170000.00', 'prasmanan kotak + pemanas', 'insert', '2018-08-31 08:19:37', '2018-08-31 08:19:37', 1, '1'),
(44, 32, 'ad27', 'Presto happycall gen 2', '175000.00', '205000.00', '195000.00', 'kapasitas 8liter', 'insert', '2018-08-31 11:04:58', '2018-08-31 11:04:58', 1, '1'),
(45, 33, 'ad28', 'Presto happycall gen 1', '170000.00', '200000.00', '190000.00', 'kapasitas8liter', 'insert', '2018-08-31 11:08:12', '2018-08-31 11:08:12', 1, '1'),
(46, 35, 'ad29', 'Wajan moegen', '165000.00', '190000.00', '180000.00', 'dimaeter 30cm', 'insert', '2018-08-31 22:04:11', '2018-08-31 22:04:11', 1, '1'),
(47, 36, 'ptb01', 'rak baju 3d sekat 3', '170000.00', '190000.00', '180000.00', 'ukuran 105*45*165cm', 'insert', '2018-09-01 14:34:36', '2018-09-01 14:34:36', 1, '1'),
(48, 37, 'ptb02', 'rak baju super jumbo', '230000.00', '260000.00', '250000.00', '168*45*170cm', 'insert', '2018-09-01 14:35:53', '2018-09-01 14:35:53', 1, '1'),
(49, 38, 'ptb03', 'rak sepatu polos', '105000.00', '120000.00', '115000.00', '60*30*160cm', 'insert', '2018-09-01 14:44:12', '2018-09-01 14:44:12', 1, '1'),
(50, 39, 'ptb04', 'rak sepatu 3d', '110000.00', '125000.00', '120000.00', '60*30*160cm', 'insert', '2018-09-01 14:46:02', '2018-09-01 14:46:02', 1, '1'),
(51, 40, 'ptb05', 'rak buku single', '85000.00', '100000.00', '93000.00', 'portable 5 susun', 'insert', '2018-09-01 14:48:39', '2018-09-01 14:48:39', 1, '1'),
(52, 41, NULL, 'tirai benang', '14000.00', '18000.00', '16000.00', '1*2meter', 'insert', '2018-09-01 14:50:07', '2018-09-01 14:50:07', 1, '1'),
(53, 42, NULL, 'my bottle', '14000.00', '18000.00', '16000.00', '500ml', 'insert', '2018-09-01 14:50:53', '2018-09-01 14:50:53', 1, '1'),
(54, 43, NULL, 'tali jemuran', '7000.00', '12000.00', '9000.00', 'panjang 5 meter', 'insert', '2018-09-01 14:52:14', '2018-09-01 14:52:14', 1, '1'),
(55, 44, NULL, 'multi grill', '185000.00', '210000.00', '200000.00', 'panggangan', 'insert', '2018-09-01 14:53:53', '2018-09-01 14:53:53', 1, '1'),
(56, 46, NULL, 'keset cendol ', '18000.00', '25000.00', '21000.00', '40*50cm', 'insert', '2018-09-01 14:56:39', '2018-09-01 14:56:39', 1, '1'),
(57, 47, NULL, 'rak kosmetik gantung', '27000.00', '35000.00', '30000.00', 'rak gantung', 'insert', '2018-09-01 14:58:31', '2018-09-01 14:58:31', 1, '1'),
(58, 48, NULL, 'pena ukir ', '14000.00', '18000.00', '16000.00', 'alat ukir', 'insert', '2018-09-01 14:59:11', '2018-09-01 14:59:11', 1, '1'),
(59, 49, NULL, 'presto hc 4liter', '115000.00', '135000.00', '130000.00', '4liter', 'insert', '2018-09-01 15:26:26', '2018-09-01 15:26:26', 1, '1'),
(60, 50, NULL, 'termos karakter', '29000.00', '33000.00', '32000.00', 'promo', 'insert', '2018-09-02 10:57:56', '2018-09-02 10:57:56', 1, '1'),
(61, 51, NULL, 'sisir kutu', '6500.00', '9000.00', '8000.00', 'stainless', 'insert', '2018-09-02 10:59:02', '2018-09-02 10:59:02', 1, '1'),
(62, 52, NULL, 'rak set gantung', '85000.00', '100000.00', '95000.00', 'isi 3', 'insert', '2018-09-02 11:00:22', '2018-09-02 11:00:22', 1, '1'),
(63, 53, NULL, 'kuas hello kitty', '28000.00', '35000.00', '32000.00', 'kuas kosmetik', 'insert', '2018-09-02 11:01:51', '2018-09-02 11:01:51', 1, '1'),
(64, 54, NULL, 'penjepit sprei', '8000.00', '12000.00', '10000.00', 'isi 4', 'insert', '2018-09-02 11:04:34', '2018-09-02 11:04:34', 1, '1'),
(65, 56, NULL, 'spin mop ', '135000.00', '155000.00', '145000.00', 'alat pel', 'insert', '2018-09-03 03:08:56', '2018-09-03 03:08:56', 1, '1'),
(66, 57, NULL, 'blender philips', '590000.00', '620000.00', '600000.00', 'gelas', 'insert', '2018-09-03 03:09:44', '2018-09-03 03:09:44', 1, '1'),
(67, 62, NULL, 'kompor winn kaca', '470000.00', '490000.00', '480000.00', 'kaca', 'insert', '2018-09-03 03:12:15', '2018-09-03 03:12:15', 1, '1'),
(68, 63, NULL, 'kompor winn kaca', '470000.00', '490000.00', '480000.00', 'kaca', 'insert', '2018-09-03 03:12:15', '2018-09-03 03:12:15', 1, '1'),
(69, 64, NULL, 'magicom yong ma', '530000.00', '550000.00', '540000.00', '2liter', 'insert', '2018-09-03 03:13:34', '2018-09-03 03:13:34', 1, '1'),
(70, 67, NULL, 'manicure karakter', '20000.00', '27000.00', '23000.00', NULL, 'insert', '2018-09-03 03:44:50', '2018-09-03 03:44:50', 1, '1'),
(71, 68, NULL, 'timbangan dapur ', '38000.00', '50000.00', '45000.00', 'max 10kg', 'insert', '2018-09-03 14:48:31', '2018-09-03 14:48:31', 1, '1'),
(72, 69, NULL, 'pembersih sisik ikan', '6000.00', '10000.00', '8000.00', 'gen 1', 'insert', '2018-09-03 14:50:54', '2018-09-03 14:50:54', 1, '1'),
(73, 70, NULL, 'pengasah pisau', '19000.00', '25000.00', '22000.00', NULL, 'insert', '2018-09-03 14:51:37', '2018-09-03 14:51:37', 1, '1'),
(74, 71, NULL, 'super tummy', '50000.00', '65000.00', '55000.00', NULL, 'insert', '2018-09-03 15:01:09', '2018-09-03 15:01:09', 1, '1'),
(75, 72, NULL, 'tongsis', '14000.00', '20000.00', '17000.00', NULL, 'insert', '2018-09-03 15:01:44', '2018-09-03 15:01:44', 1, '1'),
(76, 73, NULL, 'timbangan badan kaca', '100000.00', '120000.00', '113000.00', 'berat max 180kg', 'insert', '2018-09-03 15:05:18', '2018-09-03 15:05:18', 1, '1'),
(77, 74, NULL, 'irisan brambang', '21000.00', '30000.00', '25000.00', NULL, 'insert', '2018-09-03 15:06:38', '2018-09-03 15:06:38', 1, '1'),
(78, 75, NULL, 'royal multi baking pan', '180000.00', '200000.00', '195000.00', NULL, 'insert', '2018-09-03 15:07:18', '2018-09-03 15:07:18', 1, '1'),
(79, 76, NULL, 'cetakan 7 variasi', '105000.00', '120000.00', '115000.00', NULL, 'insert', '2018-09-03 15:08:17', '2018-09-03 15:08:17', 1, '1'),
(80, 77, NULL, 'fancy grill happycall', '42000.00', '60000.00', '50000.00', NULL, 'insert', '2018-09-03 15:09:06', '2018-09-03 15:09:06', 1, '1'),
(81, 78, NULL, 'kotak prasmanan', '42000.00', '55000.00', '50000.00', NULL, 'insert', '2018-09-03 15:15:13', '2018-09-03 15:15:13', 1, '1'),
(82, 79, NULL, 'bowl prasmanan', '72000.00', '88000.00', '80000.00', NULL, 'insert', '2018-09-03 15:15:55', '2018-09-03 15:15:55', 1, '1'),
(83, 80, NULL, 'set golden sunkist', '140000.00', '170000.00', '160000.00', NULL, 'insert', '2018-09-03 15:16:46', '2018-09-03 15:16:46', 1, '1'),
(84, 81, NULL, 'mini cutter', '68000.00', '80000.00', '76000.00', NULL, 'insert', '2018-09-03 15:17:26', '2018-09-03 15:17:26', 1, '1'),
(85, 82, NULL, 'mini cutter', '68000.00', '80000.00', '76000.00', NULL, 'insert', '2018-09-03 15:17:27', '2018-09-03 15:17:27', 1, '1'),
(86, 83, NULL, 'mixer duduk niko', '110000.00', '130000.00', '120000.00', NULL, 'insert', '2018-09-03 15:20:25', '2018-09-03 15:20:25', 1, '1'),
(87, 84, NULL, 'dispenser odol', '20000.00', '28000.00', '23000.00', NULL, 'insert', '2018-09-03 15:36:30', '2018-09-03 15:36:30', 1, '1'),
(88, 85, NULL, 'rak sudut', '25000.00', '38000.00', '32000.00', NULL, 'insert', '2018-09-03 15:54:26', '2018-09-03 15:54:26', 1, '1'),
(89, 86, NULL, 'lego', '75000.00', '90000.00', '80000.00', NULL, 'insert', '2018-09-03 16:16:36', '2018-09-03 16:16:36', 1, '1'),
(90, 87, NULL, 'teflon mini karakter', '12000.00', '17000.00', '15000.00', NULL, 'insert', '2018-09-04 13:20:18', '2018-09-04 13:20:18', 1, '1'),
(91, 88, NULL, 'rak tas gantung', '38000.00', '50000.00', '42000.00', NULL, 'insert', '2018-09-04 13:21:20', '2018-09-04 13:21:20', 1, '1'),
(92, 89, NULL, 'rak sepatu gantung', '30000.00', '40000.00', '35000.00', NULL, 'insert', '2018-09-04 13:21:55', '2018-09-04 13:21:55', 1, '1'),
(93, 90, NULL, 'obat jamur', '18000.00', '25000.00', '20000.00', 'cairan', 'insert', '2018-09-04 14:08:17', '2018-09-04 14:08:17', 1, '1'),
(94, 91, NULL, 'pisau set supra', '55000.00', '75000.00', '65000.00', NULL, 'insert', '2018-09-04 14:09:20', '2018-09-04 14:09:20', 1, '1'),
(95, 92, NULL, 'wondermop', '120000.00', '135000.00', '130000.00', NULL, 'insert', '2018-09-04 14:10:33', '2018-09-04 14:10:33', 1, '1'),
(96, 93, NULL, 'kasur mobil', '260000.00', '280000.00', '270000.00', NULL, 'insert', '2018-09-04 14:11:36', '2018-09-04 14:11:36', 1, '1'),
(97, 94, NULL, 'teflon maxim 24cm', '80000.00', '95000.00', '85000.00', NULL, 'insert', '2018-09-04 14:15:38', '2018-09-04 14:15:38', 1, '1'),
(98, 95, NULL, 'cetakan es holden sunkist', '12000.00', '18000.00', '15000.00', NULL, 'insert', '2018-09-04 14:58:28', '2018-09-04 14:58:28', 1, '1'),
(99, 96, NULL, 'set alat jahit', '20000.00', '25000.00', '23000.00', NULL, 'insert', '2018-09-05 05:02:20', '2018-09-05 05:02:20', 1, '1'),
(100, 97, NULL, 'kompor rinnai stainless', '305000.00', '325000.00', '315000.00', NULL, 'insert', '2018-09-06 12:25:13', '2018-09-06 12:25:13', 1, '1'),
(101, 99, NULL, 'rak baju small', '115000.00', '135000.00', '125000.00', NULL, 'insert', '2018-09-07 05:51:56', '2018-09-07 05:51:56', 1, '1'),
(102, 100, NULL, 'rak baju jumbo', '195000.00', '220000.00', '210000.00', NULL, 'insert', '2018-09-07 05:52:22', '2018-09-07 05:52:22', 1, '1'),
(103, 101, NULL, 'sealer Q2 20cm', '115000.00', '135000.00', '130000.00', NULL, 'insert', '2018-09-07 05:53:25', '2018-09-07 05:53:25', 1, '1'),
(104, 102, NULL, 'mixer duduk miyako', '235000.00', '250000.00', '245000.00', NULL, 'insert', '2018-09-07 05:53:57', '2018-09-07 05:53:57', 1, '1'),
(105, 103, NULL, 'mesin jahit', '110000.00', '135000.00', '122000.00', NULL, 'insert', '2018-09-07 06:01:55', '2018-09-07 06:01:55', 1, '1'),
(106, 104, NULL, 'tirai anti nyamuk', '14000.00', '18000.00', '16000.00', NULL, 'insert', '2018-09-07 06:02:42', '2018-09-07 06:02:42', 1, '1'),
(107, 105, NULL, 'tas selempang pria', '50000.00', '65000.00', '60000.00', NULL, 'insert', '2018-09-07 06:09:55', '2018-09-07 06:09:55', 1, '1'),
(108, 106, NULL, 'supra gill', '90000.00', '110000.00', '100000.00', NULL, 'insert', '2018-09-07 06:42:45', '2018-09-07 06:42:45', 1, '1'),
(109, 107, NULL, 'rak sepatu amazing', '65000.00', '80000.00', '75000.00', NULL, 'insert', '2018-09-07 06:44:03', '2018-09-07 06:44:03', 1, '1'),
(110, 108, NULL, 'lampu jamur', '10000.00', '15000.00', '13000.00', NULL, 'insert', '2018-09-07 06:45:25', '2018-09-07 06:45:25', 1, '1'),
(111, 109, NULL, 'serut es', '90000.00', '110000.00', '100000.00', NULL, 'insert', '2018-09-07 06:46:19', '2018-09-07 06:46:19', 1, '1'),
(112, 110, NULL, 'tirai magnet', '27000.00', '35000.00', '30000.00', NULL, 'insert', '2018-09-07 22:37:50', '2018-09-07 22:37:50', 1, '1'),
(113, 111, NULL, 'keranjang baju kotor', '14000.00', '18000.00', '16000.00', NULL, 'insert', '2018-09-07 22:38:48', '2018-09-07 22:38:48', 1, '1'),
(114, 112, NULL, 'dompet heels', '50000.00', '65000.00', '60000.00', NULL, 'insert', '2018-09-07 22:39:29', '2018-09-07 22:39:29', 1, '1'),
(115, 113, NULL, 'black auto car', '26000.00', '35000.00', '30000.00', NULL, 'insert', '2018-09-07 22:40:17', '2018-09-07 22:40:17', 1, '1'),
(116, 114, NULL, 'rak piring', '95000.00', '110000.00', '105000.00', NULL, 'insert', '2018-09-07 22:41:52', '2018-09-07 22:41:52', 1, '1'),
(117, 115, NULL, 'hanging jewelry', '14000.00', '20000.00', '17000.00', NULL, 'insert', '2018-09-07 22:43:07', '2018-09-07 22:43:07', 1, '1'),
(118, 116, NULL, 'pena ukir 2 mata pena', '17500.00', '23000.00', '20000.00', NULL, 'insert', '2018-09-07 22:44:02', '2018-09-07 22:44:02', 1, '1'),
(119, 117, NULL, 'gilingan pastel', '130000.00', '150000.00', '145000.00', NULL, 'insert', '2018-09-07 23:07:27', '2018-09-07 23:07:27', 1, '1'),
(120, 118, NULL, 'dispenser sabun single', '30000.00', '40000.00', '35000.00', NULL, 'insert', '2018-09-10 03:09:17', '2018-09-10 03:09:17', 1, '1'),
(121, 119, NULL, 'dispenser sabun double', '45000.00', '0.00', '50000.00', NULL, 'insert', '2018-09-10 03:09:48', '2018-09-10 03:09:48', 1, '1'),
(122, 120, NULL, 'korean underware', '17000.00', '22000.00', '20000.00', NULL, 'insert', '2018-09-10 03:10:45', '2018-09-10 03:10:45', 1, '1'),
(123, 121, NULL, 'ear pick', '3000.00', '5000.00', '4000.00', NULL, 'insert', '2018-09-10 03:11:22', '2018-09-10 03:11:22', 1, '1'),
(124, 122, NULL, 'pasir kinetik', '115000.00', '130000.00', '125000.00', NULL, 'insert', '2018-09-10 03:12:09', '2018-09-10 03:12:09', 1, '1'),
(125, 123, NULL, 'rak baju 3d sekat 3', '150000.00', '175000.00', '165000.00', NULL, 'insert', '2018-09-10 03:14:15', '2018-09-10 03:14:15', 1, '1'),
(126, 124, NULL, 'pembesar layar hp', '14000.00', '18000.00', '17000.00', NULL, 'insert', '2018-09-17 22:36:08', '2018-09-17 22:36:08', 1, '1'),
(127, 125, NULL, 'lentera tarik', '31000.00', '40000.00', '36000.00', NULL, 'insert', '2018-09-17 22:36:53', '2018-09-17 22:36:53', 1, '1'),
(128, 126, NULL, 'rak buku 3 sisi', '160000.00', '180000.00', '175000.00', NULL, 'insert', '2018-09-17 22:37:33', '2018-09-17 22:37:33', 1, '1'),
(129, 127, NULL, 'meat grinder', '38000.00', '50000.00', '45000.00', NULL, 'insert', '2018-09-17 22:38:23', '2018-09-17 22:38:23', 1, '1'),
(130, 128, NULL, 'kelambu gantung', '30000.00', '35000.00', '35000.00', NULL, 'insert', '2018-09-17 22:39:06', '2018-09-17 22:39:06', 1, '1'),
(131, 130, NULL, 'jogging triemer', '35000.00', '48000.00', '42000.00', NULL, 'insert', '2018-09-17 22:40:40', '2018-09-17 22:40:40', 1, '1'),
(132, 133, NULL, 'better beater', '35000.00', '50000.00', '42000.00', NULL, 'insert', '2018-09-17 22:52:34', '2018-09-17 22:52:34', 1, '1'),
(133, 135, NULL, 'lampu tarik ', '32000.00', '45000.00', '38000.00', NULL, 'insert', '2018-09-18 06:41:48', '2018-09-18 06:41:48', 1, '1'),
(134, 136, NULL, 'timbangan dapur + mangkok', '72000.00', '85000.00', '80000.00', NULL, 'insert', '2018-09-18 06:42:24', '2018-09-18 06:42:24', 1, '1'),
(135, 137, NULL, 'tirai magnet versi new', '25000.00', '35000.00', '28000.00', NULL, 'insert', '2018-09-18 06:43:12', '2018-09-18 06:43:12', 1, '1'),
(136, 138, NULL, 'cetakan happycall', '105000.00', '120000.00', '115000.00', NULL, 'insert', '2018-09-23 08:30:51', '2018-09-23 08:30:51', 1, '1'),
(137, 139, NULL, 'mixer miyako', '153000.00', '170000.00', '160000.00', NULL, 'insert', '2018-09-23 09:22:25', '2018-09-23 09:22:25', 1, '1'),
(138, 140, NULL, 'wondermop', '123000.00', '135000.00', '130000.00', NULL, 'insert', '2018-09-23 09:23:06', '2018-09-23 09:23:06', 1, '1'),
(139, 141, NULL, 'lepek cangkir', '63000.00', '75000.00', '70000.00', NULL, 'insert', '2018-09-23 09:24:05', '2018-09-23 09:24:05', 1, '1'),
(140, 142, NULL, 'mangkok', '78000.00', '90000.00', '85000.00', NULL, 'insert', '2018-09-23 09:24:39', '2018-09-23 09:24:39', 1, '1'),
(141, 143, NULL, 'piring', '73000.00', '85000.00', '80000.00', NULL, 'insert', '2018-09-23 09:25:10', '2018-09-23 09:25:10', 1, '1'),
(142, 144, NULL, 'lampu emergency', '70000.00', '80000.00', '75000.00', NULL, 'insert', '2018-09-23 09:25:49', '2018-09-23 09:25:49', 1, '1'),
(143, 145, NULL, 'setrika miyako', '100000.00', '110000.00', '105000.00', NULL, 'insert', '2018-09-23 09:26:39', '2018-09-23 09:26:39', 1, '1'),
(144, 146, NULL, 'panci set niko', '315000.00', '335000.00', '325000.00', NULL, 'insert', '2018-09-23 09:27:59', '2018-09-23 09:27:59', 1, '1'),
(145, 147, NULL, 'mangkok jago', '70000.00', '85000.00', '80000.00', NULL, 'insert', '2018-09-23 09:28:50', '2018-09-23 09:28:50', 1, '1'),
(146, 148, NULL, 'pembersih jamur', '18000.00', '25000.00', '20000.00', NULL, 'insert', '2018-09-23 09:30:37', '2018-09-23 09:30:37', 1, '1'),
(147, 149, NULL, 'pembersih jamur', '18000.00', '25000.00', '20000.00', NULL, 'insert', '2018-09-23 09:30:38', '2018-09-23 09:30:38', 1, '1'),
(148, 150, NULL, 'dompet mini', '22000.00', '30000.00', '25000.00', NULL, 'insert', '2018-09-23 09:32:23', '2018-09-23 09:32:23', 1, '1'),
(149, 151, NULL, 'tikar tanpa sambungan', '100000.00', '115000.00', '110000.00', NULL, 'insert', '2018-09-23 09:34:10', '2018-09-23 09:34:10', 1, '1'),
(150, 152, NULL, 'setrika maspion ex1000', '90000.00', '110000.00', '100000.00', NULL, 'insert', '2018-09-23 09:50:10', '2018-09-23 09:50:10', 1, '1'),
(151, 153, NULL, 'keset karakter', '17000.00', '25000.00', '20000.00', NULL, 'insert', '2018-09-23 09:50:56', '2018-09-23 09:50:56', 1, '1'),
(152, 154, NULL, 'batu bakar', '25000.00', '35000.00', '30000.00', NULL, 'insert', '2018-09-23 11:22:15', '2018-09-23 11:22:15', 1, '1'),
(153, 156, NULL, 'teko beranak', '45000.00', '55000.00', '50000.00', NULL, 'insert', '2018-09-26 02:20:28', '2018-09-26 02:20:28', 1, '1'),
(154, 157, NULL, 'penyedot komedo', '100000.00', '120000.00', '110000.00', NULL, 'insert', '2018-09-26 02:20:54', '2018-09-26 02:20:54', 1, '1'),
(155, 158, NULL, 'kasur rasfur', '290000.00', '310000.00', '300000.00', NULL, 'insert', '2018-09-26 02:22:38', '2018-09-26 02:22:38', 1, '1'),
(156, 159, NULL, 'kemoceng cendol', '18000.00', '25000.00', '21000.00', NULL, 'insert', '2018-09-26 02:49:50', '2018-09-26 02:49:50', 1, '1'),
(157, 160, NULL, 'blender trisonik', '115000.00', '135000.00', '128000.00', NULL, 'insert', '2018-09-26 02:58:17', '2018-09-26 02:58:17', 1, '1'),
(158, 160, NULL, 'blender trisonik', '115000.00', '135000.00', '128000.00', NULL, 'hapus', '2018-09-26 02:58:17', '2019-06-12 02:20:47', 1, '0'),
(159, 159, NULL, 'kemoceng cendol', '18000.00', '25000.00', '21000.00', NULL, '', '2018-09-26 02:49:50', '2019-06-12 02:21:15', 1, '1'),
(160, 157, NULL, 'penyedot komedo', '100000.00', '120000.00', '110000.00', NULL, '', '2018-09-26 02:20:54', '2019-06-12 02:21:34', 1, '1'),
(161, 154, NULL, 'batu bakar', '25000.00', '35000.00', '30000.00', NULL, '', '2018-09-23 11:22:15', '2019-06-12 02:22:11', 1, '1'),
(162, 153, NULL, 'keset karakter', '17000.00', '25000.00', '20000.00', NULL, '', '2018-09-23 09:50:56', '2019-06-12 02:22:24', 1, '1'),
(163, 145, NULL, 'setrika miyako', '100000.00', '110000.00', '105000.00', NULL, '', '2018-09-23 09:26:39', '2019-06-12 02:24:14', 1, '1');

-- --------------------------------------------------------

--
-- Struktur dari tabel `jenis_ekspedisi`
--

CREATE TABLE `jenis_ekspedisi` (
  `id_jenis` int(11) NOT NULL,
  `nama` varchar(20) COLLATE utf8_unicode_ci NOT NULL,
  `is_active` enum('1','0') COLLATE utf8_unicode_ci NOT NULL DEFAULT '1'
) ENGINE=InnoDB DEFAULT CHARSET=utf8 COLLATE=utf8_unicode_ci;

--
-- Dumping data untuk tabel `jenis_ekspedisi`
--

INSERT INTO `jenis_ekspedisi` (`id_jenis`, `nama`, `is_active`) VALUES
(1, 'Kurir Sendiri', '1'),
(2, 'Ambil di Toko', '1'),
(3, 'J&T Ekspress', '1'),
(4, 'JNE Reguler', '1'),
(5, 'JNE YES', '1'),
(6, 'Pos Indonesia', '1'),
(7, 'Go Send', '1'),
(8, 'Grab Send', '1'),
(9, 'Ekspedisi Lain', '1');

-- --------------------------------------------------------

--
-- Struktur dari tabel `login_group`
--

CREATE TABLE `login_group` (
  `id_group` int(11) NOT NULL,
  `nama_group` varchar(50) COLLATE utf8_unicode_ci NOT NULL,
  `keterangan` varchar(255) COLLATE utf8_unicode_ci NOT NULL,
  `is_active` enum('1','0') COLLATE utf8_unicode_ci NOT NULL DEFAULT '1'
) ENGINE=InnoDB DEFAULT CHARSET=utf8 COLLATE=utf8_unicode_ci;

--
-- Dumping data untuk tabel `login_group`
--

INSERT INTO `login_group` (`id_group`, `nama_group`, `keterangan`, `is_active`) VALUES
(1, 'Super Admin', 'Administrator Sistem Aplikasi', '1');

-- --------------------------------------------------------

--
-- Struktur dari tabel `modul_sistem`
--

CREATE TABLE `modul_sistem` (
  `nama_modul` varchar(50) COLLATE utf8_unicode_ci NOT NULL,
  `keterangan` varchar(255) COLLATE utf8_unicode_ci NOT NULL,
  `is_active` enum('1','0') COLLATE utf8_unicode_ci NOT NULL DEFAULT '1'
) ENGINE=InnoDB DEFAULT CHARSET=utf8 COLLATE=utf8_unicode_ci;

--
-- Dumping data untuk tabel `modul_sistem`
--

INSERT INTO `modul_sistem` (`nama_modul`, `keterangan`, `is_active`) VALUES
('akun', '', '1'),
('backup', '', '1'),
('barang', '', '1'),
('dashboard', '', '1'),
('pegawai', '', '1'),
('pelanggan', '', '1'),
('report', '', '1'),
('report_pembelian', '', '1'),
('report_penjualan', '', '1'),
('supplier', '', '1'),
('trans_pembelian', '', '1'),
('trans_penjualan', '', '1');

-- --------------------------------------------------------

--
-- Struktur dari tabel `pegawai`
--

CREATE TABLE `pegawai` (
  `id_pegawai` int(11) NOT NULL,
  `nama` varchar(255) COLLATE utf8_unicode_ci NOT NULL,
  `jabatan` enum('Kurir','Manajemen','Lain-lain') COLLATE utf8_unicode_ci NOT NULL,
  `alamat` text COLLATE utf8_unicode_ci DEFAULT NULL,
  `no_telp` varchar(255) COLLATE utf8_unicode_ci DEFAULT NULL,
  `keterangan` text COLLATE utf8_unicode_ci DEFAULT NULL,
  `created_time` datetime NOT NULL DEFAULT current_timestamp(),
  `last_modified_time` datetime NOT NULL DEFAULT current_timestamp(),
  `last_modified_user` int(11) NOT NULL DEFAULT 1,
  `is_active` enum('0','1') COLLATE utf8_unicode_ci NOT NULL DEFAULT '1'
) ENGINE=InnoDB DEFAULT CHARSET=utf8 COLLATE=utf8_unicode_ci;

--
-- Dumping data untuk tabel `pegawai`
--

INSERT INTO `pegawai` (`id_pegawai`, `nama`, `jabatan`, `alamat`, `no_telp`, `keterangan`, `created_time`, `last_modified_time`, `last_modified_user`, `is_active`) VALUES
(1, 'General Manager', '', 'Arjosari', '0813 4567 8912', '', '2018-08-17 05:51:06', '2018-08-17 05:51:06', 1, '1');

-- --------------------------------------------------------

--
-- Struktur dari tabel `pelanggan`
--

CREATE TABLE `pelanggan` (
  `id_pelanggan` int(11) NOT NULL,
  `is_reseller` enum('0','1') COLLATE utf8_unicode_ci NOT NULL DEFAULT '0',
  `id_upline` int(11) DEFAULT NULL,
  `nama` varchar(255) COLLATE utf8_unicode_ci NOT NULL,
  `alamat` text COLLATE utf8_unicode_ci DEFAULT NULL,
  `no_telp` varchar(255) COLLATE utf8_unicode_ci DEFAULT NULL,
  `keterangan` text COLLATE utf8_unicode_ci DEFAULT NULL,
  `created_time` datetime NOT NULL DEFAULT current_timestamp(),
  `last_modified_time` datetime NOT NULL DEFAULT current_timestamp(),
  `last_modified_user` int(11) NOT NULL DEFAULT 1,
  `is_active` enum('0','1') COLLATE utf8_unicode_ci NOT NULL DEFAULT '1'
) ENGINE=InnoDB DEFAULT CHARSET=utf8 COLLATE=utf8_unicode_ci;

--
-- Dumping data untuk tabel `pelanggan`
--

INSERT INTO `pelanggan` (`id_pelanggan`, `is_reseller`, `id_upline`, `nama`, `alamat`, `no_telp`, `keterangan`, `created_time`, `last_modified_time`, `last_modified_user`, `is_active`) VALUES
(1, '0', NULL, 'Nur Lailatul C.', 'Arjosari', '0813 4567 8912', '', '2018-08-17 05:52:36', '2018-08-17 05:52:36', 1, '1'),
(2, '1', NULL, 'Mita Anggraini', 'Jl. Marsi Rt 1 Rw2, desa junrejo, kec junrejo, kota batu', '08994290912', 'kode reseller A001', '2018-08-22 05:03:55', '2018-08-22 05:03:55', 1, '1'),
(3, '1', NULL, 'Lailatul Mutmainah', 'jl.krapyak jaya rt 16 rw 04 krebet senggrong bululawang malang', '083835902346', 'kode reseller A003', '2018-08-22 05:09:00', '2018-08-22 05:09:00', 1, '1'),
(4, '1', NULL, 'Lailatul Mutmainah', 'jl.krapyak jaya rt 16 rw 04 krebet senggrong bululawang malang', '083835902346', 'kode reseller A003', '2018-08-22 05:12:05', '2018-08-22 05:13:15', 1, '0'),
(5, '1', NULL, 'Endang Purnamasari', 'ENDANG PURNAMASARI \r\nJALAN BENDUNGAN SELOREJO NO. 01 \r\nRT. 33 RW. 05\r\nDUSUN TEPUS \r\nDESA NGANTRU \r\nKEC. NGANTANG \r\nKAB. MALANG \r\nJAWA TIMUR \r\nTELP. 085335373730', '085335373730', 'kode reseller A004', '2018-08-22 05:14:43', '2018-08-22 05:14:43', 1, '1'),
(6, '1', NULL, 'Eni Kusrini', 'gang anggrek 1 rt 10/03 asrikaton-pakis-kab malang', '083835911499', 'kode reseller A005', '2018-08-22 05:18:04', '2018-08-22 05:18:04', 1, '1'),
(7, '1', NULL, 'Winda', 'Soekarno hatta dr18  Blimbing', '085646704899', 'kode reseller A006', '2018-08-22 05:19:59', '2018-08-22 05:19:59', 1, '1'),
(8, '1', NULL, 'Wiji', 'dsn wonorejo gang 1 rt/rw  05/02  kec poncokusumo kab malang', '085889904719', 'Kode Reseller A007', '2018-08-22 05:21:55', '2018-08-22 05:21:55', 1, '1'),
(9, '1', NULL, 'aini ', ' jln simpang bangsa jatiguwi no 4\r\nRt 25 Rw 06\r\nSmber pucung malang', '085234585240', 'Kode Reseller A008', '2018-08-22 05:24:19', '2018-08-22 05:24:19', 1, '1'),
(10, '1', NULL, 'Pithul Olshop', 'jl. Letj s parman 3A no 21 Mlg ', '081330807305', 'Kode Reseller A009', '2018-08-22 05:26:39', '2018-08-22 05:26:39', 1, '1'),
(11, '1', NULL, 'Sisilia Mada Sari', 'Jl.perum asabri permai 1 talang agung kepanjen blok o no 6....\r\nRt.21 rw.004', '085806500808', 'Kode Reseller A010', '2018-08-22 05:28:37', '2018-08-22 05:28:37', 1, '1'),
(12, '1', NULL, 'Nissa mbakol\'s', 'Jl.teluk bayur rt 8 rw 7\r\nPandanwangi blimbing', '085646441688', 'Kode Reseller  A011', '2018-08-22 05:31:21', '2018-08-22 05:31:21', 1, '1'),
(13, '1', NULL, 'Sugiono', 'Bunut wetan Gg. Langgar panggung masuk ke utara ( samping mebel )', '085103471303', 'Kode Reseller A012', '2018-08-22 05:32:44', '2018-08-22 05:32:44', 1, '1'),
(14, '1', NULL, 'Ela', 'l.a sucipto 356 blkng mushola nurul huda(gang kh umar 2)', '083838005626', 'Kode Reseller A013', '2018-08-22 05:34:50', '2018-08-22 05:34:50', 1, '1'),
(15, '1', NULL, 'Widian Limba', 'perum.bedali indah jln matahari c7 no 1 lawang', '082336463846', 'Kode Reseller A014', '2018-08-22 05:37:04', '2018-08-22 05:37:04', 1, '1'),
(16, '1', NULL, 'Mustofa', 'Desa sumberagung, dusun tanjung, rt 27, rw 03, kec. Sumbermanjing wetan, malang selatan.', '085731225752', 'Kode reseller A015', '2018-08-22 05:38:58', '2018-08-22 05:38:58', 1, '1'),
(17, '0', NULL, 'Mita Anggraini', NULL, NULL, NULL, '2018-08-29 13:59:28', '2018-08-29 14:00:45', 1, '0'),
(18, '1', NULL, 'Bu Ryan / Pak Ryan ', 'jl. dorowati barat rt 004 rw 005 mulyoarjo lawang', '085297394794', 'kode reseller A002', '2018-08-29 14:02:41', '2018-08-29 14:02:41', 1, '1'),
(19, '1', NULL, 'shylla', 'Sembung rt 03 rw 04 Pagergunung, kesamben, blitar', '082331053194', 'kode reseller A016', '2018-08-29 14:06:12', '2018-08-29 14:06:12', 1, '1'),
(20, '1', NULL, 'Nina rizkiyah', 'jl. kh. mustofah no. 108 rt 03 rw 02 kec. sukorejo genenga  glagahsari pasuruan jawa timur 67161', '085852500116', 'kode reseller A017', '2018-08-29 14:08:04', '2018-08-29 14:08:04', 1, '1'),
(21, '1', NULL, 'Samsul Arifin', 'jl. putra agung rt 02/ rw 03 sipring desa pagelaran kec. pagelaran', '085102433106', 'kode reseller A018', '2018-08-29 14:09:40', '2018-08-29 14:09:40', 1, '1'),
(22, '1', NULL, 'Nisful Layli', 'jl. pesantren rt 28 / rw 03 kec. gondanglegi, gondanglegi kulon', '085106123021', 'kode reseller A019', '2018-08-29 14:11:20', '2018-08-29 14:11:20', 1, '1'),
(23, '1', NULL, 'Nurul Ardiana', 'jl. pande rt 27 / rw 09 kasin, ampeldento, pakis', '082257295033', 'kode reseller A020', '2018-08-29 14:12:50', '2018-08-29 14:12:50', 1, '1'),
(24, '1', NULL, 'Siti Maysaroh', 'jl. pesantren rt 28 / rw 03 kec. gondanglegi, gondanglegi kulon', '085100462209', 'kode reseller A021', '2018-08-29 14:14:34', '2018-08-29 14:14:34', 1, '1'),
(25, '1', NULL, 'Titin Isnaini', 'jl. Ali nasrudin no. 48 rt 07 / rw 02 kedungkandang malang', '085889556077', 'kode reseller A022', '2018-08-29 14:16:08', '2018-08-29 14:16:08', 1, '1'),
(26, '1', NULL, 'Bu Irul rosdiana', 'Sumbergondo 2 tegalsari rt 05 / rw 03 no. 63 kec. bumiaji batu', '085755358529', 'kode reseller A023', '2018-08-29 14:18:01', '2018-08-29 14:18:01', 1, '1'),
(27, '1', NULL, 'Irma fitrya ', 'Wajak dusun baran rt 02 / rw 17 utara pasar wajak', '081332459146', 'kode reseller A024', '2018-08-29 14:19:35', '2018-08-29 14:19:35', 1, '1'),
(28, '1', NULL, 'Nanik Yulia', 'l. la sucipto 390 blimbing', '081353332933', 'kode reseller A026', '2018-08-29 14:24:44', '2018-08-29 14:24:44', 1, '1'),
(29, '1', NULL, 'Umi kulsum ', 'Arjowilangun barisan rt 20 / rw 02 kalipare malang', '081216944117', 'kode reseller A026', '2018-08-29 14:26:43', '2018-08-29 14:26:43', 1, '1'),
(30, '1', NULL, 'Susanti', 'jl. s. supriadi IX / 22 rt 007 / rw 004 sukun ', '087859269299', 'kode reseller B001', '2018-08-29 14:29:37', '2018-08-29 14:29:37', 1, '1'),
(31, '1', NULL, 'Sari Nur Rahmawati ', 'jl. wijayakusuma no.45 rt 2 / rw 1 cepokomulyo kepanjen', '082245661404', 'kode reseller A027', '2018-08-29 14:35:28', '2018-08-29 14:35:28', 1, '1'),
(32, '1', NULL, 'Rika ', 'jl. bendungan lahor no. 28 karangkates', '083848881183', 'kode reseller A028', '2018-08-29 14:36:50', '2018-08-29 14:36:50', 1, '1'),
(33, '1', NULL, 'Ernawati', 'Wendit utara rt 03 / rw 08 no. 20.kel. mangliawan pakis', '087757152389', 'kode reseller A029', '2018-08-29 14:39:06', '2018-08-29 14:39:06', 1, '1'),
(34, '1', NULL, 'Siswati Nur Kholifah', 'Sarirejo rt 33 rw 08 sumberputih wajak malang', '082228248566', 'kode reseller A030', '2018-08-29 14:40:55', '2018-08-29 14:40:55', 1, '1'),
(35, '1', NULL, 'Ummu Laila', 'jl. teluk cendrawasih rt 04 / rw 03 arjosari', '085604619535', 'kode reseller A031', '2018-08-29 14:43:46', '2018-08-29 14:43:46', 1, '1'),
(36, '1', NULL, 'Titan', 'jl. lesti utara no. 73 lama rt 6 / rw 3 batu', '082257882392', 'kode reseller A032', '2018-08-31 21:12:33', '2018-08-31 21:12:33', 1, '1'),
(37, '1', NULL, 'Ekha Ivandy ', 'jl. jend. A. yani rt 03 / rw 01 poncokusumo kec. poncokusumo (blok minggu)', '085755526708', 'kode reseller A033', '2018-08-31 21:14:26', '2018-08-31 21:14:26', 1, '1'),
(38, '1', NULL, 'Ririn aningtyas', 'Perum graha saptoraya FA 15  kel. saptoraya kec. pakis 65154', '081336442939', 'kode reseller A 034', '2018-08-31 21:16:22', '2018-08-31 21:16:22', 1, '1'),
(39, '1', NULL, 'Silvi indasari ', 'jl. kalimasada 5 no. 25 rt 05 / rw 06 kel. polehan kec. blimbing', '085791757502', 'A035', '2018-08-31 21:17:57', '2018-08-31 21:17:57', 1, '1'),
(40, '1', NULL, 'Yeni', 'Deda jatiguwi rt 15 / rw 04 kec. sumberpucung Malang', '083834410394', 'kode reseller A036', '2018-08-31 21:19:25', '2018-08-31 21:19:25', 1, '1'),
(41, '1', NULL, 'Tina', 'Perum duta randuagung indah jl. rajawali blok j12 singosari', '087701538840', 'kode reseller A037', '2018-08-31 21:20:57', '2018-08-31 21:20:57', 1, '1'),
(42, '1', NULL, 'Sintia', 'jl. tretes selayan no. 184 ', '08121734425', 'kode reseller A038', '2018-08-31 21:22:11', '2018-08-31 21:22:11', 1, '1'),
(43, '1', NULL, 'Furi', 'jl. parangargo 2 rt 14 / rw 04 dsn. juwet manting wagir', '08560635550', 'kode reseller A039', '2018-08-31 21:23:37', '2018-08-31 21:23:37', 1, '1'),
(44, '1', NULL, 'Anisa nur farida', 'jl. agus salim no. 45 rt 01/ rw 04 batu 65314', '08883319428', 'kode reseller A040', '2018-08-31 21:24:56', '2018-08-31 21:24:56', 1, '1'),
(45, '1', NULL, 'Bu sulistyowati', 'jl. sebuku 4 no. 1 Malang', '08813319428', 'kode reseller A041', '2018-08-31 21:26:11', '2018-08-31 21:26:11', 1, '1'),
(46, '1', NULL, 'Anis', 'Sanhhrahan rt 3 / rw 5 kec. ngrambe kab. ngawi', '085236139321', 'kode reseller A043', '2018-08-31 21:27:30', '2018-08-31 21:27:30', 1, '1'),
(47, '1', NULL, 'Imyati', 'Pakel baturetno rt 2 / rw 3 singosari', '082234591498', 'kode reseller A044', '2018-08-31 21:28:33', '2018-08-31 21:28:33', 1, '1'),
(48, '1', NULL, 'Serly Agustin', 'Asrama yonkes 2/2 kostrad rumdia atas nama budi sulistyono jl. kresna no. 117 ngijo karangploso', '081249666357', 'kode reseller A045', '2018-08-31 21:30:19', '2018-08-31 21:30:19', 1, '1'),
(49, '1', NULL, 'Iphe Fharil ', 'jl. mayjend sungkono rt 003 / rw 006', '085785678331', 'kode reseller A046', '2018-08-31 21:31:33', '2018-08-31 21:31:33', 1, '1'),
(50, '1', NULL, 'Maya Octavi khotimah', 'Asrama pusdik Arhanud perumahan poltekad rt 46 / rw 11 desa pendem kec. junrejo', '081232039213', 'kode reseller A047', '2018-08-31 21:33:11', '2018-08-31 21:33:11', 1, '1'),
(51, '1', NULL, 'Aprilia riyanti', 'peeum citra gading kav. c2 no. 16 kedungkandang Malang', '082229727415', 'kode reseller A048', '2018-08-31 21:34:21', '2018-08-31 21:34:21', 1, '1'),
(52, '1', NULL, 'Olif ', 'jl. abdul majid pakisjajar pakis / perum BMR singosari', '081334147749', 'kode reseller A049', '2018-08-31 21:35:26', '2018-08-31 21:35:26', 1, '1'),
(53, '1', NULL, 'Diya agustina', 'jl. kudangberek rt 32 rw 08 wajak', '081334523282', 'kode reseller A050', '2018-08-31 21:36:38', '2018-08-31 21:36:38', 1, '1'),
(54, '1', NULL, 'Dyah pitaloka ', 'jl. mayjend sungkono gang 6 rt 4 / rw 1', '0895366621774', 'kode reseller A051', '2018-08-31 21:37:45', '2018-08-31 21:37:45', 1, '1'),
(55, '1', NULL, 'Wanti susiana ', 'jl. ampel genitri rt 01 / rw 01 kedungrejo kec. pakis', '085875120862', 'kode reseller A052', '2018-08-31 21:39:11', '2018-08-31 21:39:11', 1, '1'),
(56, '1', NULL, 'Aris widiawati', 'jl. sasando rt 4 / rw 4 no. 182c / bengkel eka jaya', '085704499957', 'kode reseller A053', '2018-08-31 21:40:40', '2018-08-31 21:40:40', 1, '1'),
(57, '1', NULL, 'Anis', 'Tambakrejo / tamban rt 1 / rw 1 kec. sumawe', '082245796256', 'kode reseller A054', '2018-08-31 21:41:50', '2018-08-31 21:41:50', 1, '1'),
(58, '1', NULL, 'Iis maysaroh', 'jl. kalpataru gang VII no. 12 rt 03 / rw 08 lowokwaru', '081252687732', 'kode reseller A055', '2018-08-31 21:43:23', '2018-08-31 21:43:23', 1, '1'),
(59, '1', NULL, 'Imriti', 'Mulyosari rt 32 rw 09 jl. sunan ampel kel. harjokuncaran kec. sumawe', '085204309295', 'kode reseller A056', '2018-08-31 21:44:44', '2018-08-31 21:44:44', 1, '1'),
(60, '1', NULL, 'Siti Zubaidah', 'Tambakasri jl. meduran rt 1 / rw 1 kec. tajinan', '082313250596', 'kode resellerA057', '2018-08-31 21:45:57', '2018-08-31 21:45:57', 1, '1'),
(61, '1', NULL, 'Safitri Andriyani', 'jl. buyut risah ds. kasin ampeldento rt 23 / rw 08 karang ploso', '085257629399', 'kode reseller A058', '2018-08-31 21:47:26', '2018-08-31 21:47:26', 1, '1'),
(62, '1', NULL, 'Agustin sulis setyorini', 'jl. cakalang gang mushola no. 246 polowijen Blimbing', '085755265655', 'kode reseller A059', '2018-08-31 21:48:47', '2018-08-31 21:48:47', 1, '1'),
(63, '1', NULL, 'Bu tanjung / nacuwa', 'Perum griya husada blok A10 / 18 depan tokogrosir sumbersari', '081216665844', 'kode reseller A060', '2018-08-31 21:50:10', '2018-08-31 21:50:10', 1, '1'),
(64, '1', NULL, 'Tanti damaiyanti', 'jl. pande barat ry 28 rw 29 kasin ampeldento karangploso', '083834271733', 'kode reseller A061', '2018-08-31 21:51:46', '2018-08-31 21:51:46', 1, '1'),
(65, '1', NULL, 'Kasandra niagara sulaiman', 'jl. sonotengah no. 01 rt 64 rw 13 kebonagung pakisaji Malang 65161', '082233430217', 'kode reseller A062', '2018-08-31 21:53:21', '2018-08-31 21:53:21', 1, '1'),
(66, '1', NULL, 'Ade candra', 'waturu.puk rt 2 rw 3 sekalaras widodaren Ngawi', '081333159228', 'kode reseller A063', '2018-08-31 21:54:37', '2018-08-31 21:54:37', 1, '1'),
(67, '1', NULL, 'Nur isnaini', 'jl. mayjend sungkono rt 4 rw 1', '082264478819', 'kode reseller A064', '2018-08-31 21:55:30', '2018-08-31 21:55:30', 1, '1'),
(68, '1', NULL, 'Yessy citra m. ', 'jl. teluk pelabuhan ratu 36 A rt 02 rw 03 arjosari', '081234541490', 'kodw resellerA065', '2018-08-31 21:56:50', '2018-08-31 21:56:50', 1, '1'),
(69, '1', NULL, 'Oktavia wulandari', 'Perum griya nagari blok G 11 R02 / rw 16watugede singosari', '081252877456', 'kode reseller A066', '2018-08-31 21:58:26', '2018-08-31 21:58:26', 1, '1'),
(70, '1', NULL, 'Eka dewi anggraini ', 'jl. pahlawan balearjosari rt 6 rw 3', '085233497442', 'kode reseller A067', '2018-08-31 21:59:56', '2018-08-31 21:59:56', 1, '1'),
(71, '1', NULL, 'Nana mariana', 'Perum pondokeindang C178 rt 28 / rw 07 glanggang pakisaji', '082234033510', 'kode reseller A068', '2018-08-31 22:01:13', '2018-08-31 22:01:13', 1, '1'),
(72, '1', NULL, 'Aan nursanti', 'jl. bunga vinolia gang 1 no.20 kec. jatimulyo kec. lowokwaru', '085746860782', 'kode reseller A069', '2018-08-31 22:02:35', '2018-08-31 22:02:35', 1, '1'),
(73, '1', NULL, 'amann ollshop', 'jl. teluk pelabuhan ratu', '083834323858', 'kode reseller C2', '2018-09-01 15:19:17', '2018-09-01 15:19:17', 1, '1'),
(74, '1', NULL, 'Santi', 'mendit', NULL, 'kode reseller A070', '2018-09-01 15:20:39', '2018-09-01 15:20:39', 1, '1'),
(75, '1', NULL, 'Riris', 'jl. teluk pelabuhan ratu', NULL, 'kode reseller A071', '2018-09-01 15:21:21', '2018-09-01 15:21:21', 1, '1'),
(76, '1', NULL, 'Vebby', NULL, NULL, 'baru', '2018-09-01 15:21:57', '2018-09-01 15:21:57', 1, '1'),
(77, '1', NULL, 'BB Shop', 'jl. teluk pelabuhan ratu', '085785423321', 'kode reseller C3', '2018-09-01 15:34:54', '2018-09-01 15:34:54', 1, '1'),
(78, '0', NULL, 'NN', 'poncokusumo', NULL, 'baru', '2018-09-03 03:24:52', '2018-09-03 03:24:52', 1, '1'),
(79, '1', NULL, 'mas budi', 'njedong', NULL, NULL, '2018-09-03 03:26:16', '2018-09-03 03:26:16', 1, '1'),
(80, '1', NULL, 'mbak reny', 'lawang', NULL, NULL, '2018-09-03 03:31:58', '2018-09-03 03:31:58', 1, '1'),
(81, '1', NULL, 'setyo budi', 'polowijen', NULL, NULL, '2018-09-03 15:23:13', '2018-09-03 15:23:13', 1, '1'),
(82, '1', NULL, 'bu istikhomah', NULL, NULL, NULL, '2018-09-03 15:35:45', '2018-09-03 15:35:45', 1, '1'),
(83, '1', NULL, 'Eni Kusrini', 'mbiru, mluwo', NULL, NULL, '2018-09-03 15:49:53', '2018-09-03 15:49:53', 1, '1'),
(84, '1', NULL, 'lisnawati', NULL, NULL, NULL, '2018-09-03 15:56:49', '2018-09-03 15:56:49', 1, '1'),
(85, '1', NULL, 'Nefa / Praka guruh cristian', 'perum rampal', NULL, NULL, '2018-09-04 14:19:22', '2018-09-04 14:19:22', 1, '1'),
(86, '1', NULL, 'Maisaroh', 'watugede', NULL, NULL, '2018-09-04 14:20:08', '2018-09-04 14:20:08', 1, '1'),
(87, '1', NULL, 'Rona', 'kepanjen', NULL, NULL, '2018-09-04 14:20:33', '2018-09-04 14:20:33', 1, '1'),
(88, '1', NULL, 'sofie karlos', 'sofie karlos', NULL, NULL, '2018-09-04 14:59:25', '2018-09-04 14:59:25', 1, '1'),
(89, '1', NULL, 'Rismi handayani', 'dusun rt 4 rw 3 desa njedong kec. wagir', '081939571316', NULL, '2018-09-05 05:04:09', '2018-09-05 05:04:09', 1, '1'),
(90, '0', NULL, 'mbak ika', 'jl raya karanglo no 8 banjararum singosari ( utara warung padang', '081334771896', 'reseller kode B', '2018-09-05 05:58:18', '2018-09-05 05:58:18', 1, '1'),
(91, '1', NULL, 'Retno', 'karanglo', '085749567706', NULL, '2018-09-05 10:42:07', '2018-09-05 10:42:07', 1, '1'),
(92, '1', NULL, 'eka salon', 'jl. la sucipto', '087759748166', NULL, '2018-09-06 06:30:10', '2018-09-06 06:30:10', 1, '1'),
(93, '1', NULL, 'mbak sari', 'arjosari', NULL, NULL, '2018-09-07 05:55:40', '2018-09-07 05:55:40', 1, '1'),
(94, '1', NULL, 'ririn', 'banjararum', NULL, NULL, '2018-09-07 06:30:31', '2018-09-07 06:30:31', 1, '1'),
(95, '1', NULL, 'yanti', 'jl. kapiworo', NULL, NULL, '2018-09-07 07:47:23', '2018-09-07 07:47:23', 1, '1'),
(96, '1', NULL, 'via', 'plaosan', NULL, NULL, '2018-09-07 07:47:41', '2018-09-10 10:30:41', 1, '1'),
(97, '1', NULL, 'fulan', 'singosari', NULL, NULL, '2018-09-23 09:04:35', '2018-09-23 09:04:35', 1, '1'),
(98, '0', NULL, 'bu misnan', 'bulupogog', NULL, NULL, '2018-09-23 09:57:02', '2018-09-23 09:57:02', 1, '1'),
(99, '0', NULL, 'leny', 'bululawang', NULL, NULL, '2018-09-23 10:42:06', '2018-09-23 10:42:06', 1, '1'),
(100, '1', NULL, 'diyah', 'arjosari', NULL, NULL, '2018-09-23 10:45:53', '2018-09-23 10:45:53', 1, '1'),
(101, '1', NULL, 'bu ninik', NULL, NULL, NULL, '2018-09-23 11:16:00', '2018-09-23 11:16:00', 1, '1'),
(102, '0', NULL, 'vita tamsari', 'jl. pesantren karang tengah rt 6 rw 1 karangwidoro dau ', NULL, NULL, '2018-09-26 02:27:30', '2018-09-26 02:27:30', 1, '1');

-- --------------------------------------------------------

--
-- Struktur dari tabel `pembayaran_trans_penjualan`
--

CREATE TABLE `pembayaran_trans_penjualan` (
  `id_pembayaran` int(11) NOT NULL,
  `id_trans` int(11) NOT NULL,
  `waktu_pembayaran` datetime NOT NULL DEFAULT current_timestamp(),
  `metode_pembayaran` enum('CASH ON SHOP','CASH ON DELIVERY','TRANSFER') COLLATE utf8_unicode_ci NOT NULL,
  `nominal` decimal(12,2) NOT NULL DEFAULT 0.00,
  `catatan` text COLLATE utf8_unicode_ci DEFAULT NULL,
  `created_time` datetime NOT NULL DEFAULT current_timestamp(),
  `last_modified_user` int(11) DEFAULT NULL,
  `last_modified_time` datetime NOT NULL DEFAULT current_timestamp()
) ENGINE=InnoDB DEFAULT CHARSET=utf8 COLLATE=utf8_unicode_ci;

--
-- Dumping data untuk tabel `pembayaran_trans_penjualan`
--

INSERT INTO `pembayaran_trans_penjualan` (`id_pembayaran`, `id_trans`, `waktu_pembayaran`, `metode_pembayaran`, `nominal`, `catatan`, `created_time`, `last_modified_user`, `last_modified_time`) VALUES
(1, 23, '2018-09-03 17:56:00', 'CASH ON SHOP', '64000.00', NULL, '2018-09-05 10:57:07', NULL, '2018-09-05 10:57:07'),
(2, 57, '2018-09-05 17:59:00', 'CASH ON DELIVERY', '260000.00', NULL, '2018-09-05 10:59:25', NULL, '2018-09-05 10:59:25'),
(3, 16, '2018-09-03 18:01:00', 'CASH ON DELIVERY', '93000.00', NULL, '2018-09-05 11:02:07', NULL, '2018-09-05 11:02:07'),
(4, 10, '2018-09-01 18:02:00', 'CASH ON DELIVERY', '320000.00', NULL, '2018-09-05 11:03:09', NULL, '2018-09-05 11:03:09'),
(5, 58, '2018-09-05 18:04:00', 'CASH ON DELIVERY', '0.00', NULL, '2018-09-05 11:04:43', NULL, '2018-09-05 11:04:43'),
(6, 58, '2018-09-05 18:06:00', 'CASH ON DELIVERY', '230000.00', NULL, '2018-09-05 11:06:30', NULL, '2018-09-05 11:06:30'),
(7, 56, '2018-09-05 18:07:00', 'CASH ON DELIVERY', '182000.00', NULL, '2018-09-05 11:07:19', NULL, '2018-09-05 11:07:19'),
(8, 55, '2018-09-05 18:07:00', 'CASH ON DELIVERY', '30000.00', NULL, '2018-09-05 11:07:46', NULL, '2018-09-05 11:07:46'),
(9, 59, '2018-09-06 11:28:00', 'CASH ON DELIVERY', '110000.00', NULL, '2018-09-06 04:29:03', NULL, '2018-09-06 04:29:03'),
(10, 53, '2018-09-05 12:16:00', 'CASH ON DELIVERY', '467000.00', NULL, '2018-09-06 05:17:01', NULL, '2018-09-06 05:17:01'),
(11, 54, '2018-09-05 12:17:00', 'CASH ON DELIVERY', '23000.00', NULL, '2018-09-06 05:17:34', NULL, '2018-09-06 05:17:34'),
(12, 52, '2018-09-05 12:18:00', 'CASH ON DELIVERY', '230000.00', NULL, '2018-09-06 05:18:39', NULL, '2018-09-06 05:18:39'),
(13, 50, '2018-09-05 12:20:00', 'CASH ON DELIVERY', '8000.00', NULL, '2018-09-06 05:20:32', NULL, '2018-09-06 05:20:32'),
(14, 51, '2018-09-05 12:21:00', 'CASH ON DELIVERY', '115000.00', NULL, '2018-09-06 05:21:28', NULL, '2018-09-06 05:21:28'),
(15, 49, '2018-09-05 12:22:00', 'CASH ON DELIVERY', '337000.00', NULL, '2018-09-06 05:22:36', NULL, '2018-09-06 05:22:36'),
(16, 44, '2018-09-05 12:23:00', 'CASH ON DELIVERY', '60000.00', NULL, '2018-09-06 05:23:30', NULL, '2018-09-06 05:23:30'),
(17, 46, '2018-09-04 12:24:00', 'CASH ON DELIVERY', '190000.00', NULL, '2018-09-06 05:24:32', NULL, '2018-09-06 05:24:32'),
(18, 48, '2018-09-04 12:25:00', 'CASH ON DELIVERY', '380000.00', NULL, '2018-09-06 05:25:35', NULL, '2018-09-06 05:25:35'),
(19, 47, '2018-09-04 12:27:00', 'CASH ON DELIVERY', '134000.00', NULL, '2018-09-06 05:27:29', NULL, '2018-09-06 05:27:29'),
(20, 41, '2018-09-04 12:27:00', 'CASH ON DELIVERY', '152000.00', NULL, '2018-09-06 05:27:58', NULL, '2018-09-06 05:27:58'),
(21, 41, '2018-09-04 12:28:00', 'CASH ON DELIVERY', '152000.00', NULL, '2018-09-06 05:28:28', NULL, '2018-09-06 05:28:28'),
(22, 40, '2018-09-04 12:29:00', 'CASH ON SHOP', '178000.00', NULL, '2018-09-06 05:30:05', NULL, '2018-09-06 05:30:05'),
(23, 40, '2018-09-04 12:31:00', 'CASH ON SHOP', '178000.00', NULL, '2018-09-06 05:31:38', NULL, '2018-09-06 05:31:38'),
(24, 39, '2018-09-04 12:32:00', 'CASH ON DELIVERY', '320000.00', NULL, '2018-09-06 05:33:06', NULL, '2018-09-06 05:33:06'),
(25, 37, '2018-09-04 12:33:00', 'CASH ON DELIVERY', '713000.00', NULL, '2018-09-06 05:34:03', NULL, '2018-09-06 05:34:03'),
(26, 38, '2018-09-04 12:34:00', 'CASH ON DELIVERY', '115000.00', NULL, '2018-09-06 05:34:57', NULL, '2018-09-06 05:34:57'),
(27, 36, '2018-09-04 12:35:00', 'CASH ON DELIVERY', '455000.00', NULL, '2018-09-06 05:35:48', NULL, '2018-09-06 05:35:48'),
(28, 35, '2018-09-04 12:36:00', 'CASH ON DELIVERY', '338000.00', NULL, '2018-09-06 05:36:37', NULL, '2018-09-06 05:36:37'),
(29, 45, '2018-09-03 12:37:00', 'TRANSFER', '2490000.00', NULL, '2018-09-06 05:37:38', NULL, '2018-09-06 05:37:38'),
(30, 43, '2018-09-04 12:38:00', 'CASH ON DELIVERY', '655000.00', NULL, '2018-09-06 05:38:37', NULL, '2018-09-06 05:38:37'),
(31, 42, '2018-09-04 12:39:00', 'CASH ON DELIVERY', '115000.00', NULL, '2018-09-06 05:39:47', NULL, '2018-09-06 05:39:47'),
(32, 25, '2018-09-04 12:43:00', 'CASH ON SHOP', '43000.00', NULL, '2018-09-06 05:43:49', NULL, '2018-09-06 05:43:49'),
(33, 30, '2018-09-03 17:00:00', 'CASH ON SHOP', '162000.00', NULL, '2018-09-06 06:04:39', NULL, '2018-09-06 06:04:39'),
(34, 24, '2018-09-03 19:00:00', 'CASH ON SHOP', '295000.00', NULL, '2018-09-06 06:05:46', NULL, '2018-09-06 06:05:46'),
(35, 31, '2018-09-03 13:07:00', 'CASH ON SHOP', '22000.00', NULL, '2018-09-06 06:08:07', NULL, '2018-09-06 06:08:07'),
(36, 11, '2018-09-01 13:09:00', 'CASH ON DELIVERY', '260000.00', NULL, '2018-09-06 06:09:31', NULL, '2018-09-06 06:09:31'),
(37, 9, '2018-09-01 13:11:00', 'CASH ON DELIVERY', '65000.00', NULL, '2018-09-06 06:11:28', NULL, '2018-09-06 06:11:28'),
(38, 8, '2018-09-01 13:11:00', 'CASH ON DELIVERY', '130000.00', NULL, '2018-09-06 06:11:56', NULL, '2018-09-06 06:11:56'),
(39, 7, '2018-09-01 13:12:00', 'CASH ON DELIVERY', '386000.00', NULL, '2018-09-06 06:13:01', NULL, '2018-09-06 06:13:01'),
(40, 4, '2018-09-01 13:14:00', 'CASH ON DELIVERY', '500000.00', NULL, '2018-09-06 06:14:43', NULL, '2018-09-06 06:14:43'),
(41, 3, '2018-09-01 13:15:00', 'CASH ON DELIVERY', '272000.00', NULL, '2018-09-06 06:15:08', NULL, '2018-09-06 06:15:08'),
(42, 2, '2018-09-01 13:16:00', 'CASH ON SHOP', '115000.00', NULL, '2018-09-06 06:16:17', NULL, '2018-09-06 06:16:17'),
(43, 33, '2018-09-03 13:17:00', 'TRANSFER', '157000.00', NULL, '2018-09-06 06:17:44', NULL, '2018-09-06 06:17:44'),
(44, 32, '2018-09-03 13:19:00', 'CASH ON DELIVERY', '960000.00', NULL, '2018-09-06 06:19:57', NULL, '2018-09-06 06:19:57'),
(45, 28, '2018-09-06 18:37:00', 'CASH ON DELIVERY', '250000.00', NULL, '2018-09-06 11:38:06', NULL, '2018-09-06 11:38:06'),
(46, 29, '2018-09-03 18:39:00', 'CASH ON DELIVERY', '180000.00', NULL, '2018-09-06 11:39:24', NULL, '2018-09-06 11:39:24'),
(47, 27, '2018-09-03 18:41:00', 'CASH ON DELIVERY', '157000.00', NULL, '2018-09-06 11:41:10', NULL, '2018-09-06 11:41:10'),
(48, 20, '2018-09-03 18:42:00', 'CASH ON SHOP', '372000.00', NULL, '2018-09-06 11:42:12', NULL, '2018-09-06 11:42:12'),
(49, 19, '2018-09-03 18:43:00', 'CASH ON DELIVERY', '618000.00', NULL, '2018-09-06 11:43:20', NULL, '2018-09-06 11:43:20'),
(50, 18, '2018-09-03 18:44:00', 'CASH ON DELIVERY', '1265000.00', NULL, '2018-09-06 11:44:21', NULL, '2018-09-06 11:44:21'),
(51, 17, '2018-09-03 18:45:00', 'CASH ON DELIVERY', '465500.00', NULL, '2018-09-06 11:45:40', NULL, '2018-09-06 11:45:40'),
(52, 1, '2018-09-01 18:51:00', 'CASH ON DELIVERY', '115000.00', NULL, '2018-09-06 11:52:01', NULL, '2018-09-06 11:52:01'),
(53, 26, '2018-09-03 18:53:00', 'CASH ON SHOP', '1152000.00', NULL, '2018-09-06 11:54:09', NULL, '2018-09-06 11:54:09'),
(54, 13, '2018-09-02 18:55:00', 'TRANSFER', '1253000.00', NULL, '2018-09-06 11:55:28', NULL, '2018-09-06 11:55:28'),
(55, 21, '2018-09-03 18:56:00', 'CASH ON SHOP', '764000.00', NULL, '2018-09-06 11:56:28', NULL, '2018-09-06 11:56:28'),
(56, 34, '2018-09-03 18:58:00', 'TRANSFER', '244000.00', NULL, '2018-09-06 11:58:26', NULL, '2018-09-06 11:58:26'),
(57, 22, '2018-09-03 19:01:00', 'CASH ON SHOP', '93000.00', NULL, '2018-09-06 12:01:16', NULL, '2018-09-06 12:01:16'),
(58, 15, '2018-09-03 19:02:00', 'CASH ON DELIVERY', '125000.00', NULL, '2018-09-06 12:02:26', NULL, '2018-09-06 12:02:26'),
(59, 14, '2018-09-02 19:02:00', 'CASH ON SHOP', '260000.00', NULL, '2018-09-06 12:03:06', NULL, '2018-09-06 12:03:06'),
(60, 12, '2018-09-02 19:03:00', 'CASH ON SHOP', '190000.00', NULL, '2018-09-06 12:04:01', NULL, '2018-09-06 12:04:01'),
(61, 5, '2018-09-01 19:05:00', 'CASH ON SHOP', '355000.00', NULL, '2018-09-06 12:05:21', NULL, '2018-09-06 12:05:21'),
(62, 6, '2018-09-01 19:06:00', 'CASH ON SHOP', '230000.00', NULL, '2018-09-06 12:06:47', NULL, '2018-09-06 12:06:47'),
(78, 222, '2018-10-08 20:05:00', 'CASH ON SHOP', '128000.00', NULL, '2018-10-08 13:06:39', NULL, '2018-10-08 13:06:39'),
(79, 223, '2018-10-15 14:12:00', 'CASH ON SHOP', '128000.00', NULL, '2018-10-15 07:13:28', NULL, '2018-10-15 07:13:28'),
(80, 224, '2018-10-15 14:12:00', 'CASH ON SHOP', '128000.00', NULL, '2018-10-15 07:14:01', NULL, '2018-10-15 07:14:01'),
(81, 225, '2018-10-15 14:12:00', 'CASH ON SHOP', '128000.00', NULL, '2018-10-15 07:14:16', NULL, '2018-10-15 07:14:16'),
(82, 226, '2018-10-15 14:14:00', 'CASH ON SHOP', '128000.00', NULL, '2018-10-15 07:15:29', NULL, '2018-10-15 07:15:29'),
(83, 227, '2018-10-15 15:11:00', 'CASH ON SHOP', '128000.00', NULL, '2018-10-15 08:12:32', NULL, '2018-10-15 08:12:32'),
(84, 228, '2018-10-15 15:11:00', 'CASH ON SHOP', '128000.00', NULL, '2018-10-15 08:14:02', NULL, '2018-10-15 08:14:02');

-- --------------------------------------------------------

--
-- Struktur dari tabel `pengiriman_trans_penjualan`
--

CREATE TABLE `pengiriman_trans_penjualan` (
  `id_pengiriman` int(11) NOT NULL,
  `id_trans` int(11) NOT NULL,
  `waktu_pengiriman` datetime NOT NULL DEFAULT current_timestamp(),
  `jenis_ekspedisi` int(11) NOT NULL,
  `id_kurir` int(11) DEFAULT NULL COMMENT 'Jika ekspedisi sendiri',
  `no_resi` varchar(255) COLLATE utf8_unicode_ci DEFAULT NULL COMMENT 'Jika ekspedisi luar',
  `alamat_pengiriman` text COLLATE utf8_unicode_ci DEFAULT NULL,
  `biaya_pengiriman` decimal(12,2) NOT NULL DEFAULT 0.00,
  `catatan` text COLLATE utf8_unicode_ci DEFAULT NULL,
  `waktu_sampai` datetime DEFAULT NULL,
  `created_time` datetime NOT NULL DEFAULT current_timestamp(),
  `last_modified_user` int(11) DEFAULT NULL,
  `last_modified_time` datetime NOT NULL DEFAULT current_timestamp()
) ENGINE=InnoDB DEFAULT CHARSET=utf8 COLLATE=utf8_unicode_ci;

--
-- Dumping data untuk tabel `pengiriman_trans_penjualan`
--

INSERT INTO `pengiriman_trans_penjualan` (`id_pengiriman`, `id_trans`, `waktu_pengiriman`, `jenis_ekspedisi`, `id_kurir`, `no_resi`, `alamat_pengiriman`, `biaya_pengiriman`, `catatan`, `waktu_sampai`, `created_time`, `last_modified_user`, `last_modified_time`) VALUES
(1, 58, '2018-09-05 12:08:00', 1, NULL, NULL, NULL, '10000.00', 'lunas', '2018-09-05 12:09:00', '2018-09-06 05:09:53', NULL, '2018-09-06 05:09:53'),
(2, 59, '2018-09-06 12:10:00', 2, NULL, NULL, NULL, '0.00', NULL, '2018-09-06 12:10:00', '2018-09-06 05:11:04', NULL, '2018-09-06 05:11:04'),
(3, 57, '2018-09-06 12:12:00', 1, NULL, NULL, NULL, '0.00', 'ongkir 10.000 sudah dibayar', '2018-09-05 12:12:00', '2018-09-06 05:12:56', NULL, '2018-09-06 05:12:56'),
(4, 56, '2018-09-05 12:13:00', 1, NULL, NULL, NULL, '0.00', NULL, '2018-09-05 12:13:00', '2018-09-06 05:13:54', NULL, '2018-09-06 05:13:54'),
(5, 55, '2018-09-05 12:14:00', 1, NULL, NULL, NULL, '0.00', NULL, '2018-09-05 12:14:00', '2018-09-06 05:15:04', NULL, '2018-09-06 05:15:04'),
(6, 54, '2018-09-05 12:15:00', 1, NULL, NULL, NULL, '0.00', NULL, '2018-09-05 12:15:00', '2018-09-06 05:15:33', NULL, '2018-09-06 05:15:33'),
(7, 53, '2018-09-05 12:15:00', 1, NULL, NULL, NULL, '0.00', NULL, '2018-09-05 12:15:00', '2018-09-06 05:16:01', NULL, '2018-09-06 05:16:01'),
(8, 50, '2018-09-05 12:16:00', 1, NULL, NULL, NULL, '0.00', NULL, '2018-09-05 12:16:00', '2018-09-06 05:16:29', NULL, '2018-09-06 05:16:29'),
(9, 52, '2018-09-05 12:18:00', 1, NULL, NULL, NULL, '0.00', NULL, '2018-09-05 12:18:00', '2018-09-06 05:18:17', NULL, '2018-09-06 05:18:17'),
(10, 51, '2018-09-05 12:20:00', 1, NULL, NULL, NULL, '0.00', NULL, '2018-09-05 12:21:00', '2018-09-06 05:21:06', NULL, '2018-09-06 05:21:06'),
(11, 49, '2018-09-05 12:22:00', 1, NULL, NULL, NULL, '0.00', NULL, '2018-09-05 12:22:00', '2018-09-06 05:22:13', NULL, '2018-09-06 05:22:13'),
(12, 44, '2018-09-05 12:22:00', 1, NULL, NULL, NULL, '0.00', NULL, '2018-09-05 12:23:00', '2018-09-06 05:23:06', NULL, '2018-09-06 05:23:06'),
(13, 46, '2018-09-04 12:23:00', 1, NULL, NULL, NULL, '0.00', NULL, '2018-09-04 12:24:00', '2018-09-06 05:24:05', NULL, '2018-09-06 05:24:05'),
(14, 48, '2018-09-04 12:24:00', 1, NULL, NULL, NULL, '0.00', NULL, '2018-09-04 12:25:00', '2018-09-06 05:25:09', NULL, '2018-09-06 05:25:09'),
(15, 47, '2018-09-04 12:08:00', 1, NULL, NULL, NULL, '0.00', 'lunas', '2018-09-04 12:09:00', '2018-09-06 05:26:06', 1, '2018-09-06 05:27:01'),
(16, 41, '2018-09-04 12:28:00', 1, NULL, NULL, NULL, '0.00', NULL, '2018-09-04 12:29:00', '2018-09-06 05:29:12', NULL, '2018-09-06 05:29:12'),
(17, 39, '2018-09-04 12:08:00', 1, NULL, NULL, NULL, '0.00', 'lunas', '2018-09-04 12:09:00', '2018-09-06 05:29:40', 1, '2018-09-06 05:30:58'),
(18, 40, '2018-09-04 12:32:00', 2, NULL, NULL, NULL, '0.00', NULL, '2018-09-04 12:32:00', '2018-09-06 05:32:24', NULL, '2018-09-06 05:32:24'),
(19, 37, '2018-09-04 12:33:00', 1, NULL, NULL, NULL, '0.00', NULL, '2018-09-04 12:33:00', '2018-09-06 05:33:39', NULL, '2018-09-06 05:33:39'),
(20, 38, '2018-09-04 12:34:00', 1, NULL, NULL, NULL, '0.00', NULL, '2018-09-04 12:34:00', '2018-09-06 05:34:38', NULL, '2018-09-06 05:34:38'),
(21, 36, '2018-09-04 12:35:00', 1, NULL, NULL, NULL, '0.00', NULL, '2018-09-04 12:35:00', '2018-09-06 05:35:24', NULL, '2018-09-06 05:35:24'),
(22, 35, '2018-09-04 12:36:00', 1, NULL, NULL, NULL, '0.00', NULL, '2018-09-04 12:36:00', '2018-09-06 05:36:15', NULL, '2018-09-06 05:36:15'),
(23, 45, '2018-09-04 12:36:00', 1, NULL, NULL, NULL, '0.00', NULL, '2018-09-04 12:37:00', '2018-09-06 05:37:07', NULL, '2018-09-06 05:37:07'),
(24, 43, '2018-09-04 12:38:00', 1, NULL, NULL, NULL, '0.00', NULL, '2018-09-04 12:38:00', '2018-09-06 05:38:16', NULL, '2018-09-06 05:38:16'),
(25, 42, '2018-09-04 12:38:00', 1, NULL, NULL, NULL, '0.00', NULL, '2018-09-04 12:39:00', '2018-09-06 05:39:12', NULL, '2018-09-06 05:39:12'),
(26, 25, '2018-09-04 12:42:00', 1, NULL, NULL, NULL, '0.00', NULL, '2018-09-04 12:42:00', '2018-09-06 05:42:59', NULL, '2018-09-06 05:42:59'),
(27, 23, '2018-09-03 13:02:00', 2, NULL, NULL, NULL, '0.00', NULL, '2018-09-03 13:02:00', '2018-09-06 06:02:51', NULL, '2018-09-06 06:02:51'),
(28, 24, '2018-09-03 13:03:00', 2, NULL, NULL, NULL, '0.00', NULL, '2018-09-03 13:03:00', '2018-09-06 06:03:41', NULL, '2018-09-06 06:03:41'),
(29, 30, '2018-09-03 19:00:00', 2, NULL, NULL, NULL, '0.00', NULL, '2018-09-03 19:00:00', '2018-09-06 06:07:05', NULL, '2018-09-06 06:07:05'),
(30, 31, '2018-09-03 13:07:00', 2, NULL, NULL, NULL, '0.00', NULL, '2018-09-03 13:07:00', '2018-09-06 06:07:45', NULL, '2018-09-06 06:07:45'),
(31, 11, '2018-09-01 13:08:00', 1, NULL, NULL, NULL, '0.00', NULL, '2018-09-01 13:08:00', '2018-09-06 06:08:57', NULL, '2018-09-06 06:08:57'),
(32, 10, '2018-09-01 13:09:00', 1, NULL, NULL, NULL, '0.00', NULL, '2018-09-01 13:09:00', '2018-09-06 06:10:02', NULL, '2018-09-06 06:10:02'),
(33, 9, '2018-09-01 13:10:00', 1, NULL, NULL, NULL, '0.00', NULL, '2018-09-01 13:10:00', '2018-09-06 06:11:04', NULL, '2018-09-06 06:11:04'),
(34, 8, '2018-09-01 13:12:00', 1, NULL, NULL, NULL, '0.00', NULL, '2018-09-01 13:12:00', '2018-09-06 06:12:24', NULL, '2018-09-06 06:12:24'),
(35, 7, '2018-09-01 13:13:00', 1, NULL, NULL, NULL, '0.00', NULL, '2018-09-01 13:13:00', '2018-09-06 06:13:37', NULL, '2018-09-06 06:13:37'),
(36, 4, '2018-09-01 13:14:00', 1, NULL, NULL, NULL, '0.00', NULL, '2018-09-01 13:14:00', '2018-09-06 06:14:20', NULL, '2018-09-06 06:14:20'),
(37, 3, '2018-09-01 13:15:00', 1, NULL, NULL, NULL, '0.00', NULL, '2018-09-01 13:15:00', '2018-09-06 06:15:40', NULL, '2018-09-06 06:15:40'),
(38, 2, '2018-09-01 13:16:00', 2, NULL, NULL, NULL, '0.00', NULL, '2018-09-01 13:16:00', '2018-09-06 06:17:00', NULL, '2018-09-06 06:17:00'),
(40, 33, '2018-09-03 13:18:00', 6, NULL, '1234', NULL, '0.00', NULL, '2018-09-04 13:18:00', '2018-09-06 06:18:53', NULL, '2018-09-06 06:18:53'),
(41, 32, '2018-09-03 18:37:00', 1, NULL, NULL, NULL, '0.00', NULL, '2018-09-03 18:37:00', '2018-09-06 11:37:38', NULL, '2018-09-06 11:37:38'),
(42, 28, '2018-09-03 18:38:00', 1, NULL, NULL, NULL, '0.00', NULL, '2018-09-03 18:38:00', '2018-09-06 11:38:53', NULL, '2018-09-06 11:38:53'),
(43, 27, '2018-09-03 18:40:00', 1, NULL, NULL, NULL, '0.00', NULL, '2018-09-03 18:40:00', '2018-09-06 11:40:39', NULL, '2018-09-06 11:40:39'),
(44, 20, '2018-09-03 18:42:00', 2, NULL, NULL, NULL, '0.00', NULL, '2018-09-03 18:42:00', '2018-09-06 11:42:38', NULL, '2018-09-06 11:42:38'),
(45, 19, '2018-09-03 18:43:00', 1, NULL, NULL, NULL, '0.00', NULL, '2018-09-03 18:43:00', '2018-09-06 11:43:55', NULL, '2018-09-06 11:43:55'),
(46, 18, '2018-09-03 18:44:00', 1, NULL, NULL, NULL, '0.00', NULL, '2018-09-03 18:45:00', '2018-09-06 11:45:06', NULL, '2018-09-06 11:45:06'),
(47, 17, '2018-09-03 18:45:00', 1, NULL, NULL, NULL, '0.00', NULL, '2018-09-03 18:46:00', '2018-09-06 11:46:06', NULL, '2018-09-06 11:46:06'),
(48, 29, '2018-09-03 18:46:00', 1, NULL, NULL, NULL, '0.00', NULL, '2018-09-03 18:46:00', '2018-09-06 11:46:38', NULL, '2018-09-06 11:46:38'),
(49, 1, '2018-09-01 18:52:00', 1, NULL, NULL, NULL, '0.00', NULL, '2017-09-01 18:52:00', '2018-09-06 11:52:59', NULL, '2018-09-06 11:52:59'),
(50, 16, '2018-09-03 18:53:00', 1, NULL, NULL, NULL, '0.00', NULL, '2018-09-03 18:53:00', '2018-09-06 11:53:37', NULL, '2018-09-06 11:53:37'),
(51, 26, '2018-09-03 18:54:00', 1, NULL, NULL, NULL, '0.00', NULL, '2018-09-03 18:54:00', '2018-09-06 11:54:38', NULL, '2018-09-06 11:54:38'),
(52, 13, '2018-09-02 18:55:00', 2, NULL, NULL, NULL, '0.00', NULL, '2018-09-02 18:55:00', '2018-09-06 11:55:59', NULL, '2018-09-06 11:55:59'),
(53, 21, '2018-09-03 18:56:00', 2, NULL, NULL, NULL, '0.00', NULL, '2018-09-03 18:56:00', '2018-09-06 11:56:51', NULL, '2018-09-06 11:56:51'),
(54, 15, '2018-09-05 12:08:00', 1, NULL, NULL, NULL, '0.00', 'lunas', '2018-09-05 12:09:00', '2018-09-06 11:57:27', 1, '2018-09-06 12:00:21'),
(55, 34, '2018-09-02 18:58:00', 2, NULL, NULL, NULL, '0.00', NULL, '2018-09-02 18:58:00', '2018-09-06 11:58:58', NULL, '2018-09-06 11:58:58'),
(56, 22, '2018-09-03 19:01:00', 2, NULL, NULL, NULL, '0.00', NULL, '2018-09-03 19:01:00', '2018-09-06 12:01:50', NULL, '2018-09-06 12:01:50'),
(57, 14, '2018-09-02 19:03:00', 2, NULL, NULL, NULL, '0.00', NULL, '2018-09-02 19:03:00', '2018-09-06 12:03:32', NULL, '2018-09-06 12:03:32'),
(58, 12, '2018-09-02 19:04:00', 2, NULL, NULL, NULL, '0.00', NULL, '2018-09-03 19:04:00', '2018-09-06 12:04:48', NULL, '2018-09-06 12:04:48'),
(59, 5, '2018-09-01 19:05:00', 2, NULL, NULL, NULL, '0.00', NULL, '2018-09-01 19:05:00', '2018-09-06 12:05:52', NULL, '2018-09-06 12:05:52'),
(60, 6, '2018-09-01 19:06:00', 2, NULL, NULL, NULL, '0.00', NULL, '2018-09-01 19:07:00', '2018-09-06 12:07:08', NULL, '2018-09-06 12:07:08'),
(79, 222, '2018-10-08 20:05:00', 1, NULL, NULL, NULL, '0.00', NULL, '2018-10-08 20:05:00', '2018-10-08 13:06:39', NULL, '2018-10-08 13:06:39'),
(80, 223, '2018-10-15 14:12:00', 1, NULL, NULL, NULL, '0.00', NULL, '2018-10-15 14:12:00', '2018-10-15 07:13:28', NULL, '2018-10-15 07:13:28'),
(81, 224, '2018-10-15 14:12:00', 1, NULL, NULL, NULL, '0.00', NULL, '2018-10-15 14:12:00', '2018-10-15 07:14:01', NULL, '2018-10-15 07:14:01'),
(82, 225, '2018-10-15 14:12:00', 1, NULL, NULL, NULL, '0.00', NULL, '2018-10-15 14:12:00', '2018-10-15 07:14:16', NULL, '2018-10-15 07:14:16'),
(83, 226, '2018-10-15 14:14:00', 1, NULL, NULL, NULL, '0.00', NULL, '2018-10-15 14:14:00', '2018-10-15 07:15:29', NULL, '2018-10-15 07:15:29'),
(84, 227, '2018-10-15 15:11:00', 1, NULL, NULL, NULL, '0.00', NULL, '2018-10-15 15:11:00', '2018-10-15 08:12:32', NULL, '2018-10-15 08:12:32'),
(85, 228, '2018-10-15 15:11:00', 1, NULL, NULL, NULL, '0.00', NULL, '2018-10-15 15:11:00', '2018-10-15 08:14:01', NULL, '2018-10-15 08:14:01');

-- --------------------------------------------------------

--
-- Struktur dari tabel `proses_trans_pembelian`
--

CREATE TABLE `proses_trans_pembelian` (
  `id_proses` int(11) NOT NULL,
  `id_trans` int(11) NOT NULL,
  `waktu_proses` datetime NOT NULL DEFAULT current_timestamp(),
  `status_transaksi` enum('PESAN','DIBAYAR','SELESAI','BATAL') COLLATE utf8_unicode_ci NOT NULL DEFAULT 'PESAN',
  `id_user` int(11) NOT NULL,
  `catatan` text COLLATE utf8_unicode_ci NOT NULL
) ENGINE=InnoDB DEFAULT CHARSET=utf8 COLLATE=utf8_unicode_ci;

--
-- Dumping data untuk tabel `proses_trans_pembelian`
--

INSERT INTO `proses_trans_pembelian` (`id_proses`, `id_trans`, `waktu_proses`, `status_transaksi`, `id_user`, `catatan`) VALUES
(1, 4, '2018-09-03 16:02:19', 'PESAN', 1, ''),
(21, 24, '2018-09-03 16:14:46', 'PESAN', 1, ''),
(24, 27, '2018-09-03 16:18:10', 'PESAN', 1, ''),
(25, 27, '2018-09-03 21:56:13', 'DIBAYAR', 1, ''),
(29, 24, '2018-09-03 21:57:39', 'DIBAYAR', 1, ''),
(34, 27, '2018-09-03 22:26:31', 'SELESAI', 1, ''),
(37, 24, '2018-09-03 22:27:05', 'SELESAI', 1, ''),
(52, 4, '2018-09-03 22:29:47', 'SELESAI', 1, ''),
(62, 28, '2018-09-04 13:30:42', 'PESAN', 1, ''),
(63, 28, '2018-09-04 13:30:59', 'SELESAI', 1, ''),
(64, 29, '2018-09-07 05:55:00', 'PESAN', 1, ''),
(65, 30, '2018-09-07 06:06:18', 'PESAN', 1, ''),
(66, 31, '2018-09-07 06:08:53', 'PESAN', 1, ''),
(67, 32, '2018-09-07 06:48:44', 'PESAN', 1, ''),
(68, 33, '2018-09-10 03:12:56', 'PESAN', 1, ''),
(69, 34, '2018-09-10 03:17:33', 'PESAN', 1, ''),
(70, 35, '2018-09-17 22:43:37', 'PESAN', 1, ''),
(71, 36, '2018-09-17 22:46:55', 'PESAN', 1, ''),
(72, 37, '2018-09-17 22:48:38', 'PESAN', 1, ''),
(73, 38, '2018-09-17 22:49:40', 'PESAN', 1, ''),
(74, 39, '2018-09-17 22:50:50', 'PESAN', 1, ''),
(75, 40, '2018-09-17 22:51:53', 'PESAN', 1, ''),
(76, 41, '2018-09-18 06:44:36', 'PESAN', 1, ''),
(77, 42, '2018-09-21 02:33:04', 'PESAN', 1, ''),
(78, 43, '2018-09-23 08:31:44', 'PESAN', 1, ''),
(79, 44, '2018-09-26 02:49:16', 'PESAN', 1, ''),
(80, 45, '2018-09-26 02:59:05', 'PESAN', 1, ''),
(81, 46, '2018-09-26 03:01:00', 'PESAN', 1, '');

-- --------------------------------------------------------

--
-- Struktur dari tabel `proses_trans_penjualan`
--

CREATE TABLE `proses_trans_penjualan` (
  `id_proses` int(11) NOT NULL,
  `id_trans` int(11) NOT NULL,
  `waktu_proses` datetime NOT NULL DEFAULT current_timestamp(),
  `status_transaksi` enum('PESAN','PROSES','SELESAI','BATAL') COLLATE utf8_unicode_ci NOT NULL DEFAULT 'PESAN',
  `status_pembayaran` enum('MENUNGGU','SEBAGIAN','LUNAS','BATAL') COLLATE utf8_unicode_ci NOT NULL DEFAULT 'MENUNGGU',
  `status_pengiriman` enum('MENUNGGU','PROSES','SAMPAI','GAGAL') COLLATE utf8_unicode_ci NOT NULL DEFAULT 'MENUNGGU',
  `id_user` int(11) NOT NULL,
  `catatan` text COLLATE utf8_unicode_ci DEFAULT NULL
) ENGINE=InnoDB DEFAULT CHARSET=utf8 COLLATE=utf8_unicode_ci;

--
-- Dumping data untuk tabel `proses_trans_penjualan`
--

INSERT INTO `proses_trans_penjualan` (`id_proses`, `id_trans`, `waktu_proses`, `status_transaksi`, `status_pembayaran`, `status_pengiriman`, `id_user`, `catatan`) VALUES
(1, 1, '2018-09-01 15:05:45', 'PESAN', 'MENUNGGU', 'MENUNGGU', 1, ''),
(2, 2, '2018-09-01 15:07:09', 'PESAN', 'MENUNGGU', 'MENUNGGU', 1, ''),
(3, 3, '2018-09-01 15:12:19', 'PESAN', 'MENUNGGU', 'MENUNGGU', 1, ''),
(4, 4, '2018-09-01 15:13:59', 'PESAN', 'MENUNGGU', 'MENUNGGU', 1, ''),
(5, 5, '2018-09-01 15:16:01', 'PESAN', 'MENUNGGU', 'MENUNGGU', 1, ''),
(6, 6, '2018-09-01 15:23:27', 'PESAN', 'MENUNGGU', 'MENUNGGU', 1, ''),
(7, 7, '2018-09-01 15:24:49', 'PESAN', 'MENUNGGU', 'MENUNGGU', 1, ''),
(8, 8, '2018-09-01 15:27:39', 'PESAN', 'MENUNGGU', 'MENUNGGU', 1, ''),
(9, 9, '2018-09-01 15:30:18', 'PESAN', 'MENUNGGU', 'MENUNGGU', 1, ''),
(10, 10, '2018-09-01 15:34:02', 'PESAN', 'MENUNGGU', 'MENUNGGU', 1, ''),
(11, 11, '2018-09-01 15:36:17', 'PESAN', 'MENUNGGU', 'MENUNGGU', 1, ''),
(12, 12, '2018-09-02 11:06:18', 'PESAN', 'MENUNGGU', 'MENUNGGU', 1, ''),
(13, 13, '2018-09-03 03:23:48', 'PESAN', 'MENUNGGU', 'MENUNGGU', 1, ''),
(14, 14, '2018-09-03 03:30:06', 'PESAN', 'MENUNGGU', 'MENUNGGU', 1, ''),
(15, 15, '2018-09-03 03:33:38', 'PESAN', 'MENUNGGU', 'MENUNGGU', 1, ''),
(16, 16, '2018-09-03 03:34:34', 'PESAN', 'MENUNGGU', 'MENUNGGU', 1, ''),
(17, 17, '2018-09-03 03:48:06', 'PESAN', 'MENUNGGU', 'MENUNGGU', 1, ''),
(18, 18, '2018-09-03 03:51:29', 'PESAN', 'MENUNGGU', 'MENUNGGU', 1, ''),
(19, 19, '2018-09-03 03:53:05', 'PESAN', 'MENUNGGU', 'MENUNGGU', 1, ''),
(20, 20, '2018-09-03 03:54:46', 'PESAN', 'MENUNGGU', 'MENUNGGU', 1, ''),
(21, 21, '2018-09-03 14:45:35', 'PESAN', 'MENUNGGU', 'MENUNGGU', 1, ''),
(22, 22, '2018-09-03 14:55:06', 'PESAN', 'MENUNGGU', 'MENUNGGU', 1, ''),
(23, 23, '2018-09-03 14:58:30', 'PESAN', 'MENUNGGU', 'MENUNGGU', 1, ''),
(24, 24, '2018-09-03 14:59:23', 'PESAN', 'MENUNGGU', 'MENUNGGU', 1, ''),
(25, 25, '2018-09-03 15:24:36', 'PESAN', 'MENUNGGU', 'MENUNGGU', 1, ''),
(26, 26, '2018-09-03 15:29:08', 'PESAN', 'MENUNGGU', 'MENUNGGU', 1, ''),
(27, 27, '2018-09-03 15:44:07', 'PESAN', 'MENUNGGU', 'MENUNGGU', 1, ''),
(28, 28, '2018-09-03 15:45:32', 'PESAN', 'MENUNGGU', 'MENUNGGU', 1, ''),
(29, 29, '2018-09-03 15:46:45', 'PESAN', 'MENUNGGU', 'MENUNGGU', 1, ''),
(30, 30, '2018-09-03 15:48:14', 'PESAN', 'MENUNGGU', 'MENUNGGU', 1, ''),
(31, 31, '2018-09-03 15:49:06', 'PESAN', 'MENUNGGU', 'MENUNGGU', 1, ''),
(32, 32, '2018-09-03 15:51:41', 'PESAN', 'MENUNGGU', 'MENUNGGU', 1, ''),
(33, 33, '2018-09-03 15:55:33', 'PESAN', 'MENUNGGU', 'MENUNGGU', 1, ''),
(34, 34, '2018-09-03 16:01:17', 'PESAN', 'MENUNGGU', 'MENUNGGU', 1, ''),
(35, 35, '2018-09-04 14:26:12', 'PESAN', 'MENUNGGU', 'MENUNGGU', 1, ''),
(36, 36, '2018-09-04 14:30:11', 'PESAN', 'MENUNGGU', 'MENUNGGU', 1, ''),
(37, 37, '2018-09-04 14:37:22', 'PESAN', 'MENUNGGU', 'MENUNGGU', 1, ''),
(38, 38, '2018-09-04 14:39:38', 'PESAN', 'MENUNGGU', 'MENUNGGU', 1, ''),
(39, 39, '2018-09-04 14:42:03', 'PESAN', 'MENUNGGU', 'MENUNGGU', 1, ''),
(40, 40, '2018-09-04 14:43:55', 'PESAN', 'MENUNGGU', 'MENUNGGU', 1, ''),
(41, 41, '2018-09-04 14:45:42', 'PESAN', 'MENUNGGU', 'MENUNGGU', 1, ''),
(42, 42, '2018-09-04 14:46:51', 'PESAN', 'MENUNGGU', 'MENUNGGU', 1, ''),
(43, 43, '2018-09-04 14:47:44', 'PESAN', 'MENUNGGU', 'MENUNGGU', 1, ''),
(44, 44, '2018-09-04 14:50:44', 'PESAN', 'MENUNGGU', 'MENUNGGU', 1, ''),
(45, 45, '2018-09-04 14:56:18', 'PESAN', 'MENUNGGU', 'MENUNGGU', 1, ''),
(46, 46, '2018-09-04 14:57:23', 'PESAN', 'MENUNGGU', 'MENUNGGU', 1, ''),
(47, 47, '2018-09-04 15:00:59', 'PESAN', 'MENUNGGU', 'MENUNGGU', 1, ''),
(48, 48, '2018-09-04 15:03:13', 'PESAN', 'MENUNGGU', 'MENUNGGU', 1, ''),
(49, 49, '2018-09-05 04:58:29', 'PESAN', 'MENUNGGU', 'MENUNGGU', 1, ''),
(50, 50, '2018-09-05 04:59:19', 'PESAN', 'MENUNGGU', 'MENUNGGU', 1, ''),
(51, 51, '2018-09-05 05:00:14', 'PESAN', 'MENUNGGU', 'MENUNGGU', 1, ''),
(52, 52, '2018-09-05 05:01:20', 'PESAN', 'MENUNGGU', 'MENUNGGU', 1, ''),
(53, 53, '2018-09-05 05:05:32', 'PESAN', 'MENUNGGU', 'MENUNGGU', 1, ''),
(54, 54, '2018-09-05 05:06:47', 'PESAN', 'MENUNGGU', 'MENUNGGU', 1, ''),
(55, 55, '2018-09-05 05:38:55', 'PESAN', 'MENUNGGU', 'MENUNGGU', 1, ''),
(56, 56, '2018-09-05 05:51:07', 'PESAN', 'MENUNGGU', 'MENUNGGU', 1, ''),
(57, 57, '2018-09-05 05:52:51', 'PESAN', 'MENUNGGU', 'MENUNGGU', 1, ''),
(58, 58, '2018-09-05 05:59:27', 'PESAN', 'MENUNGGU', 'MENUNGGU', 1, ''),
(59, 23, '2018-09-05 10:57:07', 'PROSES', 'LUNAS', 'MENUNGGU', 1, ''),
(60, 57, '2018-09-05 10:59:25', 'PROSES', 'LUNAS', 'MENUNGGU', 1, ''),
(61, 16, '2018-09-05 11:02:07', 'PROSES', 'LUNAS', 'MENUNGGU', 1, ''),
(62, 10, '2018-09-05 11:03:09', 'PROSES', 'LUNAS', 'MENUNGGU', 1, ''),
(63, 58, '2018-09-05 11:04:43', 'PROSES', 'SEBAGIAN', 'MENUNGGU', 1, ''),
(64, 58, '2018-09-05 11:06:31', 'PROSES', 'LUNAS', 'MENUNGGU', 1, ''),
(65, 56, '2018-09-05 11:07:19', 'PROSES', 'LUNAS', 'MENUNGGU', 1, ''),
(66, 55, '2018-09-05 11:07:46', 'PROSES', 'LUNAS', 'MENUNGGU', 1, ''),
(67, 59, '2018-09-06 04:28:36', 'PESAN', 'MENUNGGU', 'MENUNGGU', 1, ''),
(68, 59, '2018-09-06 04:29:03', 'PROSES', 'LUNAS', 'MENUNGGU', 1, ''),
(69, 58, '2018-09-06 05:09:53', 'SELESAI', 'LUNAS', 'SAMPAI', 1, ''),
(70, 59, '2018-09-06 05:11:04', 'SELESAI', 'LUNAS', 'SAMPAI', 1, ''),
(71, 57, '2018-09-06 05:12:56', 'SELESAI', 'LUNAS', 'SAMPAI', 1, ''),
(72, 56, '2018-09-06 05:13:54', 'SELESAI', 'LUNAS', 'SAMPAI', 1, ''),
(73, 55, '2018-09-06 05:15:04', 'SELESAI', 'LUNAS', 'SAMPAI', 1, ''),
(74, 54, '2018-09-06 05:15:33', 'PROSES', 'MENUNGGU', 'SAMPAI', 1, ''),
(75, 53, '2018-09-06 05:16:01', 'PROSES', 'MENUNGGU', 'SAMPAI', 1, ''),
(76, 50, '2018-09-06 05:16:29', 'PROSES', 'MENUNGGU', 'SAMPAI', 1, ''),
(77, 53, '2018-09-06 05:17:01', 'SELESAI', 'LUNAS', 'SAMPAI', 1, ''),
(78, 54, '2018-09-06 05:17:34', 'SELESAI', 'LUNAS', 'SAMPAI', 1, ''),
(79, 52, '2018-09-06 05:18:17', 'PROSES', 'MENUNGGU', 'SAMPAI', 1, ''),
(80, 52, '2018-09-06 05:18:39', 'SELESAI', 'LUNAS', 'SAMPAI', 1, ''),
(81, 50, '2018-09-06 05:20:32', 'SELESAI', 'LUNAS', 'SAMPAI', 1, ''),
(82, 51, '2018-09-06 05:21:06', 'PROSES', 'MENUNGGU', 'SAMPAI', 1, ''),
(83, 51, '2018-09-06 05:21:28', 'SELESAI', 'LUNAS', 'SAMPAI', 1, ''),
(84, 49, '2018-09-06 05:22:13', 'PROSES', 'MENUNGGU', 'SAMPAI', 1, ''),
(85, 49, '2018-09-06 05:22:36', 'SELESAI', 'LUNAS', 'SAMPAI', 1, ''),
(86, 44, '2018-09-06 05:23:06', 'PROSES', 'MENUNGGU', 'SAMPAI', 1, ''),
(87, 44, '2018-09-06 05:23:30', 'SELESAI', 'LUNAS', 'SAMPAI', 1, ''),
(88, 46, '2018-09-06 05:24:05', 'PROSES', 'MENUNGGU', 'SAMPAI', 1, ''),
(89, 46, '2018-09-06 05:24:32', 'SELESAI', 'LUNAS', 'SAMPAI', 1, ''),
(90, 48, '2018-09-06 05:25:09', 'PROSES', 'MENUNGGU', 'SAMPAI', 1, ''),
(91, 48, '2018-09-06 05:25:35', 'SELESAI', 'LUNAS', 'SAMPAI', 1, ''),
(92, 47, '2018-09-06 05:26:06', 'PROSES', 'MENUNGGU', 'SAMPAI', 1, ''),
(93, 47, '2018-09-06 05:27:01', 'PROSES', 'MENUNGGU', 'SAMPAI', 1, ''),
(94, 47, '2018-09-06 05:27:29', 'SELESAI', 'LUNAS', 'SAMPAI', 1, ''),
(95, 41, '2018-09-06 05:27:58', 'PROSES', 'LUNAS', 'MENUNGGU', 1, ''),
(96, 41, '2018-09-06 05:28:28', 'PROSES', 'LUNAS', 'MENUNGGU', 1, ''),
(97, 41, '2018-09-06 05:29:12', 'SELESAI', 'LUNAS', 'SAMPAI', 1, ''),
(98, 39, '2018-09-06 05:29:40', 'PROSES', 'MENUNGGU', 'SAMPAI', 1, ''),
(99, 40, '2018-09-06 05:30:05', 'PROSES', 'LUNAS', 'MENUNGGU', 1, ''),
(100, 39, '2018-09-06 05:30:59', 'PROSES', 'MENUNGGU', 'SAMPAI', 1, ''),
(101, 40, '2018-09-06 05:31:38', 'PROSES', 'LUNAS', 'MENUNGGU', 1, ''),
(102, 40, '2018-09-06 05:32:24', 'SELESAI', 'LUNAS', 'SAMPAI', 1, ''),
(103, 39, '2018-09-06 05:33:06', 'SELESAI', 'LUNAS', 'SAMPAI', 1, ''),
(104, 37, '2018-09-06 05:33:39', 'PROSES', 'MENUNGGU', 'SAMPAI', 1, ''),
(105, 37, '2018-09-06 05:34:03', 'SELESAI', 'LUNAS', 'SAMPAI', 1, ''),
(106, 38, '2018-09-06 05:34:38', 'PROSES', 'MENUNGGU', 'SAMPAI', 1, ''),
(107, 38, '2018-09-06 05:34:57', 'SELESAI', 'LUNAS', 'SAMPAI', 1, ''),
(108, 36, '2018-09-06 05:35:24', 'PROSES', 'MENUNGGU', 'SAMPAI', 1, ''),
(109, 36, '2018-09-06 05:35:48', 'SELESAI', 'LUNAS', 'SAMPAI', 1, ''),
(110, 35, '2018-09-06 05:36:15', 'PROSES', 'MENUNGGU', 'SAMPAI', 1, ''),
(111, 35, '2018-09-06 05:36:37', 'SELESAI', 'LUNAS', 'SAMPAI', 1, ''),
(112, 45, '2018-09-06 05:37:07', 'PROSES', 'MENUNGGU', 'SAMPAI', 1, ''),
(113, 45, '2018-09-06 05:37:38', 'SELESAI', 'LUNAS', 'SAMPAI', 1, ''),
(114, 43, '2018-09-06 05:38:16', 'PROSES', 'MENUNGGU', 'SAMPAI', 1, ''),
(115, 43, '2018-09-06 05:38:37', 'SELESAI', 'LUNAS', 'SAMPAI', 1, ''),
(116, 42, '2018-09-06 05:39:13', 'PROSES', 'MENUNGGU', 'SAMPAI', 1, ''),
(117, 42, '2018-09-06 05:39:47', 'SELESAI', 'LUNAS', 'SAMPAI', 1, ''),
(118, 25, '2018-09-06 05:42:59', 'PROSES', 'MENUNGGU', 'SAMPAI', 1, ''),
(119, 25, '2018-09-06 05:43:49', 'SELESAI', 'LUNAS', 'SAMPAI', 1, ''),
(120, 23, '2018-09-06 06:02:51', 'SELESAI', 'LUNAS', 'SAMPAI', 1, ''),
(121, 24, '2018-09-06 06:03:41', 'PROSES', 'MENUNGGU', 'SAMPAI', 1, ''),
(122, 30, '2018-09-06 06:04:39', 'PROSES', 'LUNAS', 'MENUNGGU', 1, ''),
(123, 24, '2018-09-06 06:05:46', 'SELESAI', 'LUNAS', 'SAMPAI', 1, ''),
(124, 30, '2018-09-06 06:07:06', 'SELESAI', 'LUNAS', 'SAMPAI', 1, ''),
(125, 31, '2018-09-06 06:07:45', 'PROSES', 'MENUNGGU', 'SAMPAI', 1, ''),
(126, 31, '2018-09-06 06:08:07', 'SELESAI', 'LUNAS', 'SAMPAI', 1, ''),
(127, 11, '2018-09-06 06:08:57', 'PROSES', 'MENUNGGU', 'SAMPAI', 1, ''),
(128, 11, '2018-09-06 06:09:31', 'SELESAI', 'LUNAS', 'SAMPAI', 1, ''),
(129, 10, '2018-09-06 06:10:02', 'SELESAI', 'LUNAS', 'SAMPAI', 1, ''),
(130, 9, '2018-09-06 06:11:04', 'PROSES', 'MENUNGGU', 'SAMPAI', 1, ''),
(131, 9, '2018-09-06 06:11:28', 'SELESAI', 'LUNAS', 'SAMPAI', 1, ''),
(132, 8, '2018-09-06 06:11:56', 'PROSES', 'LUNAS', 'MENUNGGU', 1, ''),
(133, 8, '2018-09-06 06:12:24', 'SELESAI', 'LUNAS', 'SAMPAI', 1, ''),
(134, 7, '2018-09-06 06:13:01', 'PROSES', 'LUNAS', 'MENUNGGU', 1, ''),
(135, 7, '2018-09-06 06:13:37', 'SELESAI', 'LUNAS', 'SAMPAI', 1, ''),
(136, 4, '2018-09-06 06:14:20', 'PROSES', 'MENUNGGU', 'SAMPAI', 1, ''),
(137, 4, '2018-09-06 06:14:43', 'SELESAI', 'LUNAS', 'SAMPAI', 1, ''),
(138, 3, '2018-09-06 06:15:08', 'PROSES', 'LUNAS', 'MENUNGGU', 1, ''),
(139, 3, '2018-09-06 06:15:40', 'SELESAI', 'LUNAS', 'SAMPAI', 1, ''),
(140, 2, '2018-09-06 06:16:17', 'PROSES', 'LUNAS', 'MENUNGGU', 1, ''),
(141, 2, '2018-09-06 06:17:00', 'SELESAI', 'LUNAS', 'SAMPAI', 1, ''),
(142, 33, '2018-09-06 06:17:44', 'PROSES', 'LUNAS', 'MENUNGGU', 1, ''),
(143, 33, '2018-09-06 06:18:52', 'SELESAI', 'LUNAS', 'SAMPAI', 1, ''),
(144, 33, '2018-09-06 06:18:53', 'SELESAI', 'LUNAS', 'SAMPAI', 1, ''),
(145, 32, '2018-09-06 06:19:57', 'PROSES', 'LUNAS', 'MENUNGGU', 1, ''),
(146, 32, '2018-09-06 11:37:38', 'SELESAI', 'LUNAS', 'SAMPAI', 1, ''),
(147, 28, '2018-09-06 11:38:06', 'PROSES', 'LUNAS', 'MENUNGGU', 1, ''),
(148, 28, '2018-09-06 11:38:53', 'SELESAI', 'LUNAS', 'SAMPAI', 1, ''),
(149, 29, '2018-09-06 11:39:24', 'PROSES', 'LUNAS', 'MENUNGGU', 1, ''),
(150, 27, '2018-09-06 11:40:39', 'PROSES', 'MENUNGGU', 'SAMPAI', 1, ''),
(151, 27, '2018-09-06 11:41:10', 'SELESAI', 'LUNAS', 'SAMPAI', 1, ''),
(152, 20, '2018-09-06 11:42:12', 'PROSES', 'LUNAS', 'MENUNGGU', 1, ''),
(153, 20, '2018-09-06 11:42:38', 'SELESAI', 'LUNAS', 'SAMPAI', 1, ''),
(154, 19, '2018-09-06 11:43:20', 'PROSES', 'LUNAS', 'MENUNGGU', 1, ''),
(155, 19, '2018-09-06 11:43:55', 'SELESAI', 'LUNAS', 'SAMPAI', 1, ''),
(156, 18, '2018-09-06 11:44:21', 'PROSES', 'LUNAS', 'MENUNGGU', 1, ''),
(157, 18, '2018-09-06 11:45:06', 'SELESAI', 'LUNAS', 'SAMPAI', 1, ''),
(158, 17, '2018-09-06 11:45:40', 'PROSES', 'LUNAS', 'MENUNGGU', 1, ''),
(159, 17, '2018-09-06 11:46:06', 'SELESAI', 'LUNAS', 'SAMPAI', 1, ''),
(160, 29, '2018-09-06 11:46:38', 'SELESAI', 'LUNAS', 'SAMPAI', 1, ''),
(161, 1, '2018-09-06 11:52:02', 'PROSES', 'LUNAS', 'MENUNGGU', 1, ''),
(162, 1, '2018-09-06 11:52:59', 'SELESAI', 'LUNAS', 'SAMPAI', 1, ''),
(163, 16, '2018-09-06 11:53:37', 'SELESAI', 'LUNAS', 'SAMPAI', 1, ''),
(164, 26, '2018-09-06 11:54:09', 'PROSES', 'LUNAS', 'MENUNGGU', 1, ''),
(165, 26, '2018-09-06 11:54:38', 'SELESAI', 'LUNAS', 'SAMPAI', 1, ''),
(166, 13, '2018-09-06 11:55:28', 'PROSES', 'LUNAS', 'MENUNGGU', 1, ''),
(167, 13, '2018-09-06 11:55:59', 'SELESAI', 'LUNAS', 'SAMPAI', 1, ''),
(168, 21, '2018-09-06 11:56:28', 'PROSES', 'LUNAS', 'MENUNGGU', 1, ''),
(169, 21, '2018-09-06 11:56:51', 'SELESAI', 'LUNAS', 'SAMPAI', 1, ''),
(170, 15, '2018-09-06 11:57:27', 'PROSES', 'MENUNGGU', 'SAMPAI', 1, ''),
(171, 34, '2018-09-06 11:58:26', 'PROSES', 'LUNAS', 'MENUNGGU', 1, ''),
(172, 34, '2018-09-06 11:58:58', 'SELESAI', 'LUNAS', 'SAMPAI', 1, ''),
(173, 15, '2018-09-06 12:00:21', 'PROSES', 'MENUNGGU', 'SAMPAI', 1, ''),
(174, 22, '2018-09-06 12:01:16', 'PROSES', 'LUNAS', 'MENUNGGU', 1, ''),
(175, 22, '2018-09-06 12:01:50', 'SELESAI', 'LUNAS', 'SAMPAI', 1, ''),
(176, 15, '2018-09-06 12:02:26', 'SELESAI', 'LUNAS', 'SAMPAI', 1, ''),
(177, 14, '2018-09-06 12:03:06', 'PROSES', 'LUNAS', 'MENUNGGU', 1, ''),
(178, 14, '2018-09-06 12:03:32', 'SELESAI', 'LUNAS', 'SAMPAI', 1, ''),
(179, 12, '2018-09-06 12:04:01', 'PROSES', 'LUNAS', 'MENUNGGU', 1, ''),
(180, 12, '2018-09-06 12:04:48', 'SELESAI', 'LUNAS', 'SAMPAI', 1, ''),
(181, 5, '2018-09-06 12:05:22', 'PROSES', 'LUNAS', 'MENUNGGU', 1, ''),
(182, 5, '2018-09-06 12:05:52', 'SELESAI', 'LUNAS', 'SAMPAI', 1, ''),
(183, 6, '2018-09-06 12:06:47', 'PROSES', 'LUNAS', 'MENUNGGU', 1, ''),
(184, 6, '2018-09-06 12:07:08', 'SELESAI', 'LUNAS', 'SAMPAI', 1, ''),
(185, 60, '2018-09-06 12:20:06', 'PESAN', 'MENUNGGU', 'MENUNGGU', 1, ''),
(186, 61, '2018-09-06 12:36:01', 'PESAN', 'MENUNGGU', 'MENUNGGU', 1, ''),
(187, 62, '2018-09-06 12:40:15', 'PESAN', 'MENUNGGU', 'MENUNGGU', 1, ''),
(188, 63, '2018-09-06 12:41:42', 'PESAN', 'MENUNGGU', 'MENUNGGU', 1, ''),
(189, 64, '2018-09-07 05:56:50', 'PESAN', 'MENUNGGU', 'MENUNGGU', 1, ''),
(190, 65, '2018-09-07 05:58:10', 'PESAN', 'MENUNGGU', 'MENUNGGU', 1, ''),
(191, 66, '2018-09-07 06:00:50', 'PESAN', 'MENUNGGU', 'MENUNGGU', 1, ''),
(192, 67, '2018-09-07 06:27:48', 'PESAN', 'MENUNGGU', 'MENUNGGU', 1, ''),
(193, 68, '2018-09-07 06:32:16', 'PESAN', 'MENUNGGU', 'MENUNGGU', 1, ''),
(194, 69, '2018-09-07 06:34:36', 'PESAN', 'MENUNGGU', 'MENUNGGU', 1, ''),
(195, 70, '2018-09-07 06:36:32', 'PESAN', 'MENUNGGU', 'MENUNGGU', 1, ''),
(196, 71, '2018-09-07 06:56:49', 'PESAN', 'MENUNGGU', 'MENUNGGU', 1, ''),
(197, 72, '2018-09-07 06:57:45', 'PESAN', 'MENUNGGU', 'MENUNGGU', 1, ''),
(198, 73, '2018-09-07 06:59:02', 'PESAN', 'MENUNGGU', 'MENUNGGU', 1, ''),
(199, 74, '2018-09-07 07:00:00', 'PESAN', 'MENUNGGU', 'MENUNGGU', 1, ''),
(200, 75, '2018-09-07 07:02:12', 'PESAN', 'MENUNGGU', 'MENUNGGU', 1, ''),
(201, 76, '2018-09-07 07:10:00', 'PESAN', 'MENUNGGU', 'MENUNGGU', 1, ''),
(202, 77, '2018-09-07 07:12:11', 'PESAN', 'MENUNGGU', 'MENUNGGU', 1, ''),
(203, 78, '2018-09-07 07:12:53', 'PESAN', 'MENUNGGU', 'MENUNGGU', 1, ''),
(204, 79, '2018-09-07 07:15:28', 'PESAN', 'MENUNGGU', 'MENUNGGU', 1, ''),
(205, 80, '2018-09-07 07:17:44', 'PESAN', 'MENUNGGU', 'MENUNGGU', 1, ''),
(206, 81, '2018-09-07 07:20:31', 'PESAN', 'MENUNGGU', 'MENUNGGU', 1, ''),
(207, 82, '2018-09-07 07:21:04', 'PESAN', 'MENUNGGU', 'MENUNGGU', 1, ''),
(208, 83, '2018-09-07 07:22:44', 'PESAN', 'MENUNGGU', 'MENUNGGU', 1, ''),
(209, 84, '2018-09-07 07:49:09', 'PESAN', 'MENUNGGU', 'MENUNGGU', 1, ''),
(210, 85, '2018-09-07 22:30:12', 'PESAN', 'MENUNGGU', 'MENUNGGU', 1, ''),
(211, 86, '2018-09-07 22:30:48', 'PESAN', 'MENUNGGU', 'MENUNGGU', 1, ''),
(212, 87, '2018-09-07 22:31:33', 'PESAN', 'MENUNGGU', 'MENUNGGU', 1, ''),
(213, 88, '2018-09-07 22:32:48', 'PESAN', 'MENUNGGU', 'MENUNGGU', 1, ''),
(214, 89, '2018-09-07 22:46:23', 'PESAN', 'MENUNGGU', 'MENUNGGU', 1, ''),
(215, 90, '2018-09-07 22:51:14', 'PESAN', 'MENUNGGU', 'MENUNGGU', 1, ''),
(216, 91, '2018-09-07 22:53:13', 'PESAN', 'MENUNGGU', 'MENUNGGU', 1, ''),
(217, 92, '2018-09-07 22:54:03', 'PESAN', 'MENUNGGU', 'MENUNGGU', 1, ''),
(218, 93, '2018-09-07 22:54:53', 'PESAN', 'MENUNGGU', 'MENUNGGU', 1, ''),
(219, 94, '2018-09-07 23:08:12', 'PESAN', 'MENUNGGU', 'MENUNGGU', 1, ''),
(220, 95, '2018-09-07 23:09:03', 'PESAN', 'MENUNGGU', 'MENUNGGU', 1, ''),
(221, 96, '2018-09-07 23:09:32', 'PESAN', 'MENUNGGU', 'MENUNGGU', 1, ''),
(222, 97, '2018-09-07 23:10:09', 'PESAN', 'MENUNGGU', 'MENUNGGU', 1, ''),
(223, 98, '2018-09-07 23:11:17', 'PESAN', 'MENUNGGU', 'MENUNGGU', 1, ''),
(224, 99, '2018-09-07 23:12:34', 'PESAN', 'MENUNGGU', 'MENUNGGU', 1, ''),
(225, 100, '2018-09-07 23:13:57', 'PESAN', 'MENUNGGU', 'MENUNGGU', 1, ''),
(226, 101, '2018-09-07 23:14:49', 'PESAN', 'MENUNGGU', 'MENUNGGU', 1, ''),
(227, 102, '2018-09-08 02:06:57', 'PESAN', 'MENUNGGU', 'MENUNGGU', 1, ''),
(228, 103, '2018-09-08 02:08:22', 'PESAN', 'MENUNGGU', 'MENUNGGU', 1, ''),
(229, 104, '2018-09-08 02:08:59', 'PESAN', 'MENUNGGU', 'MENUNGGU', 1, ''),
(230, 105, '2018-09-10 03:18:53', 'PESAN', 'MENUNGGU', 'MENUNGGU', 1, ''),
(231, 106, '2018-09-10 03:19:51', 'PESAN', 'MENUNGGU', 'MENUNGGU', 1, ''),
(232, 107, '2018-09-10 03:20:41', 'PESAN', 'MENUNGGU', 'MENUNGGU', 1, ''),
(233, 108, '2018-09-10 03:21:26', 'PESAN', 'MENUNGGU', 'MENUNGGU', 1, ''),
(234, 109, '2018-09-10 03:22:23', 'PESAN', 'MENUNGGU', 'MENUNGGU', 1, ''),
(235, 110, '2018-09-10 03:23:36', 'PESAN', 'MENUNGGU', 'MENUNGGU', 1, ''),
(236, 111, '2018-09-10 03:26:31', 'PESAN', 'MENUNGGU', 'MENUNGGU', 1, ''),
(237, 112, '2018-09-10 03:27:58', 'PESAN', 'MENUNGGU', 'MENUNGGU', 1, ''),
(238, 113, '2018-09-10 03:28:41', 'PESAN', 'MENUNGGU', 'MENUNGGU', 1, ''),
(239, 114, '2018-09-10 03:33:44', 'PESAN', 'MENUNGGU', 'MENUNGGU', 1, ''),
(240, 115, '2018-09-10 03:36:53', 'PESAN', 'MENUNGGU', 'MENUNGGU', 1, ''),
(241, 116, '2018-09-10 03:38:09', 'PESAN', 'MENUNGGU', 'MENUNGGU', 1, ''),
(242, 117, '2018-09-10 03:39:39', 'PESAN', 'MENUNGGU', 'MENUNGGU', 1, ''),
(243, 118, '2018-09-10 03:40:48', 'PESAN', 'MENUNGGU', 'MENUNGGU', 1, ''),
(244, 119, '2018-09-10 08:20:24', 'PESAN', 'MENUNGGU', 'MENUNGGU', 1, ''),
(245, 120, '2018-09-21 02:35:33', 'PESAN', 'MENUNGGU', 'MENUNGGU', 1, ''),
(246, 121, '2018-09-21 02:44:44', 'PESAN', 'MENUNGGU', 'MENUNGGU', 1, ''),
(247, 122, '2018-09-23 08:39:05', 'PESAN', 'MENUNGGU', 'MENUNGGU', 1, ''),
(248, 123, '2018-09-23 08:43:35', 'PESAN', 'MENUNGGU', 'MENUNGGU', 1, ''),
(249, 124, '2018-09-23 08:44:42', 'PESAN', 'MENUNGGU', 'MENUNGGU', 1, ''),
(250, 125, '2018-09-23 08:46:09', 'PESAN', 'MENUNGGU', 'MENUNGGU', 1, ''),
(251, 126, '2018-09-23 08:47:22', 'PESAN', 'MENUNGGU', 'MENUNGGU', 1, ''),
(252, 127, '2018-09-23 08:48:00', 'PESAN', 'MENUNGGU', 'MENUNGGU', 1, ''),
(253, 128, '2018-09-23 08:48:54', 'PESAN', 'MENUNGGU', 'MENUNGGU', 1, ''),
(254, 129, '2018-09-23 09:06:54', 'PESAN', 'MENUNGGU', 'MENUNGGU', 1, ''),
(255, 130, '2018-09-23 09:10:33', 'PESAN', 'MENUNGGU', 'MENUNGGU', 1, ''),
(256, 131, '2018-09-23 09:36:04', 'PESAN', 'MENUNGGU', 'MENUNGGU', 1, ''),
(257, 132, '2018-09-23 09:37:43', 'PESAN', 'MENUNGGU', 'MENUNGGU', 1, ''),
(258, 133, '2018-09-23 09:38:42', 'PESAN', 'MENUNGGU', 'MENUNGGU', 1, ''),
(259, 134, '2018-09-23 09:41:37', 'PESAN', 'MENUNGGU', 'MENUNGGU', 1, ''),
(260, 135, '2018-09-23 09:42:09', 'PESAN', 'MENUNGGU', 'MENUNGGU', 1, ''),
(261, 136, '2018-09-23 09:45:03', 'PESAN', 'MENUNGGU', 'MENUNGGU', 1, ''),
(262, 137, '2018-09-23 09:46:22', 'PESAN', 'MENUNGGU', 'MENUNGGU', 1, ''),
(263, 138, '2018-09-23 09:52:01', 'PESAN', 'MENUNGGU', 'MENUNGGU', 1, ''),
(264, 139, '2018-09-23 09:55:19', 'PESAN', 'MENUNGGU', 'MENUNGGU', 1, ''),
(265, 140, '2018-09-23 10:08:03', 'PESAN', 'MENUNGGU', 'MENUNGGU', 1, ''),
(266, 141, '2018-09-23 10:32:03', 'PESAN', 'MENUNGGU', 'MENUNGGU', 1, ''),
(267, 142, '2018-09-23 10:36:27', 'PESAN', 'MENUNGGU', 'MENUNGGU', 1, ''),
(268, 143, '2018-09-23 10:40:16', 'PESAN', 'MENUNGGU', 'MENUNGGU', 1, ''),
(269, 144, '2018-09-23 10:41:11', 'PESAN', 'MENUNGGU', 'MENUNGGU', 1, ''),
(270, 145, '2018-09-23 10:43:32', 'PESAN', 'MENUNGGU', 'MENUNGGU', 1, ''),
(271, 146, '2018-09-23 10:44:59', 'PESAN', 'MENUNGGU', 'MENUNGGU', 1, ''),
(272, 147, '2018-09-23 10:47:04', 'PESAN', 'MENUNGGU', 'MENUNGGU', 1, ''),
(273, 148, '2018-09-23 10:47:49', 'PESAN', 'MENUNGGU', 'MENUNGGU', 1, ''),
(274, 149, '2018-09-23 10:48:41', 'PESAN', 'MENUNGGU', 'MENUNGGU', 1, ''),
(275, 150, '2018-09-23 10:51:18', 'PESAN', 'MENUNGGU', 'MENUNGGU', 1, ''),
(276, 151, '2018-09-23 10:51:52', 'PESAN', 'MENUNGGU', 'MENUNGGU', 1, ''),
(277, 152, '2018-09-23 10:56:41', 'PESAN', 'MENUNGGU', 'MENUNGGU', 1, ''),
(278, 153, '2018-09-23 11:03:07', 'PESAN', 'MENUNGGU', 'MENUNGGU', 1, ''),
(279, 154, '2018-09-23 11:04:57', 'PESAN', 'MENUNGGU', 'MENUNGGU', 1, ''),
(280, 155, '2018-09-23 11:05:29', 'PESAN', 'MENUNGGU', 'MENUNGGU', 1, ''),
(281, 156, '2018-09-23 11:06:53', 'PESAN', 'MENUNGGU', 'MENUNGGU', 1, ''),
(282, 157, '2018-09-23 11:09:33', 'PESAN', 'MENUNGGU', 'MENUNGGU', 1, ''),
(283, 158, '2018-09-23 11:12:11', 'PESAN', 'MENUNGGU', 'MENUNGGU', 1, ''),
(284, 159, '2018-09-23 11:14:06', 'PESAN', 'MENUNGGU', 'MENUNGGU', 1, ''),
(285, 160, '2018-09-23 11:15:22', 'PESAN', 'MENUNGGU', 'MENUNGGU', 1, ''),
(286, 161, '2018-09-23 11:17:03', 'PESAN', 'MENUNGGU', 'MENUNGGU', 1, ''),
(287, 162, '2018-09-23 11:20:19', 'PESAN', 'MENUNGGU', 'MENUNGGU', 1, ''),
(288, 163, '2018-09-23 11:21:14', 'PESAN', 'MENUNGGU', 'MENUNGGU', 1, ''),
(289, 164, '2018-09-23 11:24:05', 'PESAN', 'MENUNGGU', 'MENUNGGU', 1, ''),
(290, 165, '2018-09-23 11:29:11', 'PESAN', 'MENUNGGU', 'MENUNGGU', 1, ''),
(291, 166, '2018-09-23 11:30:48', 'PESAN', 'MENUNGGU', 'MENUNGGU', 1, ''),
(292, 167, '2018-09-23 11:31:21', 'PESAN', 'MENUNGGU', 'MENUNGGU', 1, ''),
(293, 168, '2018-09-23 11:32:32', 'PESAN', 'MENUNGGU', 'MENUNGGU', 1, ''),
(294, 169, '2018-09-23 11:35:05', 'PESAN', 'MENUNGGU', 'MENUNGGU', 1, ''),
(295, 170, '2018-09-23 11:35:46', 'PESAN', 'MENUNGGU', 'MENUNGGU', 1, ''),
(296, 171, '2018-09-23 11:36:43', 'PESAN', 'MENUNGGU', 'MENUNGGU', 1, ''),
(297, 172, '2018-09-23 11:38:11', 'PESAN', 'MENUNGGU', 'MENUNGGU', 1, ''),
(298, 173, '2018-09-23 11:41:56', 'PESAN', 'MENUNGGU', 'MENUNGGU', 1, ''),
(299, 174, '2018-09-23 11:43:19', 'PESAN', 'MENUNGGU', 'MENUNGGU', 1, ''),
(300, 175, '2018-09-23 11:44:29', 'PESAN', 'MENUNGGU', 'MENUNGGU', 1, ''),
(301, 176, '2018-09-23 11:46:29', 'PESAN', 'MENUNGGU', 'MENUNGGU', 1, ''),
(302, 177, '2018-09-23 11:47:25', 'PESAN', 'MENUNGGU', 'MENUNGGU', 1, ''),
(303, 178, '2018-09-23 11:48:20', 'PESAN', 'MENUNGGU', 'MENUNGGU', 1, ''),
(304, 179, '2018-09-23 11:53:42', 'PESAN', 'MENUNGGU', 'MENUNGGU', 1, ''),
(305, 180, '2018-09-26 02:23:32', 'PESAN', 'MENUNGGU', 'MENUNGGU', 1, ''),
(306, 181, '2018-09-26 02:24:31', 'PESAN', 'MENUNGGU', 'MENUNGGU', 1, ''),
(307, 182, '2018-09-26 02:26:11', 'PESAN', 'MENUNGGU', 'MENUNGGU', 1, ''),
(308, 183, '2018-09-26 02:28:49', 'PESAN', 'MENUNGGU', 'MENUNGGU', 1, ''),
(309, 184, '2018-09-26 02:29:37', 'PESAN', 'MENUNGGU', 'MENUNGGU', 1, ''),
(310, 185, '2018-09-26 02:30:13', 'PESAN', 'MENUNGGU', 'MENUNGGU', 1, ''),
(311, 186, '2018-09-26 02:33:44', 'PESAN', 'MENUNGGU', 'MENUNGGU', 1, ''),
(312, 187, '2018-09-26 02:35:38', 'PESAN', 'MENUNGGU', 'MENUNGGU', 1, ''),
(313, 188, '2018-09-26 03:13:49', 'PESAN', 'MENUNGGU', 'MENUNGGU', 1, ''),
(314, 189, '2018-09-26 03:16:56', 'PESAN', 'MENUNGGU', 'MENUNGGU', 1, ''),
(375, 222, '2018-10-08 13:06:39', 'PESAN', 'MENUNGGU', 'MENUNGGU', 1, NULL),
(376, 222, '2018-10-08 13:06:39', 'PROSES', 'MENUNGGU', 'SAMPAI', 1, NULL),
(377, 222, '2018-10-08 13:06:40', 'SELESAI', 'LUNAS', 'SAMPAI', 1, NULL),
(378, 223, '2018-10-15 07:13:28', 'PESAN', 'MENUNGGU', 'MENUNGGU', 1, NULL),
(379, 223, '2018-10-15 07:13:28', 'PROSES', 'MENUNGGU', 'SAMPAI', 1, NULL),
(380, 223, '2018-10-15 07:13:28', 'SELESAI', 'LUNAS', 'SAMPAI', 1, NULL),
(381, 224, '2018-10-15 07:14:01', 'PESAN', 'MENUNGGU', 'MENUNGGU', 1, NULL),
(382, 224, '2018-10-15 07:14:01', 'PROSES', 'MENUNGGU', 'SAMPAI', 1, NULL),
(383, 224, '2018-10-15 07:14:01', 'SELESAI', 'LUNAS', 'SAMPAI', 1, NULL),
(384, 225, '2018-10-15 07:14:15', 'PESAN', 'MENUNGGU', 'MENUNGGU', 1, NULL),
(385, 225, '2018-10-15 07:14:16', 'PROSES', 'MENUNGGU', 'SAMPAI', 1, NULL),
(386, 225, '2018-10-15 07:14:16', 'SELESAI', 'LUNAS', 'SAMPAI', 1, NULL),
(387, 226, '2018-10-15 07:15:29', 'PESAN', 'MENUNGGU', 'MENUNGGU', 1, NULL),
(388, 226, '2018-10-15 07:15:29', 'PROSES', 'MENUNGGU', 'SAMPAI', 1, NULL),
(389, 226, '2018-10-15 07:15:29', 'SELESAI', 'LUNAS', 'SAMPAI', 1, NULL),
(390, 227, '2018-10-15 08:12:32', 'PESAN', 'MENUNGGU', 'MENUNGGU', 1, NULL),
(391, 227, '2018-10-15 08:12:32', 'PROSES', 'MENUNGGU', 'SAMPAI', 1, NULL),
(392, 227, '2018-10-15 08:12:33', 'SELESAI', 'LUNAS', 'SAMPAI', 1, NULL),
(393, 228, '2018-10-15 08:14:01', 'PESAN', 'MENUNGGU', 'MENUNGGU', 1, NULL),
(394, 228, '2018-10-15 08:14:01', 'PROSES', 'MENUNGGU', 'SAMPAI', 1, NULL),
(395, 228, '2018-10-15 08:14:02', 'SELESAI', 'LUNAS', 'SAMPAI', 1, NULL);

-- --------------------------------------------------------

--
-- Struktur dari tabel `reset_password`
--

CREATE TABLE `reset_password` (
  `id_request` int(11) NOT NULL,
  `email` varchar(100) COLLATE utf8_unicode_ci NOT NULL,
  `reset_code` char(64) COLLATE utf8_unicode_ci NOT NULL,
  `request_time` datetime NOT NULL,
  `sent_time` datetime DEFAULT NULL,
  `reset_time` datetime DEFAULT NULL
) ENGINE=InnoDB DEFAULT CHARSET=utf8 COLLATE=utf8_unicode_ci;

-- --------------------------------------------------------

--
-- Struktur dari tabel `status_pembelian`
--

CREATE TABLE `status_pembelian` (
  `id_status` int(11) NOT NULL,
  `nama_status` varchar(20) COLLATE utf8_unicode_ci NOT NULL,
  `is_active` enum('1','0') COLLATE utf8_unicode_ci NOT NULL DEFAULT '1'
) ENGINE=InnoDB DEFAULT CHARSET=utf8 COLLATE=utf8_unicode_ci;

--
-- Dumping data untuk tabel `status_pembelian`
--

INSERT INTO `status_pembelian` (`id_status`, `nama_status`, `is_active`) VALUES
(1, 'PESAN', '1'),
(2, 'DIBAYAR', '1'),
(3, 'BARANG SAMPAI', '1'),
(4, 'DIBATALKAN', '1');

-- --------------------------------------------------------

--
-- Struktur dari tabel `stok_barang`
--

CREATE TABLE `stok_barang` (
  `id_barang` int(11) NOT NULL,
  `tgl` date NOT NULL,
  `stok` int(11) NOT NULL DEFAULT 0
) ENGINE=InnoDB DEFAULT CHARSET=utf8 COLLATE=utf8_unicode_ci;

--
-- Dumping data untuk tabel `stok_barang`
--

INSERT INTO `stok_barang` (`id_barang`, `tgl`, `stok`) VALUES
(1, '2018-08-16', 10),
(1, '2018-08-31', 0),
(2, '2018-08-31', 0),
(3, '2018-08-31', 6),
(4, '2018-08-31', 4),
(4, '2018-09-01', 4),
(4, '2018-09-03', 8),
(4, '2018-09-05', 6),
(4, '2018-09-07', 10),
(5, '2018-08-31', 8),
(5, '2018-09-05', 6),
(5, '2018-09-06', 5),
(5, '2018-09-07', 3),
(5, '2018-09-10', 0),
(6, '2018-08-31', 0),
(6, '2018-09-03', 10),
(6, '2018-09-04', 7),
(6, '2018-09-06', 6),
(6, '2018-09-07', 15),
(6, '2018-09-10', 14),
(7, '2018-08-31', 13),
(7, '2018-09-05', 12),
(7, '2018-09-07', 11),
(8, '2018-08-31', 4),
(8, '2018-09-10', 3),
(9, '2018-08-31', 4),
(9, '2018-09-01', 3),
(10, '2018-08-31', 2),
(10, '2018-09-01', 1),
(10, '2018-09-03', 6),
(10, '2018-09-07', 5),
(11, '2018-08-31', 2),
(11, '2018-09-03', 1),
(12, '2018-08-31', 0),
(13, '2018-08-31', 1),
(13, '2018-09-01', 0),
(13, '2018-09-03', 10),
(13, '2018-09-04', 9),
(13, '2018-09-05', 7),
(13, '2018-09-07', 13),
(13, '2018-09-10', 10),
(13, '2018-09-17', 20),
(14, '2018-08-31', 2),
(14, '2018-09-03', 4),
(15, '2018-08-31', 0),
(16, '2018-08-31', 3),
(16, '2018-09-10', 2),
(16, '2018-09-23', 0),
(17, '2018-08-31', 16),
(17, '2018-09-03', 13),
(17, '2018-09-07', 12),
(17, '2018-09-10', 10),
(17, '2018-09-23', 0),
(20, '2018-08-31', 2),
(20, '2018-09-23', 1),
(21, '2018-08-31', 1),
(21, '2018-09-01', 0),
(21, '2018-09-03', 3),
(21, '2018-09-07', 1),
(21, '2018-09-17', 5),
(21, '2018-09-23', 4),
(22, '2018-08-31', 6),
(22, '2018-09-04', 4),
(22, '2018-09-07', 2),
(23, '2018-08-31', 1),
(23, '2018-09-07', 0),
(24, '2018-08-31', 0),
(25, '2018-08-31', 4),
(25, '2018-09-03', 11),
(25, '2018-09-04', 9),
(25, '2018-09-06', 8),
(25, '2018-09-07', 12),
(25, '2018-09-10', 9),
(25, '2018-09-17', 34),
(26, '2018-08-31', 4),
(26, '2018-09-01', 2),
(27, '2018-08-31', 1),
(27, '2018-09-01', 0),
(27, '2018-09-03', 8),
(27, '2018-09-04', 7),
(27, '2018-09-05', 6),
(27, '2018-09-07', 4),
(28, '2018-08-31', 7),
(28, '2018-09-01', 6),
(28, '2018-09-03', 4),
(28, '2018-09-23', 3),
(29, '2018-08-31', 3),
(29, '2018-09-10', 1),
(29, '2018-09-23', 0),
(30, '2018-08-31', 10),
(30, '2018-09-01', 9),
(30, '2018-09-07', 6),
(30, '2018-09-23', 4),
(31, '2018-08-31', 2),
(32, '2018-08-31', 0),
(32, '2018-09-03', 15),
(32, '2018-09-04', 13),
(32, '2018-09-05', 12),
(32, '2018-09-07', 2),
(33, '2018-08-31', 0),
(33, '2018-09-23', 20),
(34, '2018-08-31', 6),
(34, '2018-09-07', 5),
(34, '2018-09-10', 3),
(34, '2018-09-23', 9),
(34, '2018-10-08', 7),
(35, '2018-08-31', 2),
(35, '2018-09-03', 1),
(35, '2018-09-10', 0),
(35, '2018-09-23', 1),
(35, '2018-09-26', 3),
(36, '2018-09-01', 13),
(36, '2018-09-02', 12),
(36, '2018-09-03', 6),
(36, '2018-09-07', 11),
(36, '2018-09-08', 8),
(36, '2018-09-10', 6),
(36, '2018-09-17', 16),
(36, '2018-09-23', 9),
(36, '2018-09-26', 14),
(37, '2018-09-01', 3),
(37, '2018-09-03', 0),
(37, '2018-09-07', 0),
(37, '2018-09-17', 4),
(38, '2018-09-01', 10),
(38, '2018-09-03', 9),
(38, '2018-09-04', 8),
(38, '2018-09-06', 7),
(38, '2018-09-07', 1),
(39, '2018-09-01', 4),
(39, '2018-09-03', 2),
(39, '2018-09-07', 3),
(39, '2018-09-17', 14),
(39, '2018-09-23', 7),
(39, '2018-09-26', 6),
(40, '2018-09-01', 16),
(40, '2018-09-03', 12),
(40, '2018-09-06', 10),
(40, '2018-09-07', 9),
(40, '2018-09-17', 19),
(40, '2018-09-23', 12),
(40, '2018-09-26', 9),
(41, '2018-09-01', 8),
(41, '2018-09-21', 10),
(41, '2018-09-23', 6),
(42, '2018-09-01', 1),
(42, '2018-09-04', 31),
(42, '2018-09-07', 14),
(42, '2018-09-18', 114),
(42, '2018-09-21', 113),
(42, '2018-09-23', 98),
(42, '2018-09-26', 95),
(43, '2018-09-01', 3),
(43, '2018-09-10', 12),
(43, '2018-09-23', 11),
(44, '2018-09-01', 0),
(44, '2018-09-03', 3),
(44, '2018-09-04', 2),
(44, '2018-09-10', 1),
(44, '2018-09-17', 4),
(44, '2018-09-23', 3),
(44, '2018-09-26', 6),
(46, '2018-09-01', 21),
(46, '2018-09-03', 20),
(46, '2018-09-23', 11),
(47, '2018-09-01', 4),
(47, '2018-09-04', 2),
(47, '2018-09-07', 1),
(48, '2018-09-01', 8),
(48, '2018-09-07', 6),
(48, '2018-09-17', 56),
(48, '2018-09-23', 30),
(49, '2018-09-01', 1),
(49, '2018-09-03', 0),
(50, '2018-09-02', 50),
(50, '2018-09-03', 10),
(50, '2018-09-04', 4),
(50, '2018-09-05', 3),
(50, '2018-09-07', 45),
(50, '2018-09-10', 43),
(50, '2018-09-21', 38),
(50, '2018-09-23', 15),
(50, '2018-09-26', 13),
(51, '2018-09-02', 128),
(51, '2018-09-03', 118),
(51, '2018-09-04', 112),
(51, '2018-09-05', 111),
(51, '2018-09-07', 93),
(51, '2018-09-10', 89),
(51, '2018-09-23', 50),
(52, '2018-09-02', 3),
(52, '2018-09-03', 2),
(52, '2018-09-04', 9),
(52, '2018-09-07', 5),
(52, '2018-09-08', 4),
(52, '2018-09-10', 12),
(52, '2018-09-23', 7),
(53, '2018-09-02', 5),
(53, '2018-09-17', 25),
(53, '2018-09-23', 15),
(54, '2018-09-02', 13),
(54, '2018-09-05', 12),
(54, '2018-09-07', 11),
(54, '2018-09-23', 10),
(54, '2018-09-26', 30),
(55, '2018-09-03', 1),
(55, '2018-09-23', 1),
(56, '2018-09-03', 1),
(56, '2018-09-07', 0),
(57, '2018-09-03', 1),
(57, '2018-09-04', 0),
(58, '2018-09-03', 3),
(58, '2018-09-07', 2),
(58, '2018-09-23', 1),
(59, '2018-09-03', 0),
(60, '2018-09-03', 1),
(60, '2018-09-04', 0),
(60, '2018-09-23', 0),
(61, '2018-09-03', 0),
(61, '2018-09-23', 1),
(62, '2018-09-03', 1),
(63, '2018-09-03', 1),
(63, '2018-09-04', 0),
(64, '2018-09-03', 0),
(65, '2018-09-03', 12),
(65, '2018-09-07', 11),
(65, '2018-09-10', 10),
(65, '2018-09-23', 8),
(66, '2018-09-03', 2),
(66, '2018-09-07', 0),
(66, '2018-09-23', 9),
(67, '2018-09-03', 16),
(67, '2018-09-07', 12),
(67, '2018-09-23', 11),
(68, '2018-09-03', 8),
(68, '2018-09-07', 2),
(68, '2018-09-08', 1),
(68, '2018-09-10', 11),
(68, '2018-09-23', 7),
(69, '2018-09-03', 18),
(69, '2018-09-06', 17),
(69, '2018-09-07', 10),
(69, '2018-09-23', 8),
(70, '2018-09-03', 2),
(70, '2018-09-23', 1),
(71, '2018-09-03', 4),
(71, '2018-09-07', 3),
(71, '2018-09-23', 1),
(72, '2018-09-03', 23),
(72, '2018-09-04', 22),
(72, '2018-09-05', 21),
(72, '2018-09-07', 20),
(72, '2018-09-23', 11),
(73, '2018-09-03', 5),
(73, '2018-09-07', 4),
(73, '2018-09-26', 9),
(74, '2018-09-03', 20),
(74, '2018-09-04', 19),
(74, '2018-09-05', 18),
(74, '2018-09-07', 12),
(74, '2018-09-23', 9),
(75, '2018-09-03', 2),
(75, '2018-09-04', 0),
(76, '2018-09-03', 3),
(76, '2018-09-10', 2),
(77, '2018-09-03', 24),
(77, '2018-09-07', 16),
(77, '2018-09-10', 13),
(77, '2018-09-23', 0),
(78, '2018-09-03', 67),
(78, '2018-09-04', 53),
(78, '2018-09-07', 36),
(78, '2018-09-10', 31),
(78, '2018-09-23', 18),
(79, '2018-09-03', 13),
(79, '2018-09-04', 10),
(79, '2018-09-07', 5),
(79, '2018-09-10', 4),
(79, '2018-09-23', 0),
(80, '2018-09-03', 5),
(80, '2018-09-05', 4),
(80, '2018-09-07', 3),
(81, '2018-09-03', 2),
(81, '2018-09-04', 0),
(82, '2018-09-03', 0),
(82, '2018-09-17', 3),
(82, '2018-09-23', 2),
(83, '2018-09-03', 1),
(83, '2018-09-04', 0),
(84, '2018-09-03', 8),
(84, '2018-09-07', 0),
(84, '2018-09-23', 13),
(84, '2018-09-26', 10),
(85, '2018-09-03', 4),
(85, '2018-09-07', -1),
(86, '2018-09-03', 6),
(86, '2018-09-05', 5),
(86, '2018-09-07', 0),
(86, '2018-09-10', 5),
(86, '2018-09-23', 3),
(87, '2018-09-04', 30),
(87, '2018-09-05', 21),
(87, '2018-09-07', 19),
(87, '2018-09-21', 17),
(87, '2018-09-23', 12),
(87, '2018-09-26', 9),
(88, '2018-09-04', 10),
(88, '2018-09-07', 5),
(88, '2018-09-23', 3),
(89, '2018-09-04', 10),
(89, '2018-09-07', 6),
(89, '2018-09-23', 4),
(90, '2018-09-04', 2),
(90, '2018-09-23', 1),
(91, '2018-09-04', 2),
(91, '2018-09-05', 1),
(92, '2018-09-04', 0),
(93, '2018-09-04', 0),
(93, '2018-09-07', 7),
(94, '2018-09-04', 0),
(95, '2018-09-04', 1),
(95, '2018-09-05', 0),
(96, '2018-09-05', 10),
(96, '2018-09-07', 9),
(96, '2018-09-10', 8),
(96, '2018-09-23', 5),
(96, '2018-09-26', 17),
(97, '2018-09-06', 0),
(98, '2018-09-07', 2),
(98, '2018-09-23', 2),
(99, '2018-09-07', 4),
(99, '2018-09-10', 2),
(99, '2018-09-17', 10),
(99, '2018-09-23', 7),
(100, '2018-09-07', 6),
(100, '2018-09-17', 10),
(100, '2018-09-23', 9),
(100, '2018-09-26', 11),
(101, '2018-09-07', 5),
(101, '2018-09-10', 1),
(101, '2018-09-17', 6),
(101, '2018-09-23', 1),
(102, '2018-09-07', 1),
(103, '2018-09-07', 16),
(103, '2018-09-10', 14),
(103, '2018-09-21', 33),
(103, '2018-09-23', 23),
(104, '2018-09-07', 20),
(105, '2018-09-07', 1),
(105, '2018-09-23', 0),
(106, '2018-09-07', 1),
(107, '2018-09-07', 10),
(107, '2018-09-08', 9),
(107, '2018-09-23', 8),
(108, '2018-09-07', 50),
(108, '2018-09-10', 49),
(108, '2018-09-23', 34),
(108, '2018-09-26', 33),
(109, '2018-09-07', 13),
(109, '2018-09-23', 11),
(110, '2018-09-07', 7),
(110, '2018-09-08', 6),
(110, '2018-09-18', 16),
(110, '2018-09-21', 15),
(110, '2018-09-23', 13),
(111, '2018-09-07', 13),
(111, '2018-09-23', 2),
(112, '2018-09-07', 4),
(112, '2018-09-23', 1),
(113, '2018-09-07', 4),
(114, '2018-09-07', 1),
(114, '2018-09-10', 9),
(114, '2018-09-23', 6),
(114, '2018-09-26', 4),
(115, '2018-09-07', 2),
(115, '2018-09-23', 1),
(116, '2018-09-07', 6),
(116, '2018-09-10', 5),
(116, '2018-09-23', 4),
(117, '2018-09-07', 1),
(118, '2018-09-10', 10),
(118, '2018-09-23', 6),
(118, '2018-09-26', 5),
(119, '2018-09-10', 10),
(119, '2018-09-23', 5),
(120, '2018-09-10', 14),
(120, '2018-09-23', 6),
(121, '2018-09-10', 21),
(121, '2018-09-23', 16),
(121, '2018-09-26', 11),
(122, '2018-09-10', 3),
(122, '2018-09-23', 2),
(123, '2018-09-10', 4),
(124, '2018-09-17', 49),
(124, '2018-09-23', 15),
(125, '2018-09-17', 0),
(126, '2018-09-17', 8),
(126, '2018-09-26', 9),
(127, '2018-09-17', 25),
(127, '2018-09-23', 19),
(127, '2018-09-26', 19),
(128, '2018-09-17', 2),
(129, '2018-09-17', 10),
(129, '2018-09-23', 4),
(130, '2018-09-17', 25),
(130, '2018-09-23', 22),
(130, '2018-09-26', 19),
(131, '2018-09-17', 15),
(131, '2018-09-23', 7),
(132, '2018-09-17', 0),
(132, '2018-09-23', 8),
(133, '2018-09-17', 4),
(133, '2018-09-23', 2),
(135, '2018-09-18', 20),
(135, '2018-09-26', 13),
(136, '2018-09-18', 10),
(136, '2018-09-26', 9),
(137, '2018-09-18', 10),
(138, '2018-09-23', 45),
(138, '2018-09-26', 77),
(139, '2018-09-23', 3),
(140, '2018-09-23', 3),
(141, '2018-09-23', 16),
(141, '2018-09-26', 14),
(142, '2018-09-23', 10),
(142, '2018-09-26', 9),
(143, '2018-09-23', 10),
(143, '2018-09-26', 9),
(144, '2018-09-23', 4),
(145, '2018-09-23', 1),
(145, '2019-06-12', 0),
(146, '2018-09-23', 1),
(147, '2018-09-23', 1),
(148, '2018-09-23', 5),
(149, '2018-09-23', 4),
(150, '2018-09-23', 1),
(151, '2018-09-23', 2),
(152, '2018-09-23', 2),
(152, '2018-10-08', 0),
(153, '2018-09-23', 28),
(153, '2018-10-08', 24),
(153, '2019-06-12', 0),
(154, '2018-09-23', 7),
(154, '2018-10-08', 6),
(154, '2019-06-12', 0),
(156, '2018-09-26', 0),
(157, '2018-09-26', 10),
(157, '2018-10-08', 3),
(157, '2019-06-12', 0),
(158, '2018-09-26', 2),
(158, '2018-10-08', 0),
(159, '2018-09-26', 15),
(159, '2018-10-08', 13),
(159, '2019-06-12', 0),
(160, '2018-09-26', 12),
(160, '2018-10-08', 9),
(160, '2018-10-15', 6),
(160, '2019-06-12', 0);

-- --------------------------------------------------------

--
-- Struktur dari tabel `supplier`
--

CREATE TABLE `supplier` (
  `id_supplier` int(11) NOT NULL,
  `nama` varchar(255) COLLATE utf8_unicode_ci NOT NULL,
  `alamat` text COLLATE utf8_unicode_ci DEFAULT NULL,
  `no_telp` varchar(255) COLLATE utf8_unicode_ci DEFAULT NULL,
  `keterangan` text COLLATE utf8_unicode_ci DEFAULT NULL,
  `created_time` datetime NOT NULL DEFAULT current_timestamp(),
  `last_modified_time` datetime NOT NULL DEFAULT current_timestamp(),
  `last_modified_user` int(11) NOT NULL DEFAULT 1,
  `is_active` enum('0','1') COLLATE utf8_unicode_ci NOT NULL DEFAULT '1'
) ENGINE=InnoDB DEFAULT CHARSET=utf8 COLLATE=utf8_unicode_ci;

--
-- Dumping data untuk tabel `supplier`
--

INSERT INTO `supplier` (`id_supplier`, `nama`, `alamat`, `no_telp`, `keterangan`, `created_time`, `last_modified_time`, `last_modified_user`, `is_active`) VALUES
(1, 'Js shop', 'surabaya', 'bbm', 'gudang lemari portable', '2018-08-17 05:51:06', '2018-08-31 08:28:03', 1, '1'),
(2, 'PG shop', 'surabaya', 'bbm', 'perabot rumah tangga', '2018-08-31 08:23:12', '2018-08-31 08:28:47', 1, '1'),
(3, 'FLS store', 'surabaya', 'bbm', 'barang unik', '2018-08-31 08:24:37', '2018-08-31 08:29:35', 1, '1'),
(4, 'ZM store', 'jl. malang kepanjen', 'bbm', 'gudang magicom, blender', '2018-08-31 08:25:56', '2018-08-31 08:30:10', 1, '1'),
(5, 'BM shop', 'surabaya', 'bbm', 'gudang baru termos', '2018-08-31 08:27:05', '2018-08-31 08:27:05', 1, '1'),
(6, 'toko grosir mainan', 'malang', NULL, NULL, '2018-09-03 16:17:33', '2018-09-03 16:17:33', 1, '1');

-- --------------------------------------------------------

--
-- Struktur dari tabel `trans_pembelian`
--

CREATE TABLE `trans_pembelian` (
  `id_trans` int(11) NOT NULL,
  `id_supplier` int(11) NOT NULL,
  `waktu_transaksi` datetime NOT NULL DEFAULT current_timestamp(),
  `id_status` int(11) NOT NULL,
  `biaya_tambahan` decimal(12,2) NOT NULL DEFAULT 0.00,
  `keterangan` text COLLATE utf8_unicode_ci DEFAULT NULL,
  `status_transaksi` enum('PESAN','DIBAYAR','SELESAI','BATAL') COLLATE utf8_unicode_ci NOT NULL DEFAULT 'PESAN',
  `created_time` datetime NOT NULL DEFAULT current_timestamp(),
  `last_upd_user` int(11) NOT NULL DEFAULT 1,
  `last_upd_time` datetime NOT NULL DEFAULT current_timestamp()
) ENGINE=InnoDB DEFAULT CHARSET=utf8 COLLATE=utf8_unicode_ci;

--
-- Dumping data untuk tabel `trans_pembelian`
--

INSERT INTO `trans_pembelian` (`id_trans`, `id_supplier`, `waktu_transaksi`, `id_status`, `biaya_tambahan`, `keterangan`, `status_transaksi`, `created_time`, `last_upd_user`, `last_upd_time`) VALUES
(4, 2, '2018-09-03 23:01:00', 0, '0.00', NULL, 'SELESAI', '2018-09-03 16:02:19', 1, '2018-09-03 22:29:47'),
(24, 4, '2018-09-03 23:14:00', 0, '0.00', NULL, 'SELESAI', '2018-09-03 16:14:46', 1, '2018-09-03 22:27:04'),
(27, 6, '2018-09-03 23:17:00', 0, '0.00', NULL, 'SELESAI', '2018-09-03 16:18:10', 1, '2018-09-03 22:26:31'),
(28, 3, '2018-09-04 08:00:00', 0, '0.00', NULL, 'SELESAI', '2018-09-04 13:30:42', 1, '2018-09-04 13:30:59'),
(29, 4, '2018-09-07 12:54:00', 0, '0.00', NULL, 'PESAN', '2018-09-07 05:55:00', 1, '2018-09-07 07:23:46'),
(30, 1, '2018-09-06 13:03:00', 0, '0.00', NULL, 'PESAN', '2018-09-07 06:06:18', 1, '2018-09-23 09:20:55'),
(31, 2, '2018-09-06 13:06:00', 0, '0.00', NULL, 'PESAN', '2018-09-07 06:08:53', 1, '2018-09-07 06:08:53'),
(32, 5, '2018-09-04 13:48:00', 0, '0.00', NULL, 'PESAN', '2018-09-07 06:48:44', 1, '2018-09-07 06:48:44'),
(33, 6, '2018-09-08 10:12:00', 0, '0.00', NULL, 'PESAN', '2018-09-10 03:12:55', 1, '2018-09-10 03:12:56'),
(34, 3, '2018-09-08 10:15:00', 0, '0.00', NULL, 'PESAN', '2018-09-10 03:17:33', 1, '2018-09-10 03:17:33'),
(35, 5, '2018-09-13 11:00:00', 0, '0.00', NULL, 'PESAN', '2018-09-17 22:43:37', 1, '2018-09-17 22:43:37'),
(36, 1, '2018-09-14 11:00:00', 0, '140000.00', 'better beater', 'PESAN', '2018-09-17 22:46:55', 1, '2018-09-17 22:46:55'),
(37, 1, '2018-09-10 10:00:00', 0, '0.00', NULL, 'PESAN', '2018-09-17 22:48:38', 1, '2018-09-17 22:48:38'),
(38, 2, '2018-09-14 13:00:00', 0, '0.00', NULL, 'PESAN', '2018-09-17 22:49:40', 1, '2018-09-17 22:49:40'),
(39, 2, '2018-09-13 17:00:00', 0, '0.00', NULL, 'PESAN', '2018-09-17 22:50:50', 1, '2018-09-17 22:50:50'),
(40, 2, '2018-09-11 15:00:00', 0, '0.00', NULL, 'PESAN', '2018-09-17 22:51:53', 1, '2018-09-17 22:51:53'),
(41, 5, '2018-09-18 13:43:00', 0, '0.00', NULL, 'PESAN', '2018-09-18 06:44:36', 1, '2018-09-18 06:44:36'),
(42, 1, '2018-09-20 09:32:00', 0, '0.00', NULL, 'PESAN', '2018-09-21 02:33:04', 1, '2018-09-21 02:33:04'),
(43, 2, '2018-09-21 15:31:00', 0, '0.00', NULL, 'PESAN', '2018-09-23 08:31:44', 1, '2018-09-23 08:32:26'),
(44, 1, '2018-09-23 09:46:00', 0, '0.00', NULL, 'PESAN', '2018-09-26 02:49:16', 1, '2018-09-26 02:50:16'),
(45, 2, '2018-09-23 09:58:00', 0, '0.00', NULL, 'PESAN', '2018-09-26 02:59:05', 1, '2018-09-26 02:59:05'),
(46, 2, '2018-09-25 09:59:00', 0, '0.00', NULL, 'PESAN', '2018-09-26 03:01:00', 1, '2018-09-26 03:01:00');

-- --------------------------------------------------------

--
-- Struktur dari tabel `trans_pembelian_detail`
--

CREATE TABLE `trans_pembelian_detail` (
  `id_trans_detail` int(11) NOT NULL,
  `id_trans` int(11) NOT NULL,
  `id_barang_history` int(11) NOT NULL,
  `jumlah_pax` int(11) NOT NULL
) ENGINE=InnoDB DEFAULT CHARSET=utf8 COLLATE=utf8_unicode_ci;

--
-- Dumping data untuk tabel `trans_pembelian_detail`
--

INSERT INTO `trans_pembelian_detail` (`id_trans_detail`, `id_trans`, `id_barang_history`, `jumlah_pax`) VALUES
(1, 4, 21, 5),
(2, 4, 22, 10),
(3, 4, 26, 5),
(4, 4, 29, 10),
(5, 4, 30, 2),
(6, 4, 35, 3),
(7, 4, 38, 10),
(8, 4, 40, 8),
(9, 4, 44, 15),
(10, 4, 55, 3),
(11, 4, 14, 12),
(12, 4, 76, 5),
(13, 4, 77, 20),
(14, 4, 78, 2),
(15, 4, 79, 3),
(16, 4, 80, 24),
(17, 4, 81, 56),
(18, 4, 82, 10),
(19, 4, 83, 5),
(20, 4, 84, 2),
(21, 24, 18, 1),
(22, 24, 86, 1),
(23, 27, 89, 6),
(24, 28, 53, 30),
(25, 28, 62, 10),
(26, 28, 90, 30),
(27, 28, 91, 10),
(28, 28, 92, 12),
(29, 29, 37, 1),
(30, 29, 16, 2),
(31, 29, 104, 1),
(32, 30, 47, 7),
(33, 30, 48, 2),
(34, 30, 50, 3),
(35, 30, 87, 21),
(36, 30, 101, 4),
(37, 30, 102, 6),
(38, 30, 105, 20),
(39, 30, 106, 20),
(40, 31, 21, 5),
(41, 31, 22, 10),
(42, 31, 29, 10),
(43, 31, 38, 15),
(44, 31, 96, 7),
(45, 31, 103, 5),
(46, 32, 60, 50),
(47, 32, 109, 12),
(48, 32, 110, 50),
(49, 33, 89, 5),
(50, 33, 124, 3),
(51, 34, 54, 10),
(52, 34, 62, 10),
(53, 34, 71, 10),
(54, 34, 116, 10),
(55, 34, 120, 10),
(56, 34, 121, 10),
(57, 34, 122, 14),
(58, 34, 123, 20),
(59, 34, 125, 3),
(60, 35, 58, 50),
(61, 35, 63, 20),
(62, 35, 126, 49),
(63, 36, 48, 4),
(64, 36, 50, 6),
(65, 36, 51, 10),
(66, 36, 101, 2),
(67, 36, 102, 4),
(68, 36, 128, 8),
(69, 36, 129, 25),
(70, 37, 47, 10),
(71, 37, 50, 5),
(72, 37, 101, 6),
(73, 37, 130, 2),
(74, 38, 29, 10),
(75, 38, 35, 4),
(76, 38, 38, 25),
(77, 39, 85, 3),
(78, 39, 12, 10),
(79, 39, 131, 25),
(80, 40, 55, 3),
(81, 40, 103, 5),
(82, 40, 11, 15),
(83, 41, 53, 100),
(84, 41, 112, 10),
(85, 41, 133, 20),
(86, 41, 134, 10),
(87, 41, 135, 10),
(88, 42, 52, 2),
(89, 42, 105, 20),
(90, 43, 45, 20),
(91, 43, 46, 2),
(92, 43, 136, 57),
(93, 44, 47, 5),
(94, 44, 64, 20),
(95, 44, 99, 15),
(96, 44, 102, 2),
(97, 44, 128, 2),
(98, 44, 129, 1),
(99, 44, 156, 15),
(100, 45, 76, 5),
(101, 45, 157, 12),
(102, 46, 46, 2),
(103, 46, 55, 3),
(104, 46, 136, 43),
(105, 46, 154, 10);

-- --------------------------------------------------------

--
-- Struktur dari tabel `trans_penjualan`
--

CREATE TABLE `trans_penjualan` (
  `id_trans` int(11) NOT NULL,
  `jenis_transaksi` enum('BIASA','RESELLER') COLLATE utf8_unicode_ci NOT NULL DEFAULT 'BIASA',
  `id_pelanggan` int(11) NOT NULL,
  `waktu_transaksi` datetime NOT NULL DEFAULT current_timestamp(),
  `diskon` decimal(12,2) NOT NULL DEFAULT 0.00,
  `biaya_tambahan` decimal(12,2) NOT NULL DEFAULT 0.00,
  `biaya_pembatalan` decimal(12,2) NOT NULL DEFAULT 0.00,
  `keterangan` text COLLATE utf8_unicode_ci DEFAULT NULL,
  `status_transaksi` enum('PESAN','PROSES','SELESAI','BATAL') COLLATE utf8_unicode_ci NOT NULL DEFAULT 'PESAN',
  `status_pembayaran` enum('MENUNGGU','SEBAGIAN','LUNAS','BATAL') COLLATE utf8_unicode_ci NOT NULL DEFAULT 'MENUNGGU',
  `status_pengiriman` enum('MENUNGGU','PROSES','SAMPAI','GAGAL') COLLATE utf8_unicode_ci NOT NULL DEFAULT 'MENUNGGU',
  `created_time` datetime NOT NULL DEFAULT current_timestamp(),
  `last_upd_user` int(11) NOT NULL DEFAULT 1,
  `last_upd_time` datetime NOT NULL DEFAULT current_timestamp()
) ENGINE=InnoDB DEFAULT CHARSET=utf8 COLLATE=utf8_unicode_ci;

--
-- Dumping data untuk tabel `trans_penjualan`
--

INSERT INTO `trans_penjualan` (`id_trans`, `jenis_transaksi`, `id_pelanggan`, `waktu_transaksi`, `diskon`, `biaya_tambahan`, `biaya_pembatalan`, `keterangan`, `status_transaksi`, `status_pembayaran`, `status_pengiriman`, `created_time`, `last_upd_user`, `last_upd_time`) VALUES
(1, 'RESELLER', 12, '2018-09-01 08:00:00', '0.00', '0.00', '0.00', 'laba 10.000', 'SELESAI', 'LUNAS', 'SAMPAI', '2018-09-01 15:05:45', 1, '2018-09-06 11:52:59'),
(2, 'RESELLER', 53, '2018-09-01 08:00:00', '0.00', '0.00', '0.00', 'laba 15.000', 'SELESAI', 'LUNAS', 'SAMPAI', '2018-09-01 15:07:09', 1, '2018-09-06 06:17:00'),
(3, 'RESELLER', 26, '2018-09-01 08:00:00', '0.00', '0.00', '0.00', NULL, 'SELESAI', 'LUNAS', 'SAMPAI', '2018-09-01 15:12:19', 1, '2018-09-06 06:15:40'),
(4, 'RESELLER', 38, '2018-09-01 08:00:00', '0.00', '0.00', '0.00', NULL, 'SELESAI', 'LUNAS', 'SAMPAI', '2018-09-01 15:13:59', 1, '2018-09-06 06:14:43'),
(5, 'RESELLER', 58, '2018-09-01 17:30:00', '0.00', '0.00', '0.00', NULL, 'SELESAI', 'LUNAS', 'SAMPAI', '2018-09-01 15:16:01', 1, '2018-09-06 12:05:52'),
(6, 'RESELLER', 76, '2018-09-01 14:00:00', '0.00', '0.00', '0.00', NULL, 'SELESAI', 'LUNAS', 'SAMPAI', '2018-09-01 15:23:27', 1, '2018-09-06 12:07:08'),
(7, 'RESELLER', 73, '2018-09-01 08:00:00', '0.00', '0.00', '0.00', 'laba sudah diambil', 'SELESAI', 'LUNAS', 'SAMPAI', '2018-09-01 15:24:48', 1, '2018-09-06 06:13:37'),
(8, 'RESELLER', 74, '2018-09-01 08:00:00', '0.00', '0.00', '0.00', 'laba 7.000', 'SELESAI', 'LUNAS', 'SAMPAI', '2018-09-01 15:27:39', 1, '2018-09-06 06:12:24'),
(9, 'RESELLER', 73, '2018-09-01 08:00:00', '0.00', '0.00', '0.00', 'laba sudah diambil', 'SELESAI', 'LUNAS', 'SAMPAI', '2018-09-01 15:30:18', 1, '2018-09-06 06:11:28'),
(10, 'RESELLER', 9, '2018-09-01 08:00:00', '0.00', '0.00', '0.00', 'laba 50.000', 'SELESAI', 'LUNAS', 'SAMPAI', '2018-09-01 15:34:02', 1, '2018-09-06 06:10:02'),
(11, 'RESELLER', 77, '2018-09-01 08:00:00', '0.00', '0.00', '0.00', 'laba 25.000', 'SELESAI', 'LUNAS', 'SAMPAI', '2018-09-01 15:36:17', 1, '2018-09-06 06:09:31'),
(12, 'RESELLER', 23, '2018-09-02 10:00:00', '0.00', '0.00', '0.00', NULL, 'SELESAI', 'LUNAS', 'SAMPAI', '2018-09-02 11:06:17', 1, '2018-09-06 12:04:48'),
(13, 'RESELLER', 16, '2018-09-02 22:00:00', '0.00', '0.00', '0.00', 'lunas', 'SELESAI', 'LUNAS', 'SAMPAI', '2018-09-03 03:23:48', 1, '2018-09-06 11:55:59'),
(14, 'BIASA', 78, '2018-09-02 10:28:00', '0.00', '0.00', '0.00', NULL, 'SELESAI', 'LUNAS', 'SAMPAI', '2018-09-03 03:30:06', 1, '2018-09-06 12:03:32'),
(15, 'RESELLER', 11, '2018-09-03 10:33:00', '0.00', '0.00', '0.00', NULL, 'SELESAI', 'LUNAS', 'SAMPAI', '2018-09-03 03:33:38', 1, '2018-09-06 12:02:26'),
(16, 'RESELLER', 9, '2018-09-03 10:34:00', '0.00', '0.00', '0.00', 'simpan laba 17.000', 'SELESAI', 'LUNAS', 'SAMPAI', '2018-09-03 03:34:34', 1, '2018-09-06 11:53:37'),
(17, 'RESELLER', 21, '2018-09-03 10:46:00', '1500.00', '0.00', '0.00', 'kirim', 'SELESAI', 'LUNAS', 'SAMPAI', '2018-09-03 03:48:06', 1, '2018-09-06 11:46:06'),
(18, 'RESELLER', 77, '2018-09-03 10:48:00', '0.00', '0.00', '0.00', 'simpan laba 20.000', 'SELESAI', 'LUNAS', 'SAMPAI', '2018-09-03 03:51:29', 1, '2018-09-06 11:45:06'),
(19, 'RESELLER', 31, '2018-09-03 10:51:00', '0.00', '0.00', '0.00', NULL, 'SELESAI', 'LUNAS', 'SAMPAI', '2018-09-03 03:53:05', 1, '2018-09-06 11:43:55'),
(20, 'RESELLER', 63, '2018-09-03 10:53:00', '12000.00', '0.00', '0.00', 'lunas', 'SELESAI', 'LUNAS', 'SAMPAI', '2018-09-03 03:54:46', 1, '2018-09-06 11:42:39'),
(21, 'RESELLER', 80, '2018-09-03 10:00:00', '4000.00', '0.00', '0.00', NULL, 'SELESAI', 'LUNAS', 'SAMPAI', '2018-09-03 14:45:35', 1, '2018-09-06 11:56:51'),
(22, 'RESELLER', 75, '2018-09-03 08:30:00', '0.00', '0.00', '0.00', NULL, 'SELESAI', 'LUNAS', 'SAMPAI', '2018-09-03 14:55:06', 1, '2018-09-06 12:01:50'),
(23, 'RESELLER', 41, '2018-09-03 20:00:00', '0.00', '0.00', '0.00', NULL, 'SELESAI', 'LUNAS', 'SAMPAI', '2018-09-03 14:58:30', 1, '2018-09-06 06:02:51'),
(24, 'RESELLER', 58, '2018-09-03 19:00:00', '0.00', '0.00', '0.00', NULL, 'SELESAI', 'LUNAS', 'SAMPAI', '2018-09-03 14:59:23', 1, '2018-09-06 06:05:46'),
(25, 'RESELLER', 81, '2018-09-03 22:23:00', '2000.00', '0.00', '0.00', NULL, 'SELESAI', 'LUNAS', 'SAMPAI', '2018-09-03 15:24:36', 1, '2018-09-06 05:43:49'),
(26, 'RESELLER', 12, '2018-09-03 08:30:00', '3000.00', '0.00', '0.00', NULL, 'SELESAI', 'LUNAS', 'SAMPAI', '2018-09-03 15:29:08', 1, '2018-09-06 11:54:38'),
(27, 'RESELLER', 9, '2018-09-03 13:20:00', '0.00', '0.00', '0.00', 'kirim pos', 'SELESAI', 'LUNAS', 'SAMPAI', '2018-09-03 15:44:07', 1, '2018-09-06 11:41:10'),
(28, 'RESELLER', 9, '2018-09-03 13:40:00', '0.00', '0.00', '0.00', 'simpan laba 70.000', 'SELESAI', 'LUNAS', 'SAMPAI', '2018-09-03 15:45:32', 1, '2018-09-06 11:38:53'),
(29, 'RESELLER', 9, '2018-09-03 13:50:00', '0.00', '0.00', '0.00', 'simpan laba 55.000', 'SELESAI', 'LUNAS', 'SAMPAI', '2018-09-03 15:46:45', 1, '2018-09-06 11:46:38'),
(30, 'RESELLER', 82, '2018-09-03 17:00:00', '0.00', '0.00', '0.00', NULL, 'SELESAI', 'LUNAS', 'SAMPAI', '2018-09-03 15:48:13', 1, '2018-09-06 06:07:06'),
(31, 'RESELLER', 67, '2018-09-03 16:20:00', '2000.00', '0.00', '0.00', NULL, 'SELESAI', 'LUNAS', 'SAMPAI', '2018-09-03 15:49:06', 1, '2018-09-06 06:08:07'),
(32, 'RESELLER', 83, '2018-09-03 14:00:00', '30000.00', '0.00', '0.00', 'simpan laba 120.000', 'SELESAI', 'LUNAS', 'SAMPAI', '2018-09-03 15:51:41', 1, '2018-09-06 11:37:38'),
(33, 'RESELLER', 5, '2018-09-03 16:00:00', '0.00', '0.00', '0.00', NULL, 'SELESAI', 'LUNAS', 'SAMPAI', '2018-09-03 15:55:33', 1, '2018-09-06 06:18:54'),
(34, 'RESELLER', 84, '2018-09-02 20:00:00', '0.00', '0.00', '0.00', 'lunas', 'SELESAI', 'LUNAS', 'SAMPAI', '2018-09-03 16:01:16', 1, '2018-09-06 11:58:58'),
(35, 'RESELLER', 32, '2018-09-04 13:00:00', '2000.00', '0.00', '0.00', NULL, 'SELESAI', 'LUNAS', 'SAMPAI', '2018-09-04 14:26:12', 1, '2018-09-06 05:36:37'),
(36, 'RESELLER', 85, '2018-09-04 13:05:00', '10000.00', '0.00', '0.00', NULL, 'SELESAI', 'LUNAS', 'SAMPAI', '2018-09-04 14:30:10', 1, '2018-09-06 05:35:48'),
(37, 'RESELLER', 86, '2018-09-04 13:10:00', '3000.00', '0.00', '0.00', NULL, 'SELESAI', 'LUNAS', 'SAMPAI', '2018-09-04 14:37:21', 1, '2018-09-06 05:34:03'),
(38, 'RESELLER', 77, '2018-09-04 13:10:00', '0.00', '0.00', '0.00', 'dropship laba 15.000', 'SELESAI', 'LUNAS', 'SAMPAI', '2018-09-04 14:39:37', 1, '2018-09-06 05:34:57'),
(39, 'RESELLER', 83, '2018-09-04 13:15:00', '10000.00', '0.00', '0.00', 'simpan laba 100', 'SELESAI', 'LUNAS', 'SAMPAI', '2018-09-04 14:42:03', 1, '2018-09-06 05:33:06'),
(40, 'RESELLER', 12, '2018-09-04 13:16:00', '2000.00', '0.00', '0.00', 'simpan laba 22.000', 'SELESAI', 'LUNAS', 'SAMPAI', '2018-09-04 14:43:55', 1, '2018-09-06 05:32:24'),
(41, 'RESELLER', 9, '2018-09-04 13:18:00', '0.00', '0.00', '0.00', 'simpan laba 44.000', 'SELESAI', 'LUNAS', 'SAMPAI', '2018-09-04 14:45:42', 1, '2018-09-06 05:29:12'),
(42, 'RESELLER', 9, '2018-09-04 09:30:00', '0.00', '0.00', '0.00', 'simpan laba 20.000', 'SELESAI', 'LUNAS', 'SAMPAI', '2018-09-04 14:46:50', 1, '2018-09-06 05:39:47'),
(43, 'RESELLER', 87, '2018-09-04 09:32:00', '0.00', '0.00', '0.00', NULL, 'SELESAI', 'LUNAS', 'SAMPAI', '2018-09-04 14:47:44', 1, '2018-09-06 05:38:37'),
(44, 'RESELLER', 9, '2018-09-04 21:49:00', '0.00', '0.00', '0.00', 'simpan laba 20.000', 'SELESAI', 'LUNAS', 'SAMPAI', '2018-09-04 14:50:44', 1, '2018-09-06 05:23:30'),
(45, 'RESELLER', 77, '2018-09-04 09:45:00', '0.00', '0.00', '0.00', 'simpan laba 135.000', 'SELESAI', 'LUNAS', 'SAMPAI', '2018-09-04 14:56:18', 1, '2018-09-06 05:37:38'),
(46, 'RESELLER', 77, '2018-09-04 14:00:00', '0.00', '0.00', '0.00', 'kirim pos', 'SELESAI', 'LUNAS', 'SAMPAI', '2018-09-04 14:57:23', 1, '2018-09-06 05:24:32'),
(47, 'RESELLER', 88, '2018-09-04 13:50:00', '2000.00', '0.00', '0.00', NULL, 'SELESAI', 'LUNAS', 'SAMPAI', '2018-09-04 15:00:59', 1, '2018-09-06 05:27:29'),
(48, 'RESELLER', 9, '2018-09-04 13:55:00', '0.00', '0.00', '0.00', 'simpan laba 125.000', 'SELESAI', 'LUNAS', 'SAMPAI', '2018-09-04 15:03:13', 1, '2018-09-06 05:25:35'),
(49, 'RESELLER', 9, '2018-09-05 11:57:00', '0.00', '0.00', '0.00', 'simpan laba 68.000', 'SELESAI', 'LUNAS', 'SAMPAI', '2018-09-05 04:58:29', 1, '2018-09-06 05:22:36'),
(50, 'RESELLER', 25, '2018-09-05 11:59:00', '0.00', '0.00', '0.00', NULL, 'SELESAI', 'LUNAS', 'SAMPAI', '2018-09-05 04:59:19', 1, '2018-09-06 05:20:32'),
(51, 'RESELLER', 31, '2018-09-05 11:59:00', '0.00', '0.00', '0.00', 'transfer', 'SELESAI', 'LUNAS', 'SAMPAI', '2018-09-05 05:00:14', 1, '2018-09-06 05:21:28'),
(52, 'RESELLER', 74, '2018-09-05 12:00:00', '0.00', '0.00', '0.00', 'dropship simpan laba 15.000', 'SELESAI', 'LUNAS', 'SAMPAI', '2018-09-05 05:01:20', 1, '2018-09-06 05:18:39'),
(53, 'RESELLER', 89, '2018-09-05 12:04:00', '8000.00', '0.00', '0.00', NULL, 'SELESAI', 'LUNAS', 'SAMPAI', '2018-09-05 05:05:32', 1, '2018-09-06 05:17:01'),
(54, 'RESELLER', 9, '2018-09-05 12:06:00', '0.00', '0.00', '0.00', 'potong laba 23.000', 'SELESAI', 'LUNAS', 'SAMPAI', '2018-09-05 05:06:47', 1, '2018-09-06 05:17:34'),
(55, 'RESELLER', 9, '2018-09-05 12:38:00', '0.00', '0.00', '0.00', 'simpan laba 20.000', 'SELESAI', 'LUNAS', 'SAMPAI', '2018-09-05 05:38:55', 1, '2018-09-06 05:15:04'),
(56, 'RESELLER', 9, '2018-09-05 12:42:00', '0.00', '0.00', '0.00', 'simpan laba 29.000 sudah dikurangi irisan brambang', 'SELESAI', 'LUNAS', 'SAMPAI', '2018-09-05 05:51:06', 1, '2018-09-06 05:13:54'),
(57, 'RESELLER', 9, '2018-09-05 12:51:00', '0.00', '0.00', '0.00', 'simpan laba 35.000', 'SELESAI', 'LUNAS', 'SAMPAI', '2018-09-05 05:52:51', 1, '2018-09-06 05:12:56'),
(58, 'BIASA', 90, '2018-09-05 12:58:00', '10000.00', '0.00', '0.00', 'promo. laba masuk ke mbak sari 10.000', 'SELESAI', 'LUNAS', 'SAMPAI', '2018-09-05 05:59:27', 1, '2018-09-06 05:09:53'),
(59, 'RESELLER', 41, '2018-09-06 11:28:00', '5000.00', '0.00', '0.00', NULL, 'SELESAI', 'LUNAS', 'SAMPAI', '2018-09-06 04:28:36', 1, '2018-09-06 05:11:04'),
(60, 'RESELLER', 9, '2018-09-06 19:19:00', '0.00', '0.00', '0.00', 'simpan laba 62.000', 'PESAN', 'MENUNGGU', 'MENUNGGU', '2018-09-06 12:20:05', 1, '2018-09-07 22:26:05'),
(61, 'RESELLER', 9, '2018-09-06 19:35:00', '0.00', '0.00', '0.00', 'simpan laba 25.000', 'PESAN', 'MENUNGGU', 'MENUNGGU', '2018-09-06 12:36:01', 1, '2018-09-06 12:36:01'),
(62, 'RESELLER', 36, '2018-09-06 19:39:00', '0.00', '0.00', '0.00', NULL, 'PESAN', 'MENUNGGU', 'MENUNGGU', '2018-09-06 12:40:15', 1, '2018-09-06 12:40:15'),
(63, 'RESELLER', 77, '2018-09-06 19:40:00', '0.00', '0.00', '0.00', 'simpan laba 30.000', 'PESAN', 'MENUNGGU', 'MENUNGGU', '2018-09-06 12:41:42', 1, '2018-09-07 23:02:32'),
(64, 'RESELLER', 85, '2018-09-07 12:56:00', '10000.00', '0.00', '0.00', NULL, 'PESAN', 'MENUNGGU', 'MENUNGGU', '2018-09-07 05:56:50', 1, '2018-09-07 05:57:14'),
(65, 'RESELLER', 9, '2018-09-06 12:57:00', '0.00', '0.00', '0.00', 'simpan laba 7.000', 'PESAN', 'MENUNGGU', 'MENUNGGU', '2018-09-07 05:58:10', 1, '2018-09-07 22:35:07'),
(66, 'RESELLER', 77, '2018-09-07 12:59:00', '0.00', '0.00', '0.00', 'simpan laba 20.000', 'PESAN', 'MENUNGGU', 'MENUNGGU', '2018-09-07 06:00:50', 1, '2018-09-07 06:00:50'),
(67, 'RESELLER', 2, '2018-09-03 17:00:00', '0.00', '0.00', '0.00', NULL, 'PESAN', 'MENUNGGU', 'MENUNGGU', '2018-09-07 06:27:47', 1, '2018-09-07 06:27:48'),
(68, 'RESELLER', 94, '2018-09-03 13:31:00', '0.00', '0.00', '0.00', NULL, 'PESAN', 'MENUNGGU', 'MENUNGGU', '2018-09-07 06:32:16', 1, '2018-09-07 06:32:16'),
(69, 'RESELLER', 28, '2018-09-04 13:33:00', '0.00', '0.00', '0.00', NULL, 'PESAN', 'MENUNGGU', 'MENUNGGU', '2018-09-07 06:34:36', 1, '2018-09-07 06:34:36'),
(70, 'RESELLER', 15, '2018-09-05 07:00:00', '0.00', '0.00', '0.00', NULL, 'PESAN', 'MENUNGGU', 'MENUNGGU', '2018-09-07 06:36:32', 1, '2018-09-07 06:36:32'),
(71, 'RESELLER', 12, '2018-09-05 13:50:00', '42000.00', '0.00', '0.00', NULL, 'PESAN', 'MENUNGGU', 'MENUNGGU', '2018-09-07 06:56:48', 1, '2018-09-07 06:56:49'),
(72, 'RESELLER', 82, '2018-09-05 13:57:00', '0.00', '0.00', '0.00', NULL, 'PESAN', 'MENUNGGU', 'MENUNGGU', '2018-09-07 06:57:45', 1, '2018-09-07 06:57:45'),
(73, 'RESELLER', 63, '2018-09-05 13:58:00', '22000.00', '0.00', '0.00', 'teko saja tanpa gelas', 'PESAN', 'MENUNGGU', 'MENUNGGU', '2018-09-07 06:59:01', 1, '2018-09-07 06:59:02'),
(74, 'RESELLER', 12, '2018-09-05 13:59:00', '1000.00', '0.00', '0.00', NULL, 'PESAN', 'MENUNGGU', 'MENUNGGU', '2018-09-07 07:00:00', 1, '2018-09-07 07:00:00'),
(75, 'RESELLER', 50, '2018-09-05 14:00:00', '0.00', '0.00', '0.00', NULL, 'PESAN', 'MENUNGGU', 'MENUNGGU', '2018-09-07 07:02:12', 1, '2018-09-07 07:11:17'),
(76, 'RESELLER', 2, '2018-09-06 17:00:00', '3000.00', '125000.00', '0.00', NULL, 'PESAN', 'MENUNGGU', 'MENUNGGU', '2018-09-07 07:10:00', 1, '2018-09-07 07:10:00'),
(77, 'RESELLER', 91, '2018-09-05 14:11:00', '0.00', '0.00', '0.00', NULL, 'PESAN', 'MENUNGGU', 'MENUNGGU', '2018-09-07 07:12:11', 1, '2018-09-07 07:12:11'),
(78, 'RESELLER', 41, '2018-09-06 14:12:00', '5000.00', '0.00', '0.00', NULL, 'PESAN', 'MENUNGGU', 'MENUNGGU', '2018-09-07 07:12:53', 1, '2018-09-07 07:12:53'),
(79, 'RESELLER', 92, '2018-09-06 14:13:00', '0.00', '0.00', '0.00', NULL, 'PESAN', 'MENUNGGU', 'MENUNGGU', '2018-09-07 07:15:28', 1, '2018-09-07 07:15:28'),
(80, 'RESELLER', 39, '2018-09-06 14:15:00', '0.00', '39000.00', '0.00', NULL, 'PESAN', 'MENUNGGU', 'MENUNGGU', '2018-09-07 07:17:44', 1, '2018-09-07 07:17:44'),
(81, 'RESELLER', 49, '2018-09-06 14:20:00', '0.00', '0.00', '0.00', NULL, 'PESAN', 'MENUNGGU', 'MENUNGGU', '2018-09-07 07:20:30', 1, '2018-09-07 07:20:31'),
(82, 'RESELLER', 14, '2018-09-06 14:20:00', '0.00', '0.00', '0.00', NULL, 'PESAN', 'MENUNGGU', 'MENUNGGU', '2018-09-07 07:21:04', 1, '2018-09-07 07:21:04'),
(83, 'RESELLER', 82, '2018-09-07 14:22:00', '0.00', '37000.00', '0.00', NULL, 'PESAN', 'MENUNGGU', 'MENUNGGU', '2018-09-07 07:22:44', 1, '2018-09-07 07:22:44'),
(84, 'RESELLER', 95, '2018-09-07 14:48:00', '8000.00', '0.00', '0.00', NULL, 'PESAN', 'MENUNGGU', 'MENUNGGU', '2018-09-07 07:49:09', 1, '2018-09-07 07:50:04'),
(85, 'RESELLER', 9, '2018-09-06 10:30:00', '0.00', '0.00', '0.00', NULL, 'PESAN', 'MENUNGGU', 'MENUNGGU', '2018-09-07 22:30:07', 1, '2018-09-07 22:30:09'),
(86, 'RESELLER', 9, '2018-09-06 11:00:00', '0.00', '0.00', '0.00', NULL, 'PESAN', 'MENUNGGU', 'MENUNGGU', '2018-09-07 22:30:48', 1, '2018-09-07 22:30:48'),
(87, 'RESELLER', 73, '2018-09-06 05:31:00', '0.00', '0.00', '0.00', NULL, 'PESAN', 'MENUNGGU', 'MENUNGGU', '2018-09-07 22:31:33', 1, '2018-09-07 22:31:33'),
(88, 'RESELLER', 93, '2018-09-06 05:31:00', '0.00', '120000.00', '0.00', 'calista 2', 'PESAN', 'MENUNGGU', 'MENUNGGU', '2018-09-07 22:32:48', 1, '2018-09-07 22:32:48'),
(89, 'RESELLER', 31, '2018-09-07 10:01:00', '0.00', '5000.00', '0.00', NULL, 'PESAN', 'MENUNGGU', 'MENUNGGU', '2018-09-07 22:46:23', 1, '2018-09-07 22:46:23'),
(90, 'RESELLER', 96, '2018-09-05 12:30:00', '40000.00', '0.00', '0.00', NULL, 'PESAN', 'MENUNGGU', 'MENUNGGU', '2018-09-07 22:51:14', 1, '2018-09-07 22:51:14'),
(91, 'RESELLER', 47, '2018-09-06 05:52:00', '0.00', '0.00', '0.00', NULL, 'PESAN', 'MENUNGGU', 'MENUNGGU', '2018-09-07 22:53:13', 1, '2018-09-07 22:53:13'),
(92, 'RESELLER', 53, '2018-09-07 15:00:00', '0.00', '0.00', '0.00', NULL, 'PESAN', 'MENUNGGU', 'MENUNGGU', '2018-09-07 22:54:03', 1, '2018-09-07 22:54:03'),
(93, 'RESELLER', 92, '2018-09-07 17:08:00', '1000.00', '0.00', '0.00', NULL, 'PESAN', 'MENUNGGU', 'MENUNGGU', '2018-09-07 22:54:53', 1, '2018-09-07 22:55:15'),
(94, 'RESELLER', 3, '2018-09-07 06:07:00', '0.00', '0.00', '0.00', NULL, 'PESAN', 'MENUNGGU', 'MENUNGGU', '2018-09-07 23:08:12', 1, '2018-09-07 23:08:12'),
(95, 'RESELLER', 9, '2018-09-07 06:08:00', '0.00', '0.00', '0.00', NULL, 'PESAN', 'MENUNGGU', 'MENUNGGU', '2018-09-07 23:09:03', 1, '2018-09-07 23:09:03'),
(96, 'RESELLER', 9, '2018-09-07 06:09:00', '0.00', '0.00', '0.00', NULL, 'PESAN', 'MENUNGGU', 'MENUNGGU', '2018-09-07 23:09:32', 1, '2018-09-07 23:09:32'),
(97, 'RESELLER', 9, '2018-09-07 06:09:00', '0.00', '0.00', '0.00', NULL, 'PESAN', 'MENUNGGU', 'MENUNGGU', '2018-09-07 23:10:09', 1, '2018-09-07 23:10:09'),
(98, 'RESELLER', 9, '2018-09-07 06:10:00', '0.00', '0.00', '0.00', NULL, 'PESAN', 'MENUNGGU', 'MENUNGGU', '2018-09-07 23:11:17', 1, '2018-09-07 23:11:17'),
(99, 'RESELLER', 16, '2018-09-07 06:11:00', '15000.00', '0.00', '0.00', NULL, 'PESAN', 'MENUNGGU', 'MENUNGGU', '2018-09-07 23:12:34', 1, '2018-09-07 23:12:34'),
(100, 'RESELLER', 77, '2018-09-07 06:13:00', '0.00', '0.00', '0.00', NULL, 'PESAN', 'MENUNGGU', 'MENUNGGU', '2018-09-07 23:13:57', 1, '2018-09-07 23:13:57'),
(101, 'RESELLER', 77, '2018-09-08 06:14:00', '0.00', '0.00', '0.00', NULL, 'PESAN', 'MENUNGGU', 'MENUNGGU', '2018-09-07 23:14:49', 1, '2018-09-07 23:14:49'),
(102, 'RESELLER', 9, '2018-09-08 09:06:00', '0.00', '0.00', '0.00', NULL, 'PESAN', 'MENUNGGU', 'MENUNGGU', '2018-09-08 02:06:57', 1, '2018-09-08 02:06:57'),
(103, 'RESELLER', 9, '2018-09-08 09:07:00', '0.00', '23000.00', '0.00', 'disdol', 'PESAN', 'MENUNGGU', 'MENUNGGU', '2018-09-08 02:08:22', 1, '2018-09-08 02:08:22'),
(104, 'RESELLER', 73, '2018-09-08 09:08:00', '0.00', '0.00', '0.00', NULL, 'PESAN', 'MENUNGGU', 'MENUNGGU', '2018-09-08 02:08:59', 1, '2018-09-08 02:08:59'),
(105, 'RESELLER', 38, '2018-09-09 10:18:00', '0.00', '0.00', '0.00', NULL, 'PESAN', 'MENUNGGU', 'MENUNGGU', '2018-09-10 03:18:53', 1, '2018-09-10 03:18:53'),
(106, 'RESELLER', 9, '2018-09-09 10:19:00', '0.00', '0.00', '0.00', NULL, 'PESAN', 'MENUNGGU', 'MENUNGGU', '2018-09-10 03:19:50', 1, '2018-09-10 03:19:51'),
(107, 'RESELLER', 25, '2018-09-09 10:20:00', '0.00', '0.00', '0.00', NULL, 'PESAN', 'MENUNGGU', 'MENUNGGU', '2018-09-10 03:20:41', 1, '2018-09-10 03:20:41'),
(108, 'RESELLER', 9, '2018-09-09 10:21:00', '0.00', '0.00', '0.00', NULL, 'PESAN', 'MENUNGGU', 'MENUNGGU', '2018-09-10 03:21:26', 1, '2018-09-10 03:21:26'),
(109, 'RESELLER', 73, '2018-09-09 10:21:00', '0.00', '0.00', '0.00', NULL, 'PESAN', 'MENUNGGU', 'MENUNGGU', '2018-09-10 03:22:23', 1, '2018-09-10 03:22:23'),
(110, 'RESELLER', 82, '2018-09-10 10:22:00', '0.00', '400000.00', '0.00', 'dompet mini gak masuk data barang', 'PESAN', 'MENUNGGU', 'MENUNGGU', '2018-09-10 03:23:36', 1, '2018-09-10 03:23:36'),
(111, 'RESELLER', 16, '2018-09-09 10:26:00', '15000.00', '0.00', '0.00', NULL, 'PESAN', 'MENUNGGU', 'MENUNGGU', '2018-09-10 03:26:30', 1, '2018-09-10 03:26:31'),
(112, 'RESELLER', 23, '2018-09-09 10:27:00', '0.00', '0.00', '0.00', NULL, 'PESAN', 'MENUNGGU', 'MENUNGGU', '2018-09-10 03:27:57', 1, '2018-09-10 03:27:58'),
(113, 'RESELLER', 69, '2018-09-09 10:28:00', '0.00', '0.00', '0.00', NULL, 'PESAN', 'MENUNGGU', 'MENUNGGU', '2018-09-10 03:28:41', 1, '2018-09-10 03:28:41'),
(114, 'RESELLER', 96, '2018-09-09 10:29:00', '30000.00', '0.00', '0.00', NULL, 'PESAN', 'MENUNGGU', 'MENUNGGU', '2018-09-10 03:33:44', 1, '2018-09-10 03:33:44'),
(115, 'RESELLER', 33, '2018-09-09 10:36:00', '0.00', '0.00', '0.00', NULL, 'PESAN', 'MENUNGGU', 'MENUNGGU', '2018-09-10 03:36:53', 1, '2018-09-10 03:36:53'),
(116, 'RESELLER', 41, '2018-09-09 10:37:00', '0.00', '0.00', '0.00', NULL, 'PESAN', 'MENUNGGU', 'MENUNGGU', '2018-09-10 03:38:09', 1, '2018-09-10 03:38:09'),
(117, 'RESELLER', 50, '2018-09-08 10:38:00', '0.00', '75000.00', '0.00', 'lampu emergency', 'PESAN', 'MENUNGGU', 'MENUNGGU', '2018-09-10 03:39:38', 1, '2018-09-10 03:39:39'),
(118, 'RESELLER', 96, '2018-09-08 10:39:00', '28000.00', '0.00', '0.00', NULL, 'PESAN', 'MENUNGGU', 'MENUNGGU', '2018-09-10 03:40:48', 1, '2018-09-10 03:40:48'),
(119, 'RESELLER', 12, '2018-09-10 15:19:00', '0.00', '0.00', '0.00', 'kirim kantor pos', 'PESAN', 'MENUNGGU', 'MENUNGGU', '2018-09-10 08:20:24', 1, '2018-09-10 08:20:24'),
(120, 'RESELLER', 76, '2018-09-21 09:34:00', '5000.00', '0.00', '0.00', NULL, 'PESAN', 'MENUNGGU', 'MENUNGGU', '2018-09-21 02:35:33', 1, '2018-09-21 02:35:33'),
(121, 'RESELLER', 91, '2018-09-21 09:38:00', '0.00', '0.00', '0.00', NULL, 'PESAN', 'MENUNGGU', 'MENUNGGU', '2018-09-21 02:44:44', 1, '2018-09-21 02:44:44'),
(122, 'RESELLER', 12, '2018-09-08 15:36:00', '10000.00', '105000.00', '0.00', 'dispenser gs', 'PESAN', 'MENUNGGU', 'MENUNGGU', '2018-09-23 08:39:04', 1, '2018-09-23 08:41:32'),
(123, 'RESELLER', 96, '2018-09-08 15:42:00', '28000.00', '0.00', '0.00', NULL, 'PESAN', 'MENUNGGU', 'MENUNGGU', '2018-09-23 08:43:35', 1, '2018-09-23 08:43:35'),
(124, 'RESELLER', 41, '2018-09-08 15:44:00', '1000.00', '0.00', '0.00', NULL, 'PESAN', 'MENUNGGU', 'MENUNGGU', '2018-09-23 08:44:42', 1, '2018-09-23 08:44:42'),
(125, 'RESELLER', 33, '2018-09-09 15:45:00', '0.00', '0.00', '0.00', NULL, 'PESAN', 'MENUNGGU', 'MENUNGGU', '2018-09-23 08:46:09', 1, '2018-09-23 08:46:09'),
(126, 'RESELLER', 96, '2018-09-09 15:46:00', '30000.00', '0.00', '0.00', NULL, 'PESAN', 'MENUNGGU', 'MENUNGGU', '2018-09-23 08:47:21', 1, '2018-09-23 08:47:22'),
(127, 'RESELLER', 69, '2018-09-09 15:47:00', '0.00', '0.00', '0.00', NULL, 'PESAN', 'MENUNGGU', 'MENUNGGU', '2018-09-23 08:48:00', 1, '2018-09-23 08:48:00'),
(128, 'RESELLER', 23, '2018-09-09 15:48:00', '0.00', '0.00', '0.00', NULL, 'PESAN', 'MENUNGGU', 'MENUNGGU', '2018-09-23 08:48:54', 1, '2018-09-23 08:48:54'),
(129, 'RESELLER', 97, '2018-09-09 16:05:00', '0.00', '0.00', '0.00', NULL, 'PESAN', 'MENUNGGU', 'MENUNGGU', '2018-09-23 09:06:53', 1, '2018-09-23 09:06:54'),
(130, 'RESELLER', 16, '2018-09-23 16:10:00', '20000.00', '0.00', '0.00', NULL, 'PESAN', 'MENUNGGU', 'MENUNGGU', '2018-09-23 09:10:32', 1, '2018-09-23 09:10:33'),
(131, 'RESELLER', 71, '2018-09-10 16:35:00', '0.00', '0.00', '0.00', NULL, 'PESAN', 'MENUNGGU', 'MENUNGGU', '2018-09-23 09:36:04', 1, '2018-09-23 09:36:04'),
(132, 'RESELLER', 49, '2018-09-10 16:37:00', '0.00', '0.00', '0.00', NULL, 'PESAN', 'MENUNGGU', 'MENUNGGU', '2018-09-23 09:37:43', 1, '2018-09-23 09:37:43'),
(133, 'RESELLER', 94, '2018-09-10 16:38:00', '5000.00', '0.00', '0.00', NULL, 'PESAN', 'MENUNGGU', 'MENUNGGU', '2018-09-23 09:38:41', 1, '2018-09-23 09:38:41'),
(134, 'RESELLER', 2, '2018-09-10 16:39:00', '6000.00', '0.00', '0.00', NULL, 'PESAN', 'MENUNGGU', 'MENUNGGU', '2018-09-23 09:41:36', 1, '2018-09-23 09:41:37'),
(135, 'RESELLER', 14, '2018-09-10 16:41:00', '0.00', '0.00', '0.00', NULL, 'PESAN', 'MENUNGGU', 'MENUNGGU', '2018-09-23 09:42:09', 1, '2018-09-23 09:42:09'),
(136, 'RESELLER', 9, '2018-09-11 16:42:00', '3000.00', '0.00', '0.00', NULL, 'PESAN', 'MENUNGGU', 'MENUNGGU', '2018-09-23 09:45:03', 1, '2018-09-23 09:45:03'),
(137, 'RESELLER', 32, '2018-09-12 16:45:00', '0.00', '0.00', '0.00', NULL, 'PESAN', 'MENUNGGU', 'MENUNGGU', '2018-09-23 09:46:21', 1, '2018-09-23 09:46:22'),
(138, 'RESELLER', 55, '2018-09-13 16:51:00', '3000.00', '0.00', '0.00', NULL, 'PESAN', 'MENUNGGU', 'MENUNGGU', '2018-09-23 09:52:00', 1, '2018-09-23 09:52:01'),
(139, 'RESELLER', 26, '2018-09-12 16:52:00', '0.00', '20000.00', '0.00', NULL, 'PESAN', 'MENUNGGU', 'MENUNGGU', '2018-09-23 09:55:17', 1, '2018-09-23 09:55:18'),
(140, 'BIASA', 98, '2018-09-12 17:07:00', '0.00', '0.00', '0.00', NULL, 'PESAN', 'MENUNGGU', 'MENUNGGU', '2018-09-23 10:08:03', 1, '2018-09-23 10:08:03'),
(141, 'RESELLER', 31, '2018-09-12 17:31:00', '0.00', '0.00', '0.00', NULL, 'PESAN', 'MENUNGGU', 'MENUNGGU', '2018-09-23 10:32:02', 1, '2018-09-23 10:32:03'),
(142, 'RESELLER', 12, '2018-09-12 17:32:00', '46000.00', '95000.00', '0.00', NULL, 'PESAN', 'MENUNGGU', 'MENUNGGU', '2018-09-23 10:36:19', 1, '2018-09-23 10:37:57'),
(143, 'RESELLER', 64, '2018-09-13 17:39:00', '5000.00', '0.00', '0.00', NULL, 'PESAN', 'MENUNGGU', 'MENUNGGU', '2018-09-23 10:40:16', 1, '2018-09-23 10:40:16'),
(144, 'RESELLER', 61, '2018-09-13 17:40:00', '6000.00', '0.00', '0.00', NULL, 'PESAN', 'MENUNGGU', 'MENUNGGU', '2018-09-23 10:41:11', 1, '2018-09-23 10:41:11'),
(145, 'BIASA', 99, '2018-09-13 17:42:00', '25000.00', '0.00', '0.00', NULL, 'PESAN', 'MENUNGGU', 'MENUNGGU', '2018-09-23 10:43:32', 1, '2018-09-23 10:43:32'),
(146, 'RESELLER', 96, '2018-09-13 17:43:00', '58000.00', '0.00', '0.00', NULL, 'PESAN', 'MENUNGGU', 'MENUNGGU', '2018-09-23 10:44:59', 1, '2018-09-23 11:58:19'),
(147, 'RESELLER', 100, '2018-09-15 17:46:00', '0.00', '70000.00', '0.00', NULL, 'PESAN', 'MENUNGGU', 'MENUNGGU', '2018-09-23 10:47:04', 1, '2018-09-23 10:47:04'),
(148, 'RESELLER', 95, '2018-09-13 17:47:00', '0.00', '0.00', '0.00', NULL, 'PESAN', 'MENUNGGU', 'MENUNGGU', '2018-09-23 10:47:49', 1, '2018-09-23 10:47:49'),
(149, 'RESELLER', 49, '2018-09-13 17:48:00', '9000.00', '0.00', '0.00', NULL, 'PESAN', 'MENUNGGU', 'MENUNGGU', '2018-09-23 10:48:41', 1, '2018-09-23 10:48:41'),
(150, 'RESELLER', 6, '2018-09-13 17:50:00', '0.00', '0.00', '0.00', NULL, 'PESAN', 'MENUNGGU', 'MENUNGGU', '2018-09-23 10:51:18', 1, '2018-09-23 10:51:18'),
(151, 'RESELLER', 82, '2018-09-13 17:51:00', '0.00', '0.00', '0.00', NULL, 'PESAN', 'MENUNGGU', 'MENUNGGU', '2018-09-23 10:51:52', 1, '2018-09-23 10:51:52'),
(152, 'RESELLER', 2, '2018-09-13 17:52:00', '26000.00', '0.00', '0.00', NULL, 'PESAN', 'MENUNGGU', 'MENUNGGU', '2018-09-23 10:56:41', 1, '2018-09-23 10:58:36'),
(153, 'RESELLER', 12, '2018-09-13 17:59:00', '30000.00', '0.00', '0.00', NULL, 'PESAN', 'MENUNGGU', 'MENUNGGU', '2018-09-23 11:03:06', 1, '2018-09-23 11:03:07'),
(154, 'RESELLER', 50, '2018-09-13 18:03:00', '1000.00', '0.00', '0.00', NULL, 'PESAN', 'MENUNGGU', 'MENUNGGU', '2018-09-23 11:04:56', 1, '2018-09-23 11:04:57'),
(155, 'RESELLER', 41, '2018-09-13 18:05:00', '0.00', '0.00', '0.00', NULL, 'PESAN', 'MENUNGGU', 'MENUNGGU', '2018-09-23 11:05:29', 1, '2018-09-23 11:05:29'),
(156, 'RESELLER', 12, '2018-09-13 18:06:00', '6000.00', '0.00', '0.00', NULL, 'PESAN', 'MENUNGGU', 'MENUNGGU', '2018-09-23 11:06:52', 1, '2018-09-23 11:06:53'),
(157, 'RESELLER', 31, '2018-09-14 18:07:00', '10000.00', '180000.00', '0.00', 'pastela dan round grill', 'PESAN', 'MENUNGGU', 'MENUNGGU', '2018-09-23 11:09:32', 1, '2018-09-23 11:09:33'),
(158, 'RESELLER', 97, '2018-09-14 18:10:00', '12000.00', '60000.00', '0.00', NULL, 'PESAN', 'MENUNGGU', 'MENUNGGU', '2018-09-23 11:12:11', 1, '2018-09-23 11:12:11'),
(159, 'RESELLER', 96, '2018-09-14 18:12:00', '32000.00', '49000.00', '0.00', NULL, 'PESAN', 'MENUNGGU', 'MENUNGGU', '2018-09-23 11:14:06', 1, '2018-09-23 11:14:06'),
(160, 'RESELLER', 91, '2018-09-14 18:14:00', '12000.00', '0.00', '0.00', NULL, 'PESAN', 'MENUNGGU', 'MENUNGGU', '2018-09-23 11:15:22', 1, '2018-09-23 11:15:22'),
(161, 'RESELLER', 101, '2018-09-15 18:16:00', '3000.00', '0.00', '0.00', NULL, 'PESAN', 'MENUNGGU', 'MENUNGGU', '2018-09-23 11:17:02', 1, '2018-09-23 11:17:03'),
(162, 'RESELLER', 93, '2018-09-13 18:19:00', '0.00', '60000.00', '0.00', NULL, 'PESAN', 'MENUNGGU', 'MENUNGGU', '2018-09-23 11:20:19', 1, '2018-09-23 11:20:19'),
(163, 'RESELLER', 53, '2018-09-13 18:20:00', '4000.00', '0.00', '0.00', NULL, 'PESAN', 'MENUNGGU', 'MENUNGGU', '2018-09-23 11:21:14', 1, '2018-09-23 11:21:14'),
(164, 'RESELLER', 6, '2018-09-15 18:22:00', '9000.00', '0.00', '0.00', NULL, 'PESAN', 'MENUNGGU', 'MENUNGGU', '2018-09-23 11:24:05', 1, '2018-09-23 11:24:05'),
(165, 'RESELLER', 12, '2018-09-15 18:24:00', '32000.00', '0.00', '0.00', NULL, 'PESAN', 'MENUNGGU', 'MENUNGGU', '2018-09-23 11:29:08', 1, '2018-09-23 11:30:09'),
(166, 'RESELLER', 91, '2018-09-16 18:30:00', '0.00', '0.00', '0.00', NULL, 'PESAN', 'MENUNGGU', 'MENUNGGU', '2018-09-23 11:30:48', 1, '2018-09-23 11:30:48'),
(167, 'RESELLER', 41, '2018-09-16 18:31:00', '0.00', '0.00', '0.00', NULL, 'PESAN', 'MENUNGGU', 'MENUNGGU', '2018-09-23 11:31:21', 1, '2018-09-23 11:31:21'),
(168, 'RESELLER', 57, '2018-09-16 18:31:00', '0.00', '125000.00', '0.00', NULL, 'PESAN', 'MENUNGGU', 'MENUNGGU', '2018-09-23 11:32:32', 1, '2018-09-23 11:32:32'),
(169, 'RESELLER', 16, '2018-09-16 18:32:00', '28000.00', '0.00', '0.00', NULL, 'PESAN', 'MENUNGGU', 'MENUNGGU', '2018-09-23 11:35:05', 1, '2018-09-23 11:35:05'),
(170, 'RESELLER', 59, '2018-09-16 18:35:00', '0.00', '0.00', '0.00', NULL, 'PESAN', 'MENUNGGU', 'MENUNGGU', '2018-09-23 11:35:46', 1, '2018-09-23 11:35:46'),
(171, 'RESELLER', 73, '2018-09-17 18:36:00', '0.00', '0.00', '0.00', NULL, 'PESAN', 'MENUNGGU', 'MENUNGGU', '2018-09-23 11:36:43', 1, '2018-09-23 11:36:43'),
(172, 'RESELLER', 73, '2018-09-17 18:37:00', '0.00', '0.00', '0.00', NULL, 'PESAN', 'MENUNGGU', 'MENUNGGU', '2018-09-23 11:38:10', 1, '2018-09-23 11:38:11'),
(173, 'RESELLER', 31, '2018-09-17 18:40:00', '0.00', '0.00', '0.00', NULL, 'PESAN', 'MENUNGGU', 'MENUNGGU', '2018-09-23 11:41:55', 1, '2018-09-23 11:41:56'),
(174, 'RESELLER', 64, '2018-09-17 18:42:00', '8000.00', '0.00', '0.00', NULL, 'PESAN', 'MENUNGGU', 'MENUNGGU', '2018-09-23 11:43:19', 1, '2018-09-23 11:43:19'),
(175, 'RESELLER', 82, '2018-09-18 18:43:00', '0.00', '0.00', '0.00', NULL, 'PESAN', 'MENUNGGU', 'MENUNGGU', '2018-09-23 11:44:28', 1, '2018-09-23 11:44:29'),
(176, 'RESELLER', 2, '2018-09-17 18:44:00', '15000.00', '0.00', '0.00', NULL, 'PESAN', 'MENUNGGU', 'MENUNGGU', '2018-09-23 11:46:29', 1, '2018-09-23 11:46:29'),
(177, 'RESELLER', 49, '2018-09-17 18:46:00', '9000.00', '0.00', '0.00', NULL, 'PESAN', 'MENUNGGU', 'MENUNGGU', '2018-09-23 11:47:24', 1, '2018-09-23 11:47:25'),
(178, 'RESELLER', 14, '2018-09-17 18:47:00', '1000.00', '0.00', '0.00', NULL, 'PESAN', 'MENUNGGU', 'MENUNGGU', '2018-09-23 11:48:20', 1, '2018-09-23 11:48:20'),
(179, 'RESELLER', 12, '2018-09-18 18:51:00', '27000.00', '0.00', '0.00', NULL, 'PESAN', 'MENUNGGU', 'MENUNGGU', '2018-09-23 11:53:42', 1, '2018-09-23 11:53:42'),
(180, 'RESELLER', 33, '2018-09-18 09:23:00', '0.00', '0.00', '0.00', NULL, 'PESAN', 'MENUNGGU', 'MENUNGGU', '2018-09-26 02:23:32', 1, '2018-09-26 02:23:32'),
(181, 'RESELLER', 45, '2018-09-18 09:24:00', '0.00', '0.00', '0.00', NULL, 'PESAN', 'MENUNGGU', 'MENUNGGU', '2018-09-26 02:24:31', 1, '2018-09-26 02:24:31'),
(182, 'RESELLER', 96, '2018-09-18 09:25:00', '36000.00', '0.00', '0.00', NULL, 'PESAN', 'MENUNGGU', 'MENUNGGU', '2018-09-26 02:26:11', 1, '2018-09-26 02:26:11'),
(183, 'BIASA', 102, '2018-09-18 09:28:00', '5000.00', '0.00', '0.00', NULL, 'PESAN', 'MENUNGGU', 'MENUNGGU', '2018-09-26 02:28:49', 1, '2018-09-26 02:28:49'),
(184, 'RESELLER', 49, '2018-09-18 09:29:00', '0.00', '0.00', '0.00', NULL, 'PESAN', 'MENUNGGU', 'MENUNGGU', '2018-09-26 02:29:37', 1, '2018-09-26 02:29:37'),
(185, 'RESELLER', 69, '2018-09-18 09:30:00', '0.00', '0.00', '0.00', NULL, 'PESAN', 'MENUNGGU', 'MENUNGGU', '2018-09-26 02:30:13', 1, '2018-09-26 02:30:13'),
(186, 'RESELLER', 6, '2018-09-18 09:30:00', '3000.00', '0.00', '0.00', NULL, 'PESAN', 'MENUNGGU', 'MENUNGGU', '2018-09-26 02:33:44', 1, '2018-09-26 02:33:44'),
(187, 'RESELLER', 94, '2018-09-19 09:34:00', '0.00', '0.00', '0.00', NULL, 'PESAN', 'MENUNGGU', 'MENUNGGU', '2018-09-26 02:35:38', 1, '2018-09-26 02:35:38'),
(188, 'RESELLER', 31, '2018-09-19 10:12:00', '0.00', '0.00', '0.00', NULL, 'PESAN', 'MENUNGGU', 'MENUNGGU', '2018-09-26 03:13:49', 1, '2018-10-15 07:21:46'),
(189, 'RESELLER', 5, '2018-09-19 10:14:00', '0.00', '350000.00', '0.00', 'dispenser miyako', 'PESAN', 'MENUNGGU', 'MENUNGGU', '2018-09-26 03:16:56', 1, '2018-10-15 07:19:01'),
(222, 'RESELLER', 2, '2018-10-08 20:05:00', '0.00', '0.00', '0.00', NULL, 'SELESAI', 'LUNAS', 'SAMPAI', '2018-10-08 13:06:39', 1, '2018-10-08 13:06:40'),
(223, 'RESELLER', 2, '2018-10-15 14:12:00', '0.00', '0.00', '0.00', NULL, 'SELESAI', 'LUNAS', 'SAMPAI', '2018-10-15 07:13:28', 1, '2018-10-15 07:13:28'),
(224, 'RESELLER', 2, '2018-10-15 14:12:00', '0.00', '0.00', '0.00', NULL, 'SELESAI', 'LUNAS', 'SAMPAI', '2018-10-15 07:14:01', 1, '2018-10-15 07:14:01'),
(225, 'RESELLER', 2, '2018-10-15 14:12:00', '0.00', '0.00', '0.00', NULL, 'SELESAI', 'LUNAS', 'SAMPAI', '2018-10-15 07:14:15', 1, '2018-10-15 07:14:16'),
(226, 'RESELLER', 2, '2018-10-15 14:14:00', '0.00', '0.00', '0.00', NULL, 'SELESAI', 'LUNAS', 'SAMPAI', '2018-10-15 07:15:29', 1, '2018-10-15 07:15:29'),
(227, 'RESELLER', 2, '2018-10-15 15:11:00', '0.00', '0.00', '0.00', NULL, 'SELESAI', 'LUNAS', 'SAMPAI', '2018-10-15 08:12:32', 1, '2018-10-15 08:12:33'),
(228, 'RESELLER', 2, '2018-10-15 15:11:00', '0.00', '0.00', '0.00', NULL, 'SELESAI', 'LUNAS', 'SAMPAI', '2018-10-15 08:14:01', 1, '2018-10-15 08:14:02');

-- --------------------------------------------------------

--
-- Struktur dari tabel `trans_penjualan_detail`
--

CREATE TABLE `trans_penjualan_detail` (
  `id_trans_detail` int(11) NOT NULL,
  `id_trans` int(11) NOT NULL,
  `id_barang_history` int(11) NOT NULL,
  `jumlah_pax` int(11) NOT NULL
) ENGINE=InnoDB DEFAULT CHARSET=utf8 COLLATE=utf8_unicode_ci;

--
-- Dumping data untuk tabel `trans_penjualan_detail`
--

INSERT INTO `trans_penjualan_detail` (`id_trans_detail`, `id_trans`, `id_barang_history`, `jumlah_pax`) VALUES
(1, 1, 21, 1),
(2, 2, 25, 1),
(3, 3, 50, 1),
(4, 3, 53, 1),
(5, 3, 54, 3),
(6, 3, 56, 3),
(7, 3, 57, 1),
(8, 3, 58, 1),
(9, 4, 47, 1),
(10, 4, 50, 1),
(11, 4, 55, 1),
(12, 5, 35, 1),
(13, 5, 49, 1),
(14, 6, 26, 1),
(15, 6, 29, 1),
(16, 7, 48, 1),
(17, 7, 50, 1),
(18, 7, 52, 1),
(19, 8, 59, 1),
(20, 9, 41, 1),
(21, 10, 40, 1),
(22, 11, 39, 2),
(23, 11, 10, 1),
(24, 12, 47, 1),
(25, 12, 64, 1),
(26, 13, 38, 3),
(27, 13, 47, 4),
(28, 13, 49, 1),
(29, 13, 61, 1),
(30, 13, 14, 1),
(31, 14, 21, 1),
(32, 14, 27, 1),
(33, 14, 15, 1),
(34, 15, 20, 1),
(35, 16, 51, 1),
(36, 17, 59, 1),
(37, 17, 61, 3),
(38, 17, 65, 2),
(39, 17, 70, 1),
(40, 18, 20, 1),
(41, 18, 66, 1),
(42, 18, 69, 1),
(43, 19, 48, 2),
(44, 19, 62, 1),
(45, 19, 70, 1),
(46, 20, 60, 12),
(47, 21, 60, 24),
(48, 22, 51, 1),
(49, 23, 60, 2),
(50, 24, 18, 1),
(51, 25, 56, 1),
(52, 25, 61, 3),
(53, 26, 21, 1),
(54, 26, 46, 1),
(55, 26, 50, 2),
(56, 26, 51, 1),
(57, 26, 60, 1),
(58, 26, 9, 2),
(59, 26, 19, 1),
(60, 26, 70, 1),
(61, 26, 71, 1),
(62, 26, 75, 1),
(63, 27, 33, 3),
(64, 27, 72, 2),
(65, 28, 48, 1),
(66, 29, 47, 1),
(67, 30, 41, 2),
(68, 30, 60, 1),
(69, 31, 61, 3),
(70, 32, 81, 15),
(71, 32, 82, 3),
(72, 33, 51, 1),
(73, 33, 88, 2),
(74, 34, 47, 1),
(75, 34, 88, 2),
(76, 35, 55, 1),
(77, 35, 60, 3),
(78, 35, 61, 3),
(79, 35, 93, 1),
(80, 36, 22, 1),
(81, 36, 81, 4),
(82, 36, 82, 1),
(83, 36, 92, 2),
(84, 37, 22, 1),
(85, 37, 38, 1),
(86, 37, 60, 3),
(87, 37, 78, 2),
(88, 38, 38, 1),
(89, 39, 81, 5),
(90, 39, 82, 1),
(91, 40, 29, 1),
(92, 40, 36, 1),
(93, 41, 84, 2),
(94, 42, 49, 1),
(95, 43, 22, 1),
(96, 43, 96, 2),
(97, 44, 57, 2),
(98, 45, 36, 1),
(99, 45, 40, 1),
(100, 45, 44, 1),
(101, 45, 66, 1),
(102, 45, 18, 1),
(103, 45, 68, 1),
(104, 45, 81, 5),
(105, 45, 82, 1),
(106, 45, 86, 1),
(107, 45, 97, 1),
(108, 46, 62, 2),
(109, 47, 61, 3),
(110, 47, 62, 1),
(111, 47, 75, 1),
(112, 48, 44, 1),
(113, 48, 77, 1),
(114, 48, 95, 1),
(115, 48, 98, 2),
(116, 49, 40, 1),
(117, 49, 75, 1),
(118, 50, 61, 1),
(119, 51, 21, 1),
(120, 52, 21, 1),
(121, 52, 29, 1),
(122, 53, 29, 1),
(123, 53, 83, 1),
(124, 53, 89, 1),
(125, 53, 90, 8),
(126, 54, 99, 1),
(127, 55, 90, 1),
(128, 55, 98, 1),
(129, 56, 2, 1),
(130, 56, 60, 1),
(131, 56, 64, 1),
(132, 56, 77, 1),
(133, 57, 44, 1),
(134, 57, 94, 1),
(135, 58, 2, 1),
(136, 58, 23, 1),
(137, 59, 2, 1),
(138, 60, 49, 1),
(139, 60, 51, 1),
(140, 61, 100, 1),
(141, 62, 51, 1),
(142, 62, 72, 1),
(143, 63, 22, 1),
(144, 63, 38, 1),
(145, 63, 71, 1),
(146, 64, 44, 1),
(147, 64, 81, 4),
(148, 64, 82, 1),
(149, 64, 92, 1),
(150, 65, 70, 1),
(151, 66, 81, 5),
(152, 66, 82, 1),
(153, 67, 23, 1),
(154, 67, 33, 1),
(155, 67, 47, 1),
(156, 67, 49, 2),
(157, 67, 51, 1),
(158, 67, 58, 1),
(159, 67, 61, 3),
(160, 67, 64, 1),
(161, 67, 9, 1),
(162, 67, 72, 3),
(163, 67, 74, 1),
(164, 67, 87, 2),
(165, 68, 36, 1),
(166, 68, 77, 1),
(167, 69, 50, 1),
(168, 69, 62, 2),
(169, 70, 65, 1),
(170, 70, 75, 1),
(171, 71, 21, 1),
(172, 71, 22, 1),
(173, 71, 29, 3),
(174, 71, 36, 1),
(175, 71, 38, 3),
(176, 71, 44, 1),
(177, 71, 17, 1),
(178, 71, 49, 1),
(179, 71, 60, 1),
(180, 71, 61, 12),
(181, 71, 15, 1),
(182, 71, 71, 1),
(183, 71, 72, 2),
(184, 71, 80, 1),
(185, 71, 81, 3),
(186, 71, 82, 2),
(187, 71, 87, 1),
(188, 71, 91, 1),
(189, 71, 108, 1),
(190, 71, 109, 2),
(191, 72, 35, 1),
(192, 72, 83, 1),
(193, 73, 14, 1),
(194, 73, 89, 5),
(195, 74, 72, 1),
(196, 74, 77, 1),
(197, 74, 90, 1),
(198, 75, 49, 3),
(199, 75, 50, 1),
(200, 75, 60, 2),
(201, 75, 77, 2),
(202, 75, 91, 2),
(203, 76, 35, 1),
(204, 76, 53, 4),
(205, 76, 58, 1),
(206, 76, 60, 3),
(207, 76, 62, 1),
(208, 76, 15, 1),
(209, 76, 70, 1),
(210, 76, 76, 1),
(211, 76, 77, 1),
(212, 76, 87, 1),
(213, 76, 90, 1),
(214, 76, 91, 2),
(215, 76, 92, 2),
(216, 76, 110, 1),
(217, 77, 71, 1),
(218, 77, 80, 1),
(219, 78, 2, 1),
(220, 79, 26, 1),
(221, 80, 53, 2),
(222, 80, 61, 1),
(223, 80, 72, 1),
(224, 81, 29, 1),
(225, 81, 88, 1),
(226, 82, 38, 3),
(227, 83, 105, 2),
(228, 84, 88, 4),
(229, 85, 38, 2),
(230, 85, 92, 1),
(231, 86, 70, 1),
(232, 87, 2, 1),
(233, 87, 38, 1),
(234, 88, 40, 1),
(235, 88, 10, 1),
(236, 89, 37, 2),
(237, 89, 38, 2),
(238, 89, 10, 1),
(239, 89, 47, 1),
(240, 89, 77, 1),
(241, 89, 80, 1),
(242, 90, 44, 5),
(243, 90, 53, 10),
(244, 90, 80, 5),
(245, 90, 87, 4),
(246, 90, 113, 4),
(247, 90, 116, 3),
(248, 91, 60, 1),
(249, 91, 61, 1),
(250, 91, 62, 1),
(251, 91, 105, 2),
(252, 92, 60, 1),
(253, 92, 61, 1),
(254, 92, 99, 1),
(255, 93, 10, 1),
(256, 93, 53, 1),
(257, 94, 44, 2),
(258, 95, 70, 1),
(259, 96, 57, 1),
(260, 97, 48, 1),
(261, 98, 40, 1),
(262, 98, 44, 1),
(263, 98, 116, 2),
(264, 98, 119, 1),
(265, 99, 81, 5),
(266, 99, 82, 1),
(267, 100, 48, 1),
(268, 101, 71, 3),
(269, 101, 112, 2),
(270, 102, 47, 1),
(271, 102, 109, 1),
(272, 103, 62, 1),
(273, 103, 71, 1),
(274, 103, 112, 1),
(275, 104, 47, 2),
(276, 105, 47, 1),
(277, 105, 55, 1),
(278, 106, 62, 1),
(279, 107, 54, 1),
(280, 108, 33, 1),
(281, 109, 33, 1),
(282, 109, 61, 3),
(283, 109, 62, 1),
(284, 110, 47, 1),
(285, 111, 2, 1),
(286, 111, 32, 1),
(287, 111, 42, 1),
(288, 111, 60, 2),
(289, 111, 61, 1),
(290, 111, 81, 5),
(291, 111, 82, 1),
(292, 111, 103, 1),
(293, 111, 105, 1),
(294, 111, 110, 1),
(295, 112, 29, 1),
(296, 112, 105, 1),
(297, 113, 101, 1),
(298, 114, 2, 2),
(299, 114, 22, 1),
(300, 114, 24, 1),
(301, 114, 29, 2),
(302, 114, 38, 3),
(303, 114, 79, 1),
(304, 115, 46, 1),
(305, 116, 99, 1),
(306, 116, 116, 1),
(307, 117, 101, 1),
(308, 117, 118, 1),
(309, 118, 17, 2),
(310, 118, 80, 3),
(311, 118, 103, 3),
(312, 119, 42, 1),
(313, 119, 14, 1),
(314, 119, 116, 1),
(315, 120, 53, 1),
(316, 120, 60, 5),
(317, 121, 90, 2),
(318, 121, 105, 1),
(319, 121, 112, 1),
(320, 122, 53, 1),
(321, 122, 60, 2),
(322, 122, 61, 3),
(323, 122, 70, 1),
(324, 122, 73, 1),
(325, 122, 91, 1),
(326, 122, 110, 4),
(327, 122, 136, 2),
(328, 123, 17, 2),
(329, 123, 80, 3),
(330, 123, 103, 3),
(331, 124, 99, 1),
(332, 124, 116, 1),
(333, 125, 46, 1),
(334, 125, 60, 1),
(335, 126, 136, 10),
(336, 127, 101, 1),
(337, 128, 105, 1),
(338, 128, 136, 1),
(339, 129, 58, 1),
(340, 129, 60, 3),
(341, 129, 72, 1),
(342, 129, 90, 1),
(343, 129, 92, 2),
(344, 129, 102, 1),
(345, 130, 32, 1),
(346, 130, 42, 1),
(347, 130, 60, 2),
(348, 130, 61, 1),
(349, 130, 81, 10),
(350, 130, 82, 2),
(351, 130, 103, 1),
(352, 130, 105, 1),
(353, 130, 110, 1),
(354, 130, 136, 1),
(355, 131, 14, 1),
(356, 131, 87, 1),
(357, 131, 90, 2),
(358, 131, 122, 1),
(359, 131, 147, 1),
(360, 132, 103, 1),
(361, 133, 61, 5),
(362, 133, 77, 1),
(363, 134, 61, 3),
(364, 134, 62, 2),
(365, 134, 71, 1),
(366, 134, 77, 1),
(367, 134, 87, 1),
(368, 134, 91, 1),
(369, 134, 107, 1),
(370, 134, 110, 3),
(371, 134, 113, 1),
(372, 134, 121, 1),
(373, 134, 122, 2),
(374, 135, 136, 2),
(375, 136, 53, 1),
(376, 136, 56, 2),
(377, 136, 110, 1),
(378, 136, 114, 1),
(379, 136, 122, 1),
(380, 136, 136, 1),
(381, 137, 56, 1),
(382, 137, 60, 3),
(383, 138, 150, 1),
(384, 138, 151, 1),
(385, 139, 53, 5),
(386, 139, 56, 5),
(387, 139, 60, 2),
(388, 139, 72, 1),
(389, 139, 75, 1),
(390, 139, 87, 1),
(391, 139, 93, 1),
(392, 139, 16, 1),
(393, 139, 110, 2),
(394, 140, 10, 2),
(395, 141, 34, 1),
(396, 141, 50, 1),
(397, 141, 77, 1),
(398, 141, 136, 2),
(399, 142, 33, 3),
(400, 142, 41, 1),
(401, 142, 47, 1),
(402, 142, 51, 2),
(403, 142, 53, 1),
(404, 142, 60, 4),
(405, 142, 61, 13),
(406, 142, 14, 1),
(407, 142, 81, 3),
(408, 142, 82, 2),
(409, 142, 16, 1),
(410, 142, 114, 2),
(411, 142, 116, 1),
(412, 142, 136, 1),
(413, 143, 56, 1),
(414, 143, 61, 1),
(415, 143, 110, 3),
(416, 143, 113, 1),
(417, 144, 58, 1),
(418, 144, 75, 1),
(419, 144, 126, 1),
(420, 145, 90, 1),
(421, 145, 111, 1),
(422, 145, 126, 1),
(423, 145, 151, 1),
(424, 146, 87, 5),
(425, 146, 126, 5),
(426, 146, 136, 8),
(427, 147, 60, 1),
(428, 147, 126, 1),
(429, 148, 126, 1),
(430, 148, 11, 1),
(431, 149, 51, 1),
(432, 149, 113, 1),
(433, 150, 53, 1),
(434, 150, 16, 1),
(435, 150, 126, 1),
(436, 150, 136, 1),
(437, 151, 47, 1),
(438, 152, 50, 3),
(439, 152, 53, 2),
(440, 152, 58, 1),
(441, 152, 60, 1),
(442, 152, 63, 2),
(443, 152, 15, 1),
(444, 152, 71, 1),
(445, 152, 75, 1),
(446, 152, 101, 1),
(447, 152, 113, 1),
(448, 152, 117, 1),
(449, 152, 121, 1),
(450, 152, 122, 1),
(451, 152, 123, 3),
(452, 152, 126, 2),
(453, 152, 12, 1),
(454, 152, 136, 2),
(455, 153, 33, 3),
(456, 153, 52, 2),
(457, 153, 60, 1),
(458, 153, 61, 3),
(459, 153, 63, 4),
(460, 153, 9, 1),
(461, 153, 80, 2),
(462, 153, 109, 1),
(463, 153, 113, 2),
(464, 153, 120, 2),
(465, 153, 121, 3),
(466, 153, 122, 1),
(467, 153, 126, 16),
(468, 153, 131, 2),
(469, 153, 11, 4),
(470, 153, 136, 6),
(471, 153, 138, 1),
(472, 154, 61, 1),
(473, 154, 80, 1),
(474, 154, 90, 1),
(475, 154, 122, 1),
(476, 154, 126, 1),
(477, 154, 142, 1),
(478, 155, 116, 1),
(479, 156, 58, 2),
(480, 156, 62, 1),
(481, 157, 32, 1),
(482, 157, 47, 1),
(483, 157, 75, 2),
(484, 157, 85, 1),
(485, 157, 105, 1),
(486, 157, 113, 1),
(487, 157, 126, 2),
(488, 158, 58, 2),
(489, 158, 60, 2),
(490, 158, 75, 1),
(491, 158, 120, 1),
(492, 159, 58, 10),
(493, 159, 80, 7),
(494, 160, 52, 1),
(495, 160, 63, 1),
(496, 161, 64, 1),
(497, 161, 110, 1),
(498, 161, 122, 1),
(499, 161, 126, 1),
(500, 162, 53, 3),
(501, 162, 89, 2),
(502, 162, 112, 1),
(503, 163, 75, 1),
(504, 163, 138, 1),
(505, 164, 63, 1),
(506, 164, 124, 1),
(507, 164, 152, 2),
(508, 165, 47, 1),
(509, 165, 51, 3),
(510, 165, 58, 3),
(511, 165, 61, 3),
(512, 165, 63, 1),
(513, 165, 20, 1),
(514, 165, 99, 2),
(515, 165, 105, 4),
(516, 165, 112, 1),
(517, 165, 118, 1),
(518, 165, 126, 2),
(519, 165, 129, 2),
(520, 165, 131, 1),
(521, 165, 11, 2),
(522, 165, 13, 1),
(523, 165, 136, 5),
(524, 165, 138, 1),
(525, 166, 105, 1),
(526, 167, 50, 1),
(527, 168, 62, 2),
(528, 168, 136, 1),
(529, 169, 17, 1),
(530, 169, 58, 3),
(531, 169, 60, 1),
(532, 169, 105, 1),
(533, 169, 111, 1),
(534, 169, 12, 1),
(535, 169, 11, 1),
(536, 169, 136, 2),
(537, 170, 47, 2),
(538, 171, 13, 1),
(539, 171, 138, 1),
(540, 172, 33, 1),
(541, 172, 47, 1),
(542, 172, 54, 1),
(543, 172, 55, 1),
(544, 172, 101, 1),
(545, 172, 105, 1),
(546, 172, 113, 1),
(547, 173, 33, 2),
(548, 173, 17, 1),
(549, 173, 50, 1),
(550, 173, 123, 2),
(551, 173, 136, 2),
(552, 173, 152, 1),
(553, 174, 75, 1),
(554, 174, 113, 1),
(555, 174, 136, 1),
(556, 175, 51, 1),
(557, 175, 71, 1),
(558, 175, 129, 2),
(559, 176, 50, 1),
(560, 176, 52, 1),
(561, 176, 58, 2),
(562, 176, 71, 1),
(563, 176, 74, 2),
(564, 176, 113, 2),
(565, 176, 12, 3),
(566, 176, 132, 2),
(567, 176, 138, 1),
(568, 177, 61, 2),
(569, 177, 63, 1),
(570, 177, 120, 1),
(571, 178, 61, 1),
(572, 178, 136, 3),
(573, 179, 33, 1),
(574, 179, 35, 1),
(575, 179, 53, 1),
(576, 179, 58, 1),
(577, 179, 61, 3),
(578, 179, 20, 1),
(579, 179, 18, 1),
(580, 179, 75, 1),
(581, 179, 129, 2),
(582, 179, 12, 1),
(583, 179, 136, 11),
(584, 180, 110, 1),
(585, 180, 155, 1),
(586, 181, 128, 1),
(587, 181, 133, 4),
(588, 182, 87, 3),
(589, 182, 116, 2),
(590, 182, 131, 3),
(591, 182, 136, 6),
(592, 183, 50, 1),
(593, 183, 136, 1),
(594, 184, 53, 1),
(595, 184, 134, 1),
(596, 185, 136, 1),
(597, 186, 120, 1),
(598, 186, 123, 5),
(599, 187, 60, 2),
(600, 187, 99, 3),
(601, 187, 136, 3),
(602, 188, 51, 3),
(603, 188, 90, 3),
(604, 188, 129, 1),
(605, 188, 133, 3),
(606, 189, 53, 2),
(607, 189, 139, 2),
(608, 189, 140, 1),
(609, 189, 141, 1),
(666, 222, 157, 1),
(667, 223, 157, 1),
(668, 226, 157, 1),
(669, 227, 157, 1);

-- --------------------------------------------------------

--
-- Struktur dari tabel `trans_stok_barang`
--

CREATE TABLE `trans_stok_barang` (
  `id_trans_stok` int(11) NOT NULL,
  `created_date` date NOT NULL,
  `created_time` time NOT NULL,
  `id_barang` int(11) NOT NULL,
  `jenis_transaksi` varchar(100) COLLATE utf8_unicode_ci NOT NULL,
  `id_trans` int(11) DEFAULT NULL,
  `masuk` int(11) NOT NULL DEFAULT 0,
  `keluar` int(11) NOT NULL DEFAULT 0,
  `keterangan` varchar(255) COLLATE utf8_unicode_ci DEFAULT NULL
) ENGINE=InnoDB DEFAULT CHARSET=utf8 COLLATE=utf8_unicode_ci;

--
-- Dumping data untuk tabel `trans_stok_barang`
--

INSERT INTO `trans_stok_barang` (`id_trans_stok`, `created_date`, `created_time`, `id_barang`, `jenis_transaksi`, `id_trans`, `masuk`, `keluar`, `keterangan`) VALUES
(1, '2018-08-31', '07:36:50', 1, 'UBAH DATA BARANG', NULL, 0, 10, ''),
(2, '2018-08-31', '07:38:59', 2, 'TAMBAH BARANG', NULL, 5, 0, ''),
(3, '2018-08-31', '07:39:00', 3, 'TAMBAH BARANG', NULL, 5, 0, ''),
(4, '2018-08-31', '07:40:15', 4, 'TAMBAH BARANG', NULL, 5, 0, ''),
(5, '2018-08-31', '07:41:22', 5, 'TAMBAH BARANG', NULL, 7, 0, ''),
(6, '2018-08-31', '07:42:22', 6, 'TAMBAH BARANG', NULL, 0, 0, ''),
(7, '2018-08-31', '07:44:22', 7, 'TAMBAH BARANG', NULL, 13, 0, ''),
(8, '2018-08-31', '07:44:49', 5, 'UBAH DATA BARANG', NULL, 1, 0, ''),
(9, '2018-08-31', '07:45:46', 8, 'TAMBAH BARANG', NULL, 4, 0, ''),
(10, '2018-08-31', '07:46:39', 9, 'TAMBAH BARANG', NULL, 4, 0, ''),
(11, '2018-08-31', '07:49:09', 10, 'TAMBAH BARANG', NULL, 2, 0, ''),
(12, '2018-08-31', '07:49:53', 11, 'TAMBAH BARANG', NULL, 2, 0, ''),
(13, '2018-08-31', '07:51:07', 12, 'TAMBAH BARANG', NULL, 0, 0, ''),
(14, '2018-08-31', '07:51:59', 13, 'TAMBAH BARANG', NULL, 1, 0, ''),
(15, '2018-08-31', '07:52:42', 14, 'TAMBAH BARANG', NULL, 2, 0, ''),
(16, '2018-08-31', '07:53:46', 15, 'TAMBAH BARANG', NULL, 0, 0, ''),
(17, '2018-08-31', '07:55:10', 16, 'TAMBAH BARANG', NULL, 3, 0, ''),
(18, '2018-08-31', '07:56:30', 17, 'TAMBAH BARANG', NULL, 16, 0, ''),
(19, '2018-08-31', '07:58:01', 20, 'TAMBAH BARANG', NULL, 2, 0, ''),
(20, '2018-08-31', '07:59:04', 21, 'TAMBAH BARANG', NULL, 1, 0, ''),
(21, '2018-08-31', '08:00:14', 22, 'TAMBAH BARANG', NULL, 6, 0, ''),
(22, '2018-08-31', '08:04:42', 23, 'TAMBAH BARANG', NULL, 1, 0, ''),
(23, '2018-08-31', '08:04:48', 24, 'TAMBAH BARANG', NULL, 1, 0, ''),
(24, '2018-08-31', '08:05:00', 24, 'UBAH DATA BARANG', NULL, 0, 1, ''),
(25, '2018-08-31', '08:05:09', 24, 'UBAH DATA BARANG', NULL, 0, 0, ''),
(26, '2018-08-31', '08:05:37', 3, 'UBAH DATA BARANG', NULL, 0, 5, ''),
(27, '2018-08-31', '08:06:00', 2, 'UBAH DATA BARANG', NULL, 0, 5, ''),
(28, '2018-08-31', '08:08:51', 3, 'UBAH DATA BARANG', NULL, 6, 0, ''),
(29, '2018-08-31', '08:10:18', 25, 'TAMBAH BARANG', NULL, 4, 0, ''),
(30, '2018-08-31', '08:12:15', 26, 'TAMBAH BARANG', NULL, 4, 0, ''),
(31, '2018-08-31', '08:14:59', 27, 'TAMBAH BARANG', NULL, 1, 0, ''),
(32, '2018-08-31', '08:16:15', 28, 'TAMBAH BARANG', NULL, 7, 0, ''),
(33, '2018-08-31', '08:17:07', 29, 'TAMBAH BARANG', NULL, 3, 0, ''),
(34, '2018-08-31', '08:18:21', 30, 'TAMBAH BARANG', NULL, 10, 0, ''),
(35, '2018-08-31', '08:19:37', 31, 'TAMBAH BARANG', NULL, 2, 0, ''),
(36, '2018-08-31', '11:04:58', 32, 'TAMBAH BARANG', NULL, 0, 0, ''),
(37, '2018-08-31', '11:08:12', 33, 'TAMBAH BARANG', NULL, 0, 0, ''),
(38, '2018-08-31', '11:16:29', 34, 'TAMBAH BARANG', NULL, 6, 0, ''),
(39, '2018-08-31', '22:04:11', 35, 'TAMBAH BARANG', NULL, 2, 0, ''),
(40, '2018-09-01', '14:34:36', 36, 'TAMBAH BARANG', NULL, 14, 0, ''),
(41, '2018-09-01', '14:35:53', 37, 'TAMBAH BARANG', NULL, 4, 0, ''),
(42, '2018-09-01', '14:44:12', 38, 'TAMBAH BARANG', NULL, 11, 0, ''),
(43, '2018-09-01', '14:46:02', 39, 'TAMBAH BARANG', NULL, 7, 0, ''),
(44, '2018-09-01', '14:48:39', 40, 'TAMBAH BARANG', NULL, 16, 0, ''),
(45, '2018-09-01', '14:50:07', 41, 'TAMBAH BARANG', NULL, 9, 0, ''),
(46, '2018-09-01', '14:50:53', 42, 'TAMBAH BARANG', NULL, 2, 0, ''),
(47, '2018-09-01', '14:52:15', 43, 'TAMBAH BARANG', NULL, 6, 0, ''),
(48, '2018-09-01', '14:53:53', 44, 'TAMBAH BARANG', NULL, 1, 0, ''),
(49, '2018-09-01', '14:56:39', 46, 'TAMBAH BARANG', NULL, 24, 0, ''),
(50, '2018-09-01', '14:58:31', 47, 'TAMBAH BARANG', NULL, 5, 0, ''),
(51, '2018-09-01', '14:59:11', 48, 'TAMBAH BARANG', NULL, 9, 0, ''),
(52, '2018-09-01', '15:05:45', 4, 'TAMBAH TRANSAKSI PENJUALAN', 1, 0, 1, ''),
(53, '2018-09-01', '15:07:09', 9, 'TAMBAH TRANSAKSI PENJUALAN', 2, 0, 1, ''),
(54, '2018-09-01', '15:12:19', 39, 'TAMBAH TRANSAKSI PENJUALAN', 3, 0, 1, ''),
(55, '2018-09-01', '15:12:19', 46, 'TAMBAH TRANSAKSI PENJUALAN', 3, 0, 3, ''),
(56, '2018-09-01', '15:12:19', 43, 'TAMBAH TRANSAKSI PENJUALAN', 3, 0, 3, ''),
(57, '2018-09-01', '15:12:19', 48, 'TAMBAH TRANSAKSI PENJUALAN', 3, 0, 1, ''),
(58, '2018-09-01', '15:12:19', 47, 'TAMBAH TRANSAKSI PENJUALAN', 3, 0, 1, ''),
(59, '2018-09-01', '15:12:19', 42, 'TAMBAH TRANSAKSI PENJUALAN', 3, 0, 1, ''),
(60, '2018-09-01', '15:13:59', 44, 'TAMBAH TRANSAKSI PENJUALAN', 4, 0, 1, ''),
(61, '2018-09-01', '15:13:59', 39, 'TAMBAH TRANSAKSI PENJUALAN', 4, 0, 1, ''),
(62, '2018-09-01', '15:13:59', 36, 'TAMBAH TRANSAKSI PENJUALAN', 4, 0, 1, ''),
(63, '2018-09-01', '15:16:01', 38, 'TAMBAH TRANSAKSI PENJUALAN', 5, 0, 1, ''),
(64, '2018-09-01', '15:16:01', 21, 'TAMBAH TRANSAKSI PENJUALAN', 5, 0, 1, ''),
(65, '2018-09-01', '15:23:27', 13, 'TAMBAH TRANSAKSI PENJUALAN', 6, 0, 1, ''),
(66, '2018-09-01', '15:23:27', 10, 'TAMBAH TRANSAKSI PENJUALAN', 6, 0, 1, ''),
(67, '2018-09-01', '15:24:49', 37, 'TAMBAH TRANSAKSI PENJUALAN', 7, 0, 1, ''),
(68, '2018-09-01', '15:24:49', 41, 'TAMBAH TRANSAKSI PENJUALAN', 7, 0, 1, ''),
(69, '2018-09-01', '15:24:49', 39, 'TAMBAH TRANSAKSI PENJUALAN', 7, 0, 1, ''),
(70, '2018-09-01', '15:26:26', 49, 'TAMBAH BARANG', NULL, 2, 0, ''),
(71, '2018-09-01', '15:27:39', 49, 'TAMBAH TRANSAKSI PENJUALAN', 8, 0, 1, ''),
(72, '2018-09-01', '15:30:18', 28, 'TAMBAH TRANSAKSI PENJUALAN', 9, 0, 1, ''),
(73, '2018-09-01', '15:34:02', 27, 'TAMBAH TRANSAKSI PENJUALAN', 10, 0, 1, ''),
(74, '2018-09-01', '15:36:17', 30, 'TAMBAH TRANSAKSI PENJUALAN', 11, 0, 1, ''),
(75, '2018-09-01', '15:36:17', 26, 'TAMBAH TRANSAKSI PENJUALAN', 11, 0, 2, ''),
(76, '2018-09-02', '10:57:56', 50, 'TAMBAH BARANG', NULL, 50, 0, ''),
(77, '2018-09-02', '10:59:02', 51, 'TAMBAH BARANG', NULL, 128, 0, ''),
(78, '2018-09-02', '11:00:22', 52, 'TAMBAH BARANG', NULL, 3, 0, ''),
(79, '2018-09-02', '11:01:51', 53, 'TAMBAH BARANG', NULL, 5, 0, ''),
(80, '2018-09-02', '11:04:34', 54, 'TAMBAH BARANG', NULL, 14, 0, ''),
(81, '2018-09-02', '11:06:18', 36, 'TAMBAH TRANSAKSI PENJUALAN', 12, 0, 1, ''),
(82, '2018-09-02', '11:06:18', 54, 'TAMBAH TRANSAKSI PENJUALAN', 12, 0, 1, ''),
(83, '2018-09-03', '03:08:08', 55, 'TAMBAH BARANG', NULL, 3, 0, ''),
(84, '2018-09-03', '03:08:56', 56, 'TAMBAH BARANG', NULL, 3, 0, ''),
(85, '2018-09-03', '03:09:44', 57, 'TAMBAH BARANG', NULL, 2, 0, ''),
(86, '2018-09-03', '03:10:18', 58, 'TAMBAH BARANG', NULL, 5, 0, ''),
(87, '2018-09-03', '03:10:19', 59, 'TAMBAH BARANG', NULL, 5, 0, ''),
(88, '2018-09-03', '03:11:01', 60, 'TAMBAH BARANG', NULL, 1, 0, ''),
(89, '2018-09-03', '03:11:38', 61, 'TAMBAH BARANG', NULL, 1, 0, ''),
(90, '2018-09-03', '03:12:15', 62, 'TAMBAH BARANG', NULL, 1, 0, ''),
(91, '2018-09-03', '03:12:15', 63, 'TAMBAH BARANG', NULL, 1, 0, ''),
(92, '2018-09-03', '03:13:34', 64, 'TAMBAH BARANG', NULL, 1, 0, ''),
(93, '2018-09-03', '03:18:54', 65, 'TAMBAH BARANG', NULL, 1, 0, ''),
(94, '2018-09-03', '03:23:48', 36, 'TAMBAH TRANSAKSI PENJUALAN', 13, 0, 4, ''),
(95, '2018-09-03', '03:23:48', 25, 'TAMBAH TRANSAKSI PENJUALAN', 13, 0, 3, ''),
(96, '2018-09-03', '03:23:48', 51, 'TAMBAH TRANSAKSI PENJUALAN', 13, 0, 1, ''),
(97, '2018-09-03', '03:23:48', 65, 'TAMBAH TRANSAKSI PENJUALAN', 13, 0, 1, ''),
(98, '2018-09-03', '03:23:48', 38, 'TAMBAH TRANSAKSI PENJUALAN', 13, 0, 1, ''),
(99, '2018-09-03', '03:25:34', 66, 'TAMBAH BARANG', NULL, 3, 0, ''),
(100, '2018-09-03', '03:30:06', 11, 'TAMBAH TRANSAKSI PENJUALAN', 14, 0, 1, ''),
(101, '2018-09-03', '03:30:06', 4, 'TAMBAH TRANSAKSI PENJUALAN', 14, 0, 1, ''),
(102, '2018-09-03', '03:30:06', 66, 'TAMBAH TRANSAKSI PENJUALAN', 14, 0, 1, ''),
(103, '2018-09-03', '03:33:38', 55, 'TAMBAH TRANSAKSI PENJUALAN', 15, 0, 1, ''),
(104, '2018-09-03', '03:34:34', 40, 'TAMBAH TRANSAKSI PENJUALAN', 16, 0, 1, ''),
(105, '2018-09-03', '03:44:50', 67, 'TAMBAH BARANG', NULL, 19, 0, ''),
(106, '2018-09-03', '03:48:06', 67, 'TAMBAH TRANSAKSI PENJUALAN', 17, 0, 1, ''),
(107, '2018-09-03', '03:48:06', 56, 'TAMBAH TRANSAKSI PENJUALAN', 17, 0, 2, ''),
(108, '2018-09-03', '03:48:06', 49, 'TAMBAH TRANSAKSI PENJUALAN', 17, 0, 1, ''),
(109, '2018-09-03', '03:48:06', 51, 'TAMBAH TRANSAKSI PENJUALAN', 17, 0, 3, ''),
(110, '2018-09-03', '03:51:29', 64, 'TAMBAH TRANSAKSI PENJUALAN', 18, 0, 1, ''),
(111, '2018-09-03', '03:51:29', 57, 'TAMBAH TRANSAKSI PENJUALAN', 18, 0, 1, ''),
(112, '2018-09-03', '03:51:29', 55, 'TAMBAH TRANSAKSI PENJUALAN', 18, 0, 1, ''),
(113, '2018-09-03', '03:53:05', 37, 'TAMBAH TRANSAKSI PENJUALAN', 19, 0, 2, ''),
(114, '2018-09-03', '03:53:05', 52, 'TAMBAH TRANSAKSI PENJUALAN', 19, 0, 1, ''),
(115, '2018-09-03', '03:53:05', 67, 'TAMBAH TRANSAKSI PENJUALAN', 19, 0, 1, ''),
(116, '2018-09-03', '03:54:46', 50, 'TAMBAH TRANSAKSI PENJUALAN', 20, 0, 12, ''),
(117, '2018-09-03', '14:45:35', 50, 'TAMBAH TRANSAKSI PENJUALAN', 21, 0, 24, ''),
(118, '2018-09-03', '14:48:31', 68, 'TAMBAH BARANG', NULL, 9, 0, ''),
(119, '2018-09-03', '14:49:34', 59, 'UBAH DATA BARANG', NULL, 0, 5, ''),
(120, '2018-09-03', '14:50:54', 69, 'TAMBAH BARANG', NULL, 20, 0, ''),
(121, '2018-09-03', '14:51:37', 70, 'TAMBAH BARANG', NULL, 2, 0, ''),
(122, '2018-09-03', '14:55:06', 40, 'TAMBAH TRANSAKSI PENJUALAN', 22, 0, 1, ''),
(123, '2018-09-03', '14:58:30', 50, 'TAMBAH TRANSAKSI PENJUALAN', 23, 0, 2, ''),
(124, '2018-09-03', '14:59:23', 60, 'TAMBAH TRANSAKSI PENJUALAN', 24, 0, 1, ''),
(125, '2018-09-03', '15:01:09', 71, 'TAMBAH BARANG', NULL, 4, 0, ''),
(126, '2018-09-03', '15:01:44', 72, 'TAMBAH BARANG', NULL, 24, 0, ''),
(127, '2018-09-03', '15:05:18', 73, 'TAMBAH BARANG', NULL, 0, 0, ''),
(128, '2018-09-03', '15:06:38', 74, 'TAMBAH BARANG', NULL, 0, 0, ''),
(129, '2018-09-03', '15:07:18', 75, 'TAMBAH BARANG', NULL, 0, 0, ''),
(130, '2018-09-03', '15:08:17', 76, 'TAMBAH BARANG', NULL, 0, 0, ''),
(131, '2018-09-03', '15:09:06', 77, 'TAMBAH BARANG', NULL, 0, 0, ''),
(132, '2018-09-03', '15:15:13', 78, 'TAMBAH BARANG', NULL, 26, 0, ''),
(133, '2018-09-03', '15:15:55', 79, 'TAMBAH BARANG', NULL, 6, 0, ''),
(134, '2018-09-03', '15:16:46', 80, 'TAMBAH BARANG', NULL, 0, 0, ''),
(135, '2018-09-03', '15:17:26', 81, 'TAMBAH BARANG', NULL, 0, 0, ''),
(136, '2018-09-03', '15:17:27', 82, 'TAMBAH BARANG', NULL, 0, 0, ''),
(137, '2018-09-03', '15:20:25', 83, 'TAMBAH BARANG', NULL, 0, 0, ''),
(138, '2018-09-03', '15:24:36', 51, 'TAMBAH TRANSAKSI PENJUALAN', 25, 0, 3, ''),
(139, '2018-09-03', '15:24:36', 46, 'TAMBAH TRANSAKSI PENJUALAN', 25, 0, 1, ''),
(141, '2018-09-03', '15:29:08', 35, 'TAMBAH TRANSAKSI PENJUALAN', 26, 0, 1, ''),
(142, '2018-09-03', '15:29:08', 68, 'TAMBAH TRANSAKSI PENJUALAN', 26, 0, 1, ''),
(143, '2018-09-03', '15:29:08', 39, 'TAMBAH TRANSAKSI PENJUALAN', 26, 0, 2, ''),
(144, '2018-09-03', '15:29:08', 50, 'TAMBAH TRANSAKSI PENJUALAN', 26, 0, 1, ''),
(145, '2018-09-03', '15:29:08', 72, 'TAMBAH TRANSAKSI PENJUALAN', 26, 0, 1, ''),
(146, '2018-09-03', '15:29:08', 67, 'TAMBAH TRANSAKSI PENJUALAN', 26, 0, 1, ''),
(147, '2018-09-03', '15:29:08', 4, 'TAMBAH TRANSAKSI PENJUALAN', 26, 0, 1, ''),
(148, '2018-09-03', '15:29:08', 40, 'TAMBAH TRANSAKSI PENJUALAN', 26, 0, 1, ''),
(149, '2018-09-03', '15:29:08', 61, 'TAMBAH TRANSAKSI PENJUALAN', 26, 0, 1, ''),
(150, '2018-09-03', '15:29:08', 58, 'TAMBAH TRANSAKSI PENJUALAN', 26, 0, 2, ''),
(151, '2018-09-03', '15:36:30', 84, 'TAMBAH BARANG', NULL, 8, 0, ''),
(152, '2018-09-03', '15:44:07', 17, 'TAMBAH TRANSAKSI PENJUALAN', 27, 0, 3, ''),
(153, '2018-09-03', '15:44:07', 69, 'TAMBAH TRANSAKSI PENJUALAN', 27, 0, 2, ''),
(154, '2018-09-03', '15:45:32', 37, 'TAMBAH TRANSAKSI PENJUALAN', 28, 0, 1, ''),
(155, '2018-09-03', '15:46:45', 36, 'TAMBAH TRANSAKSI PENJUALAN', 29, 0, 1, ''),
(156, '2018-09-03', '15:48:14', 28, 'TAMBAH TRANSAKSI PENJUALAN', 30, 0, 2, ''),
(157, '2018-09-03', '15:48:14', 50, 'TAMBAH TRANSAKSI PENJUALAN', 30, 0, 1, ''),
(158, '2018-09-03', '15:49:06', 51, 'TAMBAH TRANSAKSI PENJUALAN', 31, 0, 3, ''),
(159, '2018-09-03', '15:51:41', 78, 'TAMBAH TRANSAKSI PENJUALAN', 32, 0, 15, ''),
(160, '2018-09-03', '15:51:41', 79, 'TAMBAH TRANSAKSI PENJUALAN', 32, 0, 3, ''),
(161, '2018-09-03', '15:54:26', 85, 'TAMBAH BARANG', NULL, 8, 0, ''),
(162, '2018-09-03', '15:55:33', 40, 'TAMBAH TRANSAKSI PENJUALAN', 33, 0, 1, ''),
(163, '2018-09-03', '15:55:33', 85, 'TAMBAH TRANSAKSI PENJUALAN', 33, 0, 2, ''),
(164, '2018-09-03', '16:01:17', 36, 'TAMBAH TRANSAKSI PENJUALAN', 34, 0, 1, ''),
(165, '2018-09-03', '16:01:17', 85, 'TAMBAH TRANSAKSI PENJUALAN', 34, 0, 2, ''),
(166, '2018-09-03', '16:02:19', 27, 'TAMBAH TRANSAKSI PEMBELIAN', 4, 8, 0, ''),
(167, '2018-09-03', '16:03:13', 73, 'TAMBAH TRANSAKSI PEMBELIAN', 5, 5, 0, ''),
(168, '2018-09-03', '16:03:40', 44, 'TAMBAH TRANSAKSI PEMBELIAN', 6, 3, 0, ''),
(169, '2018-09-03', '16:04:16', 32, 'TAMBAH TRANSAKSI PEMBELIAN', 7, 15, 0, ''),
(170, '2018-09-03', '16:04:41', 74, 'TAMBAH TRANSAKSI PEMBELIAN', 8, 20, 0, ''),
(171, '2018-09-03', '16:05:11', 75, 'TAMBAH TRANSAKSI PEMBELIAN', 9, 2, 0, ''),
(172, '2018-09-03', '16:05:36', 21, 'TAMBAH TRANSAKSI PEMBELIAN', 10, 3, 0, ''),
(173, '2018-09-03', '16:06:19', 13, 'TAMBAH TRANSAKSI PEMBELIAN', 11, 10, 0, ''),
(174, '2018-09-03', '16:07:05', 25, 'TAMBAH TRANSAKSI PEMBELIAN', 12, 10, 0, ''),
(175, '2018-09-03', '16:07:32', 6, 'TAMBAH TRANSAKSI PEMBELIAN', 13, 10, 0, ''),
(176, '2018-09-03', '16:08:05', 14, 'TAMBAH TRANSAKSI PEMBELIAN', 14, 2, 0, ''),
(177, '2018-09-03', '16:08:41', 76, 'TAMBAH TRANSAKSI PEMBELIAN', 15, 3, 0, ''),
(178, '2018-09-03', '16:09:12', 10, 'TAMBAH TRANSAKSI PEMBELIAN', 16, 5, 0, ''),
(179, '2018-09-03', '16:09:47', 4, 'TAMBAH TRANSAKSI PEMBELIAN', 17, 5, 0, ''),
(180, '2018-09-03', '16:10:09', 81, 'TAMBAH TRANSAKSI PEMBELIAN', 18, 2, 0, ''),
(181, '2018-09-03', '16:10:56', 78, 'TAMBAH TRANSAKSI PEMBELIAN', 19, 56, 0, ''),
(182, '2018-09-03', '16:11:21', 79, 'TAMBAH TRANSAKSI PEMBELIAN', 20, 10, 0, ''),
(183, '2018-09-03', '16:12:10', 77, 'TAMBAH TRANSAKSI PEMBELIAN', 21, 24, 0, ''),
(184, '2018-09-03', '16:13:06', 65, 'TAMBAH TRANSAKSI PEMBELIAN', 22, 12, 0, ''),
(185, '2018-09-03', '16:14:24', 80, 'TAMBAH TRANSAKSI PEMBELIAN', 23, 5, 0, ''),
(186, '2018-09-03', '16:14:46', 60, 'TAMBAH TRANSAKSI PEMBELIAN', 24, 1, 0, ''),
(187, '2018-09-03', '16:15:50', 83, 'TAMBAH TRANSAKSI PEMBELIAN', 26, 1, 0, ''),
(188, '2018-09-03', '16:16:36', 86, 'TAMBAH BARANG', NULL, 0, 0, ''),
(189, '2018-09-03', '16:18:10', 86, 'TAMBAH TRANSAKSI PEMBELIAN', 27, 6, 0, ''),
(190, '2018-09-04', '13:20:18', 87, 'TAMBAH BARANG', NULL, 0, 0, ''),
(191, '2018-09-04', '13:21:20', 88, 'TAMBAH BARANG', NULL, 0, 0, ''),
(192, '2018-09-04', '13:21:55', 89, 'TAMBAH BARANG', NULL, 0, 0, ''),
(193, '2018-09-04', '13:30:42', 87, 'TAMBAH TRANSAKSI PEMBELIAN', 28, 30, 0, ''),
(194, '2018-09-04', '13:30:42', 42, 'TAMBAH TRANSAKSI PEMBELIAN', 28, 30, 0, ''),
(195, '2018-09-04', '13:30:42', 52, 'TAMBAH TRANSAKSI PEMBELIAN', 28, 10, 0, ''),
(196, '2018-09-04', '13:30:42', 88, 'TAMBAH TRANSAKSI PEMBELIAN', 28, 10, 0, ''),
(197, '2018-09-04', '13:30:42', 89, 'TAMBAH TRANSAKSI PEMBELIAN', 28, 12, 0, ''),
(198, '2018-09-04', '14:08:17', 90, 'TAMBAH BARANG', NULL, 3, 0, ''),
(199, '2018-09-04', '14:09:20', 91, 'TAMBAH BARANG', NULL, 2, 0, ''),
(200, '2018-09-04', '14:10:33', 92, 'TAMBAH BARANG', NULL, 1, 0, ''),
(201, '2018-09-04', '14:11:36', 93, 'TAMBAH BARANG', NULL, 2, 0, ''),
(202, '2018-09-04', '14:15:38', 94, 'TAMBAH BARANG', NULL, 1, 0, ''),
(203, '2018-09-04', '14:26:12', 44, 'TAMBAH TRANSAKSI PENJUALAN', 35, 0, 1, ''),
(204, '2018-09-04', '14:26:12', 51, 'TAMBAH TRANSAKSI PENJUALAN', 35, 0, 3, ''),
(205, '2018-09-04', '14:26:12', 90, 'TAMBAH TRANSAKSI PENJUALAN', 35, 0, 1, ''),
(206, '2018-09-04', '14:26:12', 50, 'TAMBAH TRANSAKSI PENJUALAN', 35, 0, 3, ''),
(207, '2018-09-04', '14:30:11', 78, 'TAMBAH TRANSAKSI PENJUALAN', 36, 0, 4, ''),
(208, '2018-09-04', '14:30:11', 79, 'TAMBAH TRANSAKSI PENJUALAN', 36, 0, 1, ''),
(209, '2018-09-04', '14:30:11', 6, 'TAMBAH TRANSAKSI PENJUALAN', 36, 0, 1, ''),
(210, '2018-09-04', '14:30:11', 89, 'TAMBAH TRANSAKSI PENJUALAN', 36, 0, 2, ''),
(211, '2018-09-04', '14:37:22', 75, 'TAMBAH TRANSAKSI PENJUALAN', 37, 0, 2, ''),
(212, '2018-09-04', '14:37:22', 25, 'TAMBAH TRANSAKSI PENJUALAN', 37, 0, 1, ''),
(213, '2018-09-04', '14:37:22', 6, 'TAMBAH TRANSAKSI PENJUALAN', 37, 0, 1, ''),
(214, '2018-09-04', '14:37:22', 50, 'TAMBAH TRANSAKSI PENJUALAN', 37, 0, 3, ''),
(215, '2018-09-04', '14:39:37', 25, 'TAMBAH TRANSAKSI PENJUALAN', 38, 0, 1, ''),
(216, '2018-09-04', '14:42:03', 78, 'TAMBAH TRANSAKSI PENJUALAN', 39, 0, 5, ''),
(217, '2018-09-04', '14:42:03', 79, 'TAMBAH TRANSAKSI PENJUALAN', 39, 0, 1, ''),
(218, '2018-09-04', '14:43:55', 22, 'TAMBAH TRANSAKSI PENJUALAN', 40, 0, 1, ''),
(219, '2018-09-04', '14:43:55', 13, 'TAMBAH TRANSAKSI PENJUALAN', 40, 0, 1, ''),
(220, '2018-09-04', '14:45:42', 81, 'TAMBAH TRANSAKSI PENJUALAN', 41, 0, 2, ''),
(221, '2018-09-04', '14:46:51', 38, 'TAMBAH TRANSAKSI PENJUALAN', 42, 0, 1, ''),
(222, '2018-09-04', '14:47:44', 93, 'TAMBAH TRANSAKSI PENJUALAN', 43, 0, 2, ''),
(223, '2018-09-04', '14:47:44', 6, 'TAMBAH TRANSAKSI PENJUALAN', 43, 0, 1, ''),
(224, '2018-09-04', '14:50:44', 47, 'TAMBAH TRANSAKSI PENJUALAN', 44, 0, 2, ''),
(225, '2018-09-04', '14:56:18', 57, 'TAMBAH TRANSAKSI PENJUALAN', 45, 0, 1, ''),
(226, '2018-09-04', '14:56:18', 83, 'TAMBAH TRANSAKSI PENJUALAN', 45, 0, 1, ''),
(227, '2018-09-04', '14:56:18', 60, 'TAMBAH TRANSAKSI PENJUALAN', 45, 0, 1, ''),
(228, '2018-09-04', '14:56:18', 22, 'TAMBAH TRANSAKSI PENJUALAN', 45, 0, 1, ''),
(229, '2018-09-04', '14:56:18', 63, 'TAMBAH TRANSAKSI PENJUALAN', 45, 0, 1, ''),
(230, '2018-09-04', '14:56:18', 27, 'TAMBAH TRANSAKSI PENJUALAN', 45, 0, 1, ''),
(231, '2018-09-04', '14:56:18', 78, 'TAMBAH TRANSAKSI PENJUALAN', 45, 0, 5, ''),
(232, '2018-09-04', '14:56:18', 79, 'TAMBAH TRANSAKSI PENJUALAN', 45, 0, 1, ''),
(233, '2018-09-04', '14:56:18', 94, 'TAMBAH TRANSAKSI PENJUALAN', 45, 0, 1, ''),
(234, '2018-09-04', '14:56:18', 32, 'TAMBAH TRANSAKSI PENJUALAN', 45, 0, 1, ''),
(235, '2018-09-04', '14:57:23', 52, 'TAMBAH TRANSAKSI PENJUALAN', 46, 0, 2, ''),
(236, '2018-09-04', '14:58:28', 95, 'TAMBAH BARANG', NULL, 3, 0, ''),
(237, '2018-09-04', '15:00:59', 52, 'TAMBAH TRANSAKSI PENJUALAN', 47, 0, 1, ''),
(238, '2018-09-04', '15:00:59', 51, 'TAMBAH TRANSAKSI PENJUALAN', 47, 0, 3, ''),
(239, '2018-09-04', '15:00:59', 72, 'TAMBAH TRANSAKSI PENJUALAN', 47, 0, 1, ''),
(240, '2018-09-04', '15:03:13', 32, 'TAMBAH TRANSAKSI PENJUALAN', 48, 0, 1, ''),
(241, '2018-09-04', '15:03:13', 74, 'TAMBAH TRANSAKSI PENJUALAN', 48, 0, 1, ''),
(242, '2018-09-04', '15:03:13', 95, 'TAMBAH TRANSAKSI PENJUALAN', 48, 0, 2, ''),
(243, '2018-09-04', '15:04:15', 92, 'UBAH TRANSAKSI PENJUALAN', 48, 0, 1, ''),
(244, '2018-09-05', '04:58:29', 27, 'TAMBAH TRANSAKSI PENJUALAN', 49, 0, 1, ''),
(245, '2018-09-05', '04:58:29', 72, 'TAMBAH TRANSAKSI PENJUALAN', 49, 0, 1, ''),
(246, '2018-09-05', '04:59:19', 51, 'TAMBAH TRANSAKSI PENJUALAN', 50, 0, 1, ''),
(247, '2018-09-05', '05:00:14', 4, 'TAMBAH TRANSAKSI PENJUALAN', 51, 0, 1, ''),
(248, '2018-09-05', '05:01:20', 4, 'TAMBAH TRANSAKSI PENJUALAN', 52, 0, 1, ''),
(249, '2018-09-05', '05:01:20', 13, 'TAMBAH TRANSAKSI PENJUALAN', 52, 0, 1, ''),
(250, '2018-09-05', '05:02:20', 96, 'TAMBAH BARANG', NULL, 11, 0, ''),
(251, '2018-09-05', '05:05:32', 13, 'TAMBAH TRANSAKSI PENJUALAN', 53, 0, 1, ''),
(252, '2018-09-05', '05:05:32', 86, 'TAMBAH TRANSAKSI PENJUALAN', 53, 0, 1, ''),
(253, '2018-09-05', '05:05:32', 87, 'TAMBAH TRANSAKSI PENJUALAN', 53, 0, 8, ''),
(254, '2018-09-05', '05:06:47', 96, 'TAMBAH TRANSAKSI PENJUALAN', 54, 0, 1, ''),
(255, '2018-09-05', '05:17:28', 80, 'UBAH TRANSAKSI PENJUALAN', 53, 0, 1, ''),
(256, '2018-09-05', '05:38:55', 87, 'TAMBAH TRANSAKSI PENJUALAN', 55, 0, 1, ''),
(257, '2018-09-05', '05:38:55', 95, 'TAMBAH TRANSAKSI PENJUALAN', 55, 0, 1, ''),
(258, '2018-09-05', '05:51:06', 54, 'TAMBAH TRANSAKSI PENJUALAN', 56, 0, 1, ''),
(259, '2018-09-05', '05:51:06', 5, 'TAMBAH TRANSAKSI PENJUALAN', 56, 0, 1, ''),
(260, '2018-09-05', '05:51:06', 74, 'TAMBAH TRANSAKSI PENJUALAN', 56, 0, 1, ''),
(261, '2018-09-05', '05:51:06', 50, 'TAMBAH TRANSAKSI PENJUALAN', 56, 0, 1, ''),
(262, '2018-09-05', '05:52:51', 32, 'TAMBAH TRANSAKSI PENJUALAN', 57, 0, 1, ''),
(263, '2018-09-05', '05:52:51', 91, 'TAMBAH TRANSAKSI PENJUALAN', 57, 0, 1, ''),
(264, '2018-09-05', '05:59:27', 7, 'TAMBAH TRANSAKSI PENJUALAN', 58, 0, 1, ''),
(265, '2018-09-05', '05:59:27', 5, 'TAMBAH TRANSAKSI PENJUALAN', 58, 0, 1, ''),
(266, '2018-09-06', '04:28:36', 5, 'TAMBAH TRANSAKSI PENJUALAN', 59, 0, 1, ''),
(267, '2018-09-06', '12:20:05', 40, 'TAMBAH TRANSAKSI PENJUALAN', 60, 0, 1, ''),
(268, '2018-09-06', '12:20:05', 38, 'TAMBAH TRANSAKSI PENJUALAN', 60, 0, 1, ''),
(269, '2018-09-06', '12:25:13', 97, 'TAMBAH BARANG', NULL, 1, 0, ''),
(270, '2018-09-06', '12:36:01', 97, 'TAMBAH TRANSAKSI PENJUALAN', 61, 0, 1, ''),
(271, '2018-09-06', '12:40:15', 40, 'TAMBAH TRANSAKSI PENJUALAN', 62, 0, 1, ''),
(272, '2018-09-06', '12:40:15', 69, 'TAMBAH TRANSAKSI PENJUALAN', 62, 0, 1, ''),
(273, '2018-09-06', '12:41:42', 25, 'TAMBAH TRANSAKSI PENJUALAN', 63, 0, 1, ''),
(274, '2018-09-06', '12:41:42', 6, 'TAMBAH TRANSAKSI PENJUALAN', 63, 0, 1, ''),
(275, '2018-09-07', '05:50:52', 98, 'TAMBAH BARANG', NULL, 0, 0, ''),
(276, '2018-09-07', '05:51:56', 99, 'TAMBAH BARANG', NULL, 0, 0, ''),
(277, '2018-09-07', '05:52:22', 100, 'TAMBAH BARANG', NULL, 0, 0, ''),
(278, '2018-09-07', '05:53:25', 101, 'TAMBAH BARANG', NULL, 0, 0, ''),
(279, '2018-09-07', '05:53:57', 102, 'TAMBAH BARANG', NULL, 0, 0, ''),
(280, '2018-09-07', '05:55:00', 102, 'TAMBAH TRANSAKSI PEMBELIAN', 29, 1, 0, ''),
(281, '2018-09-07', '05:55:00', 98, 'TAMBAH TRANSAKSI PEMBELIAN', 29, 2, 0, ''),
(282, '2018-09-07', '05:56:50', 32, 'TAMBAH TRANSAKSI PENJUALAN', 64, 0, 1, ''),
(283, '2018-09-07', '05:56:50', 78, 'TAMBAH TRANSAKSI PENJUALAN', 64, 0, 4, ''),
(284, '2018-09-07', '05:56:50', 79, 'TAMBAH TRANSAKSI PENJUALAN', 64, 0, 1, ''),
(285, '2018-09-07', '05:57:14', 89, 'UBAH TRANSAKSI PENJUALAN', 64, 0, 1, ''),
(286, '2018-09-07', '05:58:10', 67, 'TAMBAH TRANSAKSI PENJUALAN', 65, 0, 1, ''),
(287, '2018-09-07', '06:00:50', 78, 'TAMBAH TRANSAKSI PENJUALAN', 66, 0, 5, ''),
(288, '2018-09-07', '06:00:50', 79, 'TAMBAH TRANSAKSI PENJUALAN', 66, 0, 1, ''),
(289, '2018-09-07', '06:01:55', 103, 'TAMBAH BARANG', NULL, 0, 0, ''),
(290, '2018-09-07', '06:02:42', 104, 'TAMBAH BARANG', NULL, 0, 0, ''),
(291, '2018-09-07', '06:06:18', 103, 'TAMBAH TRANSAKSI PEMBELIAN', 30, 20, 0, ''),
(292, '2018-09-07', '06:06:18', 100, 'TAMBAH TRANSAKSI PEMBELIAN', 30, 6, 0, ''),
(293, '2018-09-07', '06:06:18', 99, 'TAMBAH TRANSAKSI PEMBELIAN', 30, 4, 0, ''),
(294, '2018-09-07', '06:06:18', 36, 'TAMBAH TRANSAKSI PEMBELIAN', 30, 7, 0, ''),
(295, '2018-09-07', '06:06:18', 104, 'TAMBAH TRANSAKSI PEMBELIAN', 30, 20, 0, ''),
(296, '2018-09-07', '06:06:18', 39, 'TAMBAH TRANSAKSI PEMBELIAN', 30, 3, 0, ''),
(297, '2018-09-07', '06:06:18', 37, 'TAMBAH TRANSAKSI PEMBELIAN', 30, 2, 0, ''),
(298, '2018-09-07', '06:08:53', 4, 'TAMBAH TRANSAKSI PEMBELIAN', 31, 5, 0, ''),
(299, '2018-09-07', '06:08:53', 25, 'TAMBAH TRANSAKSI PEMBELIAN', 31, 15, 0, ''),
(300, '2018-09-07', '06:08:53', 13, 'TAMBAH TRANSAKSI PEMBELIAN', 31, 10, 0, ''),
(301, '2018-09-07', '06:08:53', 6, 'TAMBAH TRANSAKSI PEMBELIAN', 31, 10, 0, ''),
(302, '2018-09-07', '06:08:53', 93, 'TAMBAH TRANSAKSI PEMBELIAN', 31, 7, 0, ''),
(303, '2018-09-07', '06:08:53', 101, 'TAMBAH TRANSAKSI PEMBELIAN', 31, 5, 0, ''),
(304, '2018-09-07', '06:09:55', 105, 'TAMBAH BARANG', NULL, 1, 0, ''),
(305, '2018-09-07', '06:27:47', 58, 'TAMBAH TRANSAKSI PENJUALAN', 67, 0, 1, ''),
(306, '2018-09-07', '06:27:47', 48, 'TAMBAH TRANSAKSI PENJUALAN', 67, 0, 1, ''),
(307, '2018-09-07', '06:27:48', 69, 'TAMBAH TRANSAKSI PENJUALAN', 67, 0, 3, ''),
(308, '2018-09-07', '06:27:48', 71, 'TAMBAH TRANSAKSI PENJUALAN', 67, 0, 1, ''),
(309, '2018-09-07', '06:27:48', 38, 'TAMBAH TRANSAKSI PENJUALAN', 67, 0, 2, ''),
(310, '2018-09-07', '06:27:48', 17, 'TAMBAH TRANSAKSI PENJUALAN', 67, 0, 1, ''),
(311, '2018-09-07', '06:27:48', 51, 'TAMBAH TRANSAKSI PENJUALAN', 67, 0, 3, ''),
(312, '2018-09-07', '06:27:48', 7, 'TAMBAH TRANSAKSI PENJUALAN', 67, 0, 1, ''),
(313, '2018-09-07', '06:27:48', 36, 'TAMBAH TRANSAKSI PENJUALAN', 67, 0, 1, ''),
(314, '2018-09-07', '06:27:48', 40, 'TAMBAH TRANSAKSI PENJUALAN', 67, 0, 1, ''),
(315, '2018-09-07', '06:27:48', 54, 'TAMBAH TRANSAKSI PENJUALAN', 67, 0, 1, ''),
(316, '2018-09-07', '06:27:48', 84, 'TAMBAH TRANSAKSI PENJUALAN', 67, 0, 2, ''),
(317, '2018-09-07', '06:32:16', 22, 'TAMBAH TRANSAKSI PENJUALAN', 68, 0, 1, ''),
(318, '2018-09-07', '06:32:16', 74, 'TAMBAH TRANSAKSI PENJUALAN', 68, 0, 1, ''),
(319, '2018-09-07', '06:34:36', 52, 'TAMBAH TRANSAKSI PENJUALAN', 69, 0, 2, ''),
(320, '2018-09-07', '06:34:36', 39, 'TAMBAH TRANSAKSI PENJUALAN', 69, 0, 1, ''),
(321, '2018-09-07', '06:36:32', 56, 'TAMBAH TRANSAKSI PENJUALAN', 70, 0, 1, ''),
(322, '2018-09-07', '06:36:32', 72, 'TAMBAH TRANSAKSI PENJUALAN', 70, 0, 1, ''),
(323, '2018-09-07', '06:42:45', 106, 'TAMBAH BARANG', NULL, 2, 0, ''),
(324, '2018-09-07', '06:44:03', 107, 'TAMBAH BARANG', NULL, 0, 0, ''),
(325, '2018-09-07', '06:45:25', 108, 'TAMBAH BARANG', NULL, 1, 0, ''),
(326, '2018-09-07', '06:46:19', 109, 'TAMBAH BARANG', NULL, 13, 0, ''),
(327, '2018-09-07', '06:48:44', 50, 'TAMBAH TRANSAKSI PEMBELIAN', 32, 50, 0, ''),
(328, '2018-09-07', '06:48:44', 108, 'TAMBAH TRANSAKSI PEMBELIAN', 32, 50, 0, ''),
(329, '2018-09-07', '06:48:44', 107, 'TAMBAH TRANSAKSI PEMBELIAN', 32, 12, 0, ''),
(330, '2018-09-07', '06:56:48', 4, 'TAMBAH TRANSAKSI PENJUALAN', 71, 0, 1, ''),
(331, '2018-09-07', '06:56:48', 13, 'TAMBAH TRANSAKSI PENJUALAN', 71, 0, 3, ''),
(332, '2018-09-07', '06:56:48', 25, 'TAMBAH TRANSAKSI PENJUALAN', 71, 0, 3, ''),
(333, '2018-09-07', '06:56:48', 6, 'TAMBAH TRANSAKSI PENJUALAN', 71, 0, 1, ''),
(334, '2018-09-07', '06:56:48', 88, 'TAMBAH TRANSAKSI PENJUALAN', 71, 0, 1, ''),
(335, '2018-09-07', '06:56:48', 22, 'TAMBAH TRANSAKSI PENJUALAN', 71, 0, 1, ''),
(336, '2018-09-07', '06:56:48', 84, 'TAMBAH TRANSAKSI PENJUALAN', 71, 0, 1, ''),
(337, '2018-09-07', '06:56:48', 51, 'TAMBAH TRANSAKSI PENJUALAN', 71, 0, 12, ''),
(338, '2018-09-07', '06:56:48', 68, 'TAMBAH TRANSAKSI PENJUALAN', 71, 0, 1, ''),
(339, '2018-09-07', '06:56:48', 69, 'TAMBAH TRANSAKSI PENJUALAN', 71, 0, 2, ''),
(340, '2018-09-07', '06:56:48', 66, 'TAMBAH TRANSAKSI PENJUALAN', 71, 0, 1, ''),
(341, '2018-09-07', '06:56:48', 77, 'TAMBAH TRANSAKSI PENJUALAN', 71, 0, 1, ''),
(342, '2018-09-07', '06:56:48', 34, 'TAMBAH TRANSAKSI PENJUALAN', 71, 0, 1, ''),
(343, '2018-09-07', '06:56:48', 78, 'TAMBAH TRANSAKSI PENJUALAN', 71, 0, 3, ''),
(344, '2018-09-07', '06:56:48', 79, 'TAMBAH TRANSAKSI PENJUALAN', 71, 0, 2, ''),
(345, '2018-09-07', '06:56:48', 107, 'TAMBAH TRANSAKSI PENJUALAN', 71, 0, 2, ''),
(346, '2018-09-07', '06:56:48', 38, 'TAMBAH TRANSAKSI PENJUALAN', 71, 0, 1, ''),
(347, '2018-09-07', '06:56:48', 32, 'TAMBAH TRANSAKSI PENJUALAN', 71, 0, 1, ''),
(348, '2018-09-07', '06:56:48', 50, 'TAMBAH TRANSAKSI PENJUALAN', 71, 0, 1, ''),
(349, '2018-09-07', '06:56:49', 106, 'TAMBAH TRANSAKSI PENJUALAN', 71, 0, 1, ''),
(350, '2018-09-07', '06:57:45', 21, 'TAMBAH TRANSAKSI PENJUALAN', 72, 0, 1, ''),
(351, '2018-09-07', '06:57:45', 80, 'TAMBAH TRANSAKSI PENJUALAN', 72, 0, 1, ''),
(352, '2018-09-07', '06:59:01', 86, 'TAMBAH TRANSAKSI PENJUALAN', 73, 0, 5, ''),
(353, '2018-09-07', '06:59:01', 65, 'TAMBAH TRANSAKSI PENJUALAN', 73, 0, 1, ''),
(354, '2018-09-07', '07:00:00', 87, 'TAMBAH TRANSAKSI PENJUALAN', 74, 0, 1, ''),
(355, '2018-09-07', '07:00:00', 74, 'TAMBAH TRANSAKSI PENJUALAN', 74, 0, 1, ''),
(356, '2018-09-07', '07:00:00', 69, 'TAMBAH TRANSAKSI PENJUALAN', 74, 0, 1, ''),
(357, '2018-09-07', '07:02:12', 38, 'TAMBAH TRANSAKSI PENJUALAN', 75, 0, 3, ''),
(358, '2018-09-07', '07:02:12', 39, 'TAMBAH TRANSAKSI PENJUALAN', 75, 0, 1, ''),
(359, '2018-09-07', '07:02:12', 50, 'TAMBAH TRANSAKSI PENJUALAN', 75, 0, 1, ''),
(360, '2018-09-07', '07:02:12', 88, 'TAMBAH TRANSAKSI PENJUALAN', 75, 0, 2, ''),
(361, '2018-09-07', '07:02:12', 74, 'TAMBAH TRANSAKSI PENJUALAN', 75, 0, 2, ''),
(362, '2018-09-07', '07:10:00', 50, 'TAMBAH TRANSAKSI PENJUALAN', 76, 0, 3, ''),
(363, '2018-09-07', '07:10:00', 21, 'TAMBAH TRANSAKSI PENJUALAN', 76, 0, 1, ''),
(364, '2018-09-07', '07:10:00', 42, 'TAMBAH TRANSAKSI PENJUALAN', 76, 0, 4, ''),
(365, '2018-09-07', '07:10:00', 73, 'TAMBAH TRANSAKSI PENJUALAN', 76, 0, 1, ''),
(366, '2018-09-07', '07:10:00', 74, 'TAMBAH TRANSAKSI PENJUALAN', 76, 0, 1, ''),
(367, '2018-09-07', '07:10:00', 67, 'TAMBAH TRANSAKSI PENJUALAN', 76, 0, 1, ''),
(368, '2018-09-07', '07:10:00', 108, 'TAMBAH TRANSAKSI PENJUALAN', 76, 0, 1, ''),
(369, '2018-09-07', '07:10:00', 87, 'TAMBAH TRANSAKSI PENJUALAN', 76, 0, 1, ''),
(370, '2018-09-07', '07:10:00', 48, 'TAMBAH TRANSAKSI PENJUALAN', 76, 0, 1, ''),
(371, '2018-09-07', '07:10:00', 88, 'TAMBAH TRANSAKSI PENJUALAN', 76, 0, 2, ''),
(372, '2018-09-07', '07:10:00', 89, 'TAMBAH TRANSAKSI PENJUALAN', 76, 0, 2, ''),
(373, '2018-09-07', '07:10:00', 84, 'TAMBAH TRANSAKSI PENJUALAN', 76, 0, 1, ''),
(374, '2018-09-07', '07:10:00', 66, 'TAMBAH TRANSAKSI PENJUALAN', 76, 0, 1, ''),
(375, '2018-09-07', '07:10:00', 52, 'TAMBAH TRANSAKSI PENJUALAN', 76, 0, 1, ''),
(376, '2018-09-07', '07:11:17', 50, 'UBAH TRANSAKSI PENJUALAN', 75, 0, 1, ''),
(377, '2018-09-07', '07:12:11', 68, 'TAMBAH TRANSAKSI PENJUALAN', 77, 0, 1, ''),
(378, '2018-09-07', '07:12:11', 77, 'TAMBAH TRANSAKSI PENJUALAN', 77, 0, 1, ''),
(379, '2018-09-07', '07:12:53', 5, 'TAMBAH TRANSAKSI PENJUALAN', 78, 0, 1, ''),
(380, '2018-09-07', '07:15:28', 10, 'TAMBAH TRANSAKSI PENJUALAN', 79, 0, 1, ''),
(381, '2018-09-07', '07:17:44', 51, 'TAMBAH TRANSAKSI PENJUALAN', 80, 0, 1, ''),
(382, '2018-09-07', '07:17:44', 69, 'TAMBAH TRANSAKSI PENJUALAN', 80, 0, 1, ''),
(383, '2018-09-07', '07:17:44', 42, 'TAMBAH TRANSAKSI PENJUALAN', 80, 0, 2, ''),
(384, '2018-09-07', '07:20:31', 13, 'TAMBAH TRANSAKSI PENJUALAN', 81, 0, 1, ''),
(385, '2018-09-07', '07:20:31', 85, 'TAMBAH TRANSAKSI PENJUALAN', 81, 0, 1, ''),
(386, '2018-09-07', '07:21:04', 25, 'TAMBAH TRANSAKSI PENJUALAN', 82, 0, 3, ''),
(387, '2018-09-07', '07:22:44', 103, 'TAMBAH TRANSAKSI PENJUALAN', 83, 0, 2, ''),
(388, '2018-09-07', '07:23:46', 23, 'UBAH TRANSAKSI PEMBELIAN', 29, 1, 0, ''),
(389, '2018-09-07', '07:49:09', 85, 'TAMBAH TRANSAKSI PENJUALAN', 84, 0, 1, ''),
(390, '2018-09-07', '07:49:30', 85, 'UBAH TRANSAKSI PENJUALAN', 84, 0, 3, ''),
(391, '2018-09-07', '22:30:08', 25, 'TAMBAH TRANSAKSI PENJUALAN', 85, 0, 2, ''),
(392, '2018-09-07', '22:30:09', 89, 'TAMBAH TRANSAKSI PENJUALAN', 85, 0, 1, ''),
(393, '2018-09-07', '22:30:48', 67, 'TAMBAH TRANSAKSI PENJUALAN', 86, 0, 1, ''),
(394, '2018-09-07', '22:31:33', 5, 'TAMBAH TRANSAKSI PENJUALAN', 87, 0, 1, ''),
(395, '2018-09-07', '22:31:33', 25, 'TAMBAH TRANSAKSI PENJUALAN', 87, 0, 1, ''),
(396, '2018-09-07', '22:32:48', 27, 'TAMBAH TRANSAKSI PENJUALAN', 88, 0, 1, ''),
(397, '2018-09-07', '22:32:48', 30, 'TAMBAH TRANSAKSI PENJUALAN', 88, 0, 1, ''),
(398, '2018-09-07', '22:37:50', 110, 'TAMBAH BARANG', NULL, 9, 0, ''),
(399, '2018-09-07', '22:38:48', 111, 'TAMBAH BARANG', NULL, 17, 0, ''),
(400, '2018-09-07', '22:39:29', 112, 'TAMBAH BARANG', NULL, 4, 0, ''),
(401, '2018-09-07', '22:40:17', 113, 'TAMBAH BARANG', NULL, 4, 0, ''),
(402, '2018-09-07', '22:41:52', 114, 'TAMBAH BARANG', NULL, 6, 0, ''),
(403, '2018-09-07', '22:43:07', 115, 'TAMBAH BARANG', NULL, 2, 0, ''),
(404, '2018-09-07', '22:44:02', 116, 'TAMBAH BARANG', NULL, 6, 0, ''),
(405, '2018-09-07', '22:46:23', 77, 'TAMBAH TRANSAKSI PENJUALAN', 89, 0, 1, ''),
(406, '2018-09-07', '22:46:23', 30, 'TAMBAH TRANSAKSI PENJUALAN', 89, 0, 1, ''),
(407, '2018-09-07', '22:46:23', 25, 'TAMBAH TRANSAKSI PENJUALAN', 89, 0, 2, ''),
(408, '2018-09-07', '22:46:23', 74, 'TAMBAH TRANSAKSI PENJUALAN', 89, 0, 1, ''),
(409, '2018-09-07', '22:46:23', 23, 'TAMBAH TRANSAKSI PENJUALAN', 89, 0, 2, ''),
(410, '2018-09-07', '22:46:23', 36, 'TAMBAH TRANSAKSI PENJUALAN', 89, 0, 1, ''),
(411, '2018-09-07', '22:51:14', 32, 'TAMBAH TRANSAKSI PENJUALAN', 90, 0, 5, ''),
(412, '2018-09-07', '22:51:14', 42, 'TAMBAH TRANSAKSI PENJUALAN', 90, 0, 10, ''),
(413, '2018-09-07', '22:51:14', 77, 'TAMBAH TRANSAKSI PENJUALAN', 90, 0, 5, ''),
(414, '2018-09-07', '22:51:14', 111, 'TAMBAH TRANSAKSI PENJUALAN', 90, 0, 4, ''),
(415, '2018-09-07', '22:51:14', 114, 'TAMBAH TRANSAKSI PENJUALAN', 90, 0, 3, ''),
(416, '2018-09-07', '22:51:14', 84, 'TAMBAH TRANSAKSI PENJUALAN', 90, 0, 4, ''),
(417, '2018-09-07', '22:53:13', 103, 'TAMBAH TRANSAKSI PENJUALAN', 91, 0, 2, ''),
(418, '2018-09-07', '22:53:13', 52, 'TAMBAH TRANSAKSI PENJUALAN', 91, 0, 1, ''),
(419, '2018-09-07', '22:53:13', 51, 'TAMBAH TRANSAKSI PENJUALAN', 91, 0, 1, ''),
(420, '2018-09-07', '22:53:13', 50, 'TAMBAH TRANSAKSI PENJUALAN', 91, 0, 1, ''),
(421, '2018-09-07', '22:54:03', 50, 'TAMBAH TRANSAKSI PENJUALAN', 92, 0, 1, ''),
(422, '2018-09-07', '22:54:03', 51, 'TAMBAH TRANSAKSI PENJUALAN', 92, 0, 1, ''),
(423, '2018-09-07', '22:54:03', 96, 'TAMBAH TRANSAKSI PENJUALAN', 92, 0, 1, ''),
(424, '2018-09-07', '22:54:53', 30, 'TAMBAH TRANSAKSI PENJUALAN', 93, 0, 1, ''),
(425, '2018-09-07', '22:54:53', 42, 'TAMBAH TRANSAKSI PENJUALAN', 93, 0, 1, ''),
(426, '2018-09-07', '22:56:31', 68, 'UBAH TRANSAKSI PENJUALAN', 63, 0, 1, ''),
(427, '2018-09-07', '23:07:27', 117, 'TAMBAH BARANG', NULL, 2, 0, ''),
(428, '2018-09-07', '23:08:12', 32, 'TAMBAH TRANSAKSI PENJUALAN', 94, 0, 2, ''),
(429, '2018-09-07', '23:09:03', 67, 'TAMBAH TRANSAKSI PENJUALAN', 95, 0, 1, ''),
(430, '2018-09-07', '23:09:32', 47, 'TAMBAH TRANSAKSI PENJUALAN', 96, 0, 1, ''),
(431, '2018-09-07', '23:10:09', 37, 'TAMBAH TRANSAKSI PENJUALAN', 97, 0, 1, ''),
(432, '2018-09-07', '23:11:17', 114, 'TAMBAH TRANSAKSI PENJUALAN', 98, 0, 2, ''),
(433, '2018-09-07', '23:11:17', 27, 'TAMBAH TRANSAKSI PENJUALAN', 98, 0, 1, ''),
(434, '2018-09-07', '23:11:17', 117, 'TAMBAH TRANSAKSI PENJUALAN', 98, 0, 1, ''),
(435, '2018-09-07', '23:11:17', 32, 'TAMBAH TRANSAKSI PENJUALAN', 98, 0, 1, ''),
(436, '2018-09-07', '23:12:34', 78, 'TAMBAH TRANSAKSI PENJUALAN', 99, 0, 5, ''),
(437, '2018-09-07', '23:12:34', 79, 'TAMBAH TRANSAKSI PENJUALAN', 99, 0, 1, ''),
(438, '2018-09-07', '23:13:57', 37, 'TAMBAH TRANSAKSI PENJUALAN', 100, 0, 1, ''),
(439, '2018-09-07', '23:14:49', 68, 'TAMBAH TRANSAKSI PENJUALAN', 101, 0, 3, ''),
(440, '2018-09-07', '23:14:49', 110, 'TAMBAH TRANSAKSI PENJUALAN', 101, 0, 2, ''),
(441, '2018-09-08', '02:06:57', 36, 'TAMBAH TRANSAKSI PENJUALAN', 102, 0, 1, ''),
(442, '2018-09-08', '02:06:57', 107, 'TAMBAH TRANSAKSI PENJUALAN', 102, 0, 1, ''),
(443, '2018-09-08', '02:08:22', 110, 'TAMBAH TRANSAKSI PENJUALAN', 103, 0, 1, ''),
(444, '2018-09-08', '02:08:22', 52, 'TAMBAH TRANSAKSI PENJUALAN', 103, 0, 1, ''),
(445, '2018-09-08', '02:08:22', 68, 'TAMBAH TRANSAKSI PENJUALAN', 103, 0, 1, ''),
(446, '2018-09-08', '02:08:59', 36, 'TAMBAH TRANSAKSI PENJUALAN', 104, 0, 2, ''),
(447, '2018-09-10', '03:09:17', 118, 'TAMBAH BARANG', NULL, 0, 0, ''),
(448, '2018-09-10', '03:09:48', 119, 'TAMBAH BARANG', NULL, 0, 0, ''),
(449, '2018-09-10', '03:10:45', 120, 'TAMBAH BARANG', NULL, 0, 0, ''),
(450, '2018-09-10', '03:11:22', 121, 'TAMBAH BARANG', NULL, 1, 0, ''),
(451, '2018-09-10', '03:12:09', 122, 'TAMBAH BARANG', NULL, 0, 0, ''),
(452, '2018-09-10', '03:12:56', 86, 'TAMBAH TRANSAKSI PEMBELIAN', 33, 5, 0, ''),
(453, '2018-09-10', '03:12:56', 122, 'TAMBAH TRANSAKSI PEMBELIAN', 33, 3, 0, ''),
(454, '2018-09-10', '03:14:15', 123, 'TAMBAH BARANG', NULL, 1, 0, ''),
(455, '2018-09-10', '03:17:33', 123, 'TAMBAH TRANSAKSI PEMBELIAN', 34, 3, 0, ''),
(456, '2018-09-10', '03:17:33', 52, 'TAMBAH TRANSAKSI PEMBELIAN', 34, 10, 0, ''),
(457, '2018-09-10', '03:17:33', 114, 'TAMBAH TRANSAKSI PEMBELIAN', 34, 10, 0, ''),
(458, '2018-09-10', '03:17:33', 120, 'TAMBAH TRANSAKSI PEMBELIAN', 34, 14, 0, ''),
(459, '2018-09-10', '03:17:33', 118, 'TAMBAH TRANSAKSI PEMBELIAN', 34, 10, 0, ''),
(460, '2018-09-10', '03:17:33', 119, 'TAMBAH TRANSAKSI PEMBELIAN', 34, 10, 0, ''),
(461, '2018-09-10', '03:17:33', 68, 'TAMBAH TRANSAKSI PEMBELIAN', 34, 10, 0, ''),
(462, '2018-09-10', '03:17:33', 43, 'TAMBAH TRANSAKSI PEMBELIAN', 34, 10, 0, ''),
(463, '2018-09-10', '03:17:33', 121, 'TAMBAH TRANSAKSI PEMBELIAN', 34, 20, 0, ''),
(464, '2018-09-10', '03:18:53', 44, 'TAMBAH TRANSAKSI PENJUALAN', 105, 0, 1, ''),
(465, '2018-09-10', '03:18:53', 36, 'TAMBAH TRANSAKSI PENJUALAN', 105, 0, 1, ''),
(466, '2018-09-10', '03:19:50', 52, 'TAMBAH TRANSAKSI PENJUALAN', 106, 0, 1, ''),
(467, '2018-09-10', '03:20:41', 43, 'TAMBAH TRANSAKSI PENJUALAN', 107, 0, 1, ''),
(468, '2018-09-10', '03:21:26', 17, 'TAMBAH TRANSAKSI PENJUALAN', 108, 0, 1, ''),
(469, '2018-09-10', '03:22:23', 51, 'TAMBAH TRANSAKSI PENJUALAN', 109, 0, 3, ''),
(470, '2018-09-10', '03:22:23', 17, 'TAMBAH TRANSAKSI PENJUALAN', 109, 0, 1, ''),
(471, '2018-09-10', '03:22:23', 52, 'TAMBAH TRANSAKSI PENJUALAN', 109, 0, 1, ''),
(472, '2018-09-10', '03:23:36', 36, 'TAMBAH TRANSAKSI PENJUALAN', 110, 0, 1, ''),
(473, '2018-09-10', '03:26:30', 78, 'TAMBAH TRANSAKSI PENJUALAN', 111, 0, 5, ''),
(474, '2018-09-10', '03:26:30', 79, 'TAMBAH TRANSAKSI PENJUALAN', 111, 0, 1, ''),
(475, '2018-09-10', '03:26:30', 101, 'TAMBAH TRANSAKSI PENJUALAN', 111, 0, 1, ''),
(476, '2018-09-10', '03:26:30', 50, 'TAMBAH TRANSAKSI PENJUALAN', 111, 0, 2, ''),
(477, '2018-09-10', '03:26:30', 29, 'TAMBAH TRANSAKSI PENJUALAN', 111, 0, 1, ''),
(478, '2018-09-10', '03:26:30', 5, 'TAMBAH TRANSAKSI PENJUALAN', 111, 0, 1, ''),
(479, '2018-09-10', '03:26:31', 103, 'TAMBAH TRANSAKSI PENJUALAN', 111, 0, 1, ''),
(480, '2018-09-10', '03:26:31', 16, 'TAMBAH TRANSAKSI PENJUALAN', 111, 0, 1, ''),
(481, '2018-09-10', '03:26:31', 108, 'TAMBAH TRANSAKSI PENJUALAN', 111, 0, 1, ''),
(482, '2018-09-10', '03:26:31', 51, 'TAMBAH TRANSAKSI PENJUALAN', 111, 0, 1, ''),
(483, '2018-09-10', '03:27:58', 13, 'TAMBAH TRANSAKSI PENJUALAN', 112, 0, 1, ''),
(484, '2018-09-10', '03:27:58', 103, 'TAMBAH TRANSAKSI PENJUALAN', 112, 0, 1, ''),
(485, '2018-09-10', '03:28:41', 99, 'TAMBAH TRANSAKSI PENJUALAN', 113, 0, 1, ''),
(486, '2018-09-10', '03:33:44', 5, 'TAMBAH TRANSAKSI PENJUALAN', 114, 0, 2, ''),
(487, '2018-09-10', '03:33:44', 8, 'TAMBAH TRANSAKSI PENJUALAN', 114, 0, 1, ''),
(488, '2018-09-10', '03:33:44', 25, 'TAMBAH TRANSAKSI PENJUALAN', 114, 0, 3, ''),
(489, '2018-09-10', '03:33:44', 13, 'TAMBAH TRANSAKSI PENJUALAN', 114, 0, 2, ''),
(490, '2018-09-10', '03:33:44', 76, 'TAMBAH TRANSAKSI PENJUALAN', 114, 0, 1, ''),
(491, '2018-09-10', '03:33:44', 6, 'TAMBAH TRANSAKSI PENJUALAN', 114, 0, 1, ''),
(492, '2018-09-10', '03:36:53', 35, 'TAMBAH TRANSAKSI PENJUALAN', 115, 0, 1, ''),
(493, '2018-09-10', '03:38:09', 114, 'TAMBAH TRANSAKSI PENJUALAN', 116, 0, 1, ''),
(494, '2018-09-10', '03:38:09', 96, 'TAMBAH TRANSAKSI PENJUALAN', 116, 0, 1, ''),
(495, '2018-09-10', '03:39:39', 99, 'TAMBAH TRANSAKSI PENJUALAN', 117, 0, 1, ''),
(496, '2018-09-10', '03:39:39', 116, 'TAMBAH TRANSAKSI PENJUALAN', 117, 0, 1, ''),
(497, '2018-09-10', '03:40:48', 34, 'TAMBAH TRANSAKSI PENJUALAN', 118, 0, 2, ''),
(498, '2018-09-10', '03:40:48', 77, 'TAMBAH TRANSAKSI PENJUALAN', 118, 0, 3, ''),
(499, '2018-09-10', '03:40:48', 101, 'TAMBAH TRANSAKSI PENJUALAN', 118, 0, 3, ''),
(500, '2018-09-10', '08:20:24', 114, 'TAMBAH TRANSAKSI PENJUALAN', 119, 0, 1, ''),
(501, '2018-09-10', '08:20:24', 29, 'TAMBAH TRANSAKSI PENJUALAN', 119, 0, 1, ''),
(502, '2018-09-10', '08:20:24', 65, 'TAMBAH TRANSAKSI PENJUALAN', 119, 0, 1, ''),
(503, '2018-09-17', '22:36:08', 124, 'TAMBAH BARANG', NULL, 0, 0, ''),
(504, '2018-09-17', '22:36:53', 125, 'TAMBAH BARANG', NULL, 0, 0, ''),
(505, '2018-09-17', '22:37:33', 126, 'TAMBAH BARANG', NULL, 0, 0, ''),
(506, '2018-09-17', '22:38:23', 127, 'TAMBAH BARANG', NULL, 0, 0, ''),
(507, '2018-09-17', '22:39:06', 128, 'TAMBAH BARANG', NULL, 0, 0, ''),
(508, '2018-09-17', '22:39:46', 129, 'TAMBAH BARANG', NULL, 0, 0, ''),
(509, '2018-09-17', '22:40:40', 130, 'TAMBAH BARANG', NULL, 0, 0, ''),
(510, '2018-09-17', '22:41:10', 131, 'TAMBAH BARANG', NULL, 0, 0, ''),
(511, '2018-09-17', '22:41:52', 132, 'TAMBAH BARANG', NULL, 0, 0, ''),
(512, '2018-09-17', '22:43:37', 124, 'TAMBAH TRANSAKSI PEMBELIAN', 35, 49, 0, ''),
(513, '2018-09-17', '22:43:37', 48, 'TAMBAH TRANSAKSI PEMBELIAN', 35, 50, 0, ''),
(514, '2018-09-17', '22:43:37', 53, 'TAMBAH TRANSAKSI PEMBELIAN', 35, 20, 0, ''),
(515, '2018-09-17', '22:46:55', 126, 'TAMBAH TRANSAKSI PEMBELIAN', 36, 8, 0, ''),
(516, '2018-09-17', '22:46:55', 39, 'TAMBAH TRANSAKSI PEMBELIAN', 36, 6, 0, ''),
(517, '2018-09-17', '22:46:55', 100, 'TAMBAH TRANSAKSI PEMBELIAN', 36, 4, 0, ''),
(518, '2018-09-17', '22:46:55', 37, 'TAMBAH TRANSAKSI PEMBELIAN', 36, 4, 0, ''),
(519, '2018-09-17', '22:46:55', 40, 'TAMBAH TRANSAKSI PEMBELIAN', 36, 10, 0, ''),
(520, '2018-09-17', '22:46:55', 99, 'TAMBAH TRANSAKSI PEMBELIAN', 36, 2, 0, ''),
(521, '2018-09-17', '22:46:55', 127, 'TAMBAH TRANSAKSI PEMBELIAN', 36, 25, 0, ''),
(522, '2018-09-17', '22:48:38', 36, 'TAMBAH TRANSAKSI PEMBELIAN', 37, 10, 0, ''),
(523, '2018-09-17', '22:48:38', 99, 'TAMBAH TRANSAKSI PEMBELIAN', 37, 6, 0, ''),
(524, '2018-09-17', '22:48:38', 39, 'TAMBAH TRANSAKSI PEMBELIAN', 37, 5, 0, ''),
(525, '2018-09-17', '22:48:38', 128, 'TAMBAH TRANSAKSI PEMBELIAN', 37, 2, 0, ''),
(526, '2018-09-17', '22:49:40', 25, 'TAMBAH TRANSAKSI PEMBELIAN', 38, 25, 0, ''),
(527, '2018-09-17', '22:49:40', 13, 'TAMBAH TRANSAKSI PEMBELIAN', 38, 10, 0, ''),
(528, '2018-09-17', '22:49:40', 21, 'TAMBAH TRANSAKSI PEMBELIAN', 38, 4, 0, ''),
(529, '2018-09-17', '22:50:50', 129, 'TAMBAH TRANSAKSI PEMBELIAN', 39, 10, 0, ''),
(530, '2018-09-17', '22:50:50', 130, 'TAMBAH TRANSAKSI PEMBELIAN', 39, 25, 0, ''),
(531, '2018-09-17', '22:50:50', 82, 'TAMBAH TRANSAKSI PEMBELIAN', 39, 3, 0, ''),
(532, '2018-09-17', '22:51:53', 131, 'TAMBAH TRANSAKSI PEMBELIAN', 40, 15, 0, ''),
(533, '2018-09-17', '22:51:53', 44, 'TAMBAH TRANSAKSI PEMBELIAN', 40, 3, 0, ''),
(534, '2018-09-17', '22:51:53', 101, 'TAMBAH TRANSAKSI PEMBELIAN', 40, 5, 0, ''),
(535, '2018-09-17', '22:52:34', 133, 'TAMBAH BARANG', NULL, 4, 0, ''),
(536, '2018-09-18', '06:41:48', 135, 'TAMBAH BARANG', NULL, 0, 0, ''),
(537, '2018-09-18', '06:42:24', 136, 'TAMBAH BARANG', NULL, 0, 0, ''),
(538, '2018-09-18', '06:43:12', 137, 'TAMBAH BARANG', NULL, 0, 0, ''),
(539, '2018-09-18', '06:44:36', 42, 'TAMBAH TRANSAKSI PEMBELIAN', 41, 100, 0, ''),
(540, '2018-09-18', '06:44:36', 135, 'TAMBAH TRANSAKSI PEMBELIAN', 41, 20, 0, ''),
(541, '2018-09-18', '06:44:36', 110, 'TAMBAH TRANSAKSI PEMBELIAN', 41, 10, 0, ''),
(542, '2018-09-18', '06:44:36', 137, 'TAMBAH TRANSAKSI PEMBELIAN', 41, 10, 0, ''),
(543, '2018-09-18', '06:44:36', 136, 'TAMBAH TRANSAKSI PEMBELIAN', 41, 10, 0, ''),
(544, '2018-09-21', '02:33:04', 103, 'TAMBAH TRANSAKSI PEMBELIAN', 42, 20, 0, ''),
(545, '2018-09-21', '02:33:04', 41, 'TAMBAH TRANSAKSI PEMBELIAN', 42, 2, 0, ''),
(546, '2018-09-21', '02:35:33', 50, 'TAMBAH TRANSAKSI PENJUALAN', 120, 0, 5, ''),
(547, '2018-09-21', '02:35:33', 42, 'TAMBAH TRANSAKSI PENJUALAN', 120, 0, 1, ''),
(548, '2018-09-21', '02:44:44', 103, 'TAMBAH TRANSAKSI PENJUALAN', 121, 0, 1, ''),
(549, '2018-09-21', '02:44:44', 87, 'TAMBAH TRANSAKSI PENJUALAN', 121, 0, 2, ''),
(550, '2018-09-21', '02:44:44', 110, 'TAMBAH TRANSAKSI PENJUALAN', 121, 0, 1, ''),
(551, '2018-09-23', '08:30:51', 138, 'TAMBAH BARANG', NULL, 50, 0, ''),
(552, '2018-09-23', '08:31:44', 138, 'TAMBAH TRANSAKSI PEMBELIAN', 43, 57, 0, ''),
(553, '2018-09-23', '08:32:26', 33, 'UBAH TRANSAKSI PEMBELIAN', 43, 20, 0, ''),
(554, '2018-09-23', '08:32:26', 35, 'UBAH TRANSAKSI PEMBELIAN', 43, 2, 0, ''),
(555, '2018-09-23', '08:39:04', 138, 'TAMBAH TRANSAKSI PENJUALAN', 122, 0, 2, ''),
(556, '2018-09-23', '08:39:04', 50, 'TAMBAH TRANSAKSI PENJUALAN', 122, 0, 2, ''),
(557, '2018-09-23', '08:39:04', 42, 'TAMBAH TRANSAKSI PENJUALAN', 122, 0, 1, ''),
(558, '2018-09-23', '08:39:04', 108, 'TAMBAH TRANSAKSI PENJUALAN', 122, 0, 4, ''),
(559, '2018-09-23', '08:39:04', 88, 'TAMBAH TRANSAKSI PENJUALAN', 122, 0, 1, ''),
(560, '2018-09-23', '08:39:04', 51, 'TAMBAH TRANSAKSI PENJUALAN', 122, 0, 3, ''),
(561, '2018-09-23', '08:39:04', 70, 'TAMBAH TRANSAKSI PENJUALAN', 122, 0, 1, ''),
(562, '2018-09-23', '08:39:05', 67, 'TAMBAH TRANSAKSI PENJUALAN', 122, 0, 1, ''),
(563, '2018-09-23', '08:43:35', 34, 'TAMBAH TRANSAKSI PENJUALAN', 123, 0, 2, ''),
(564, '2018-09-23', '08:43:35', 77, 'TAMBAH TRANSAKSI PENJUALAN', 123, 0, 3, ''),
(565, '2018-09-23', '08:43:35', 101, 'TAMBAH TRANSAKSI PENJUALAN', 123, 0, 3, ''),
(566, '2018-09-23', '08:44:42', 114, 'TAMBAH TRANSAKSI PENJUALAN', 124, 0, 1, ''),
(567, '2018-09-23', '08:44:42', 96, 'TAMBAH TRANSAKSI PENJUALAN', 124, 0, 1, ''),
(568, '2018-09-23', '08:46:09', 50, 'TAMBAH TRANSAKSI PENJUALAN', 125, 0, 1, ''),
(569, '2018-09-23', '08:46:09', 35, 'TAMBAH TRANSAKSI PENJUALAN', 125, 0, 1, ''),
(570, '2018-09-23', '08:47:22', 138, 'TAMBAH TRANSAKSI PENJUALAN', 126, 0, 10, ''),
(571, '2018-09-23', '08:48:00', 99, 'TAMBAH TRANSAKSI PENJUALAN', 127, 0, 1, ''),
(572, '2018-09-23', '08:48:54', 138, 'TAMBAH TRANSAKSI PENJUALAN', 128, 0, 1, ''),
(573, '2018-09-23', '08:48:54', 103, 'TAMBAH TRANSAKSI PENJUALAN', 128, 0, 1, ''),
(574, '2018-09-23', '09:06:53', 89, 'TAMBAH TRANSAKSI PENJUALAN', 129, 0, 2, ''),
(575, '2018-09-23', '09:06:53', 50, 'TAMBAH TRANSAKSI PENJUALAN', 129, 0, 3, ''),
(576, '2018-09-23', '09:06:53', 69, 'TAMBAH TRANSAKSI PENJUALAN', 129, 0, 1, ''),
(577, '2018-09-23', '09:06:54', 87, 'TAMBAH TRANSAKSI PENJUALAN', 129, 0, 1, ''),
(578, '2018-09-23', '09:06:54', 48, 'TAMBAH TRANSAKSI PENJUALAN', 129, 0, 1, ''),
(579, '2018-09-23', '09:06:54', 100, 'TAMBAH TRANSAKSI PENJUALAN', 129, 0, 1, ''),
(580, '2018-09-23', '09:10:32', 78, 'TAMBAH TRANSAKSI PENJUALAN', 130, 0, 10, ''),
(581, '2018-09-23', '09:10:32', 79, 'TAMBAH TRANSAKSI PENJUALAN', 130, 0, 2, ''),
(582, '2018-09-23', '09:10:32', 50, 'TAMBAH TRANSAKSI PENJUALAN', 130, 0, 2, ''),
(583, '2018-09-23', '09:10:32', 29, 'TAMBAH TRANSAKSI PENJUALAN', 130, 0, 1, ''),
(584, '2018-09-23', '09:10:32', 138, 'TAMBAH TRANSAKSI PENJUALAN', 130, 0, 1, ''),
(585, '2018-09-23', '09:10:32', 103, 'TAMBAH TRANSAKSI PENJUALAN', 130, 0, 1, ''),
(586, '2018-09-23', '09:10:32', 16, 'TAMBAH TRANSAKSI PENJUALAN', 130, 0, 1, ''),
(587, '2018-09-23', '09:10:33', 108, 'TAMBAH TRANSAKSI PENJUALAN', 130, 0, 1, ''),
(588, '2018-09-23', '09:10:33', 51, 'TAMBAH TRANSAKSI PENJUALAN', 130, 0, 1, ''),
(589, '2018-09-23', '09:10:33', 101, 'TAMBAH TRANSAKSI PENJUALAN', 130, 0, 1, ''),
(590, '2018-09-23', '09:20:55', 84, 'UBAH TRANSAKSI PEMBELIAN', 30, 21, 0, ''),
(591, '2018-09-23', '09:22:25', 139, 'TAMBAH BARANG', NULL, 3, 0, ''),
(592, '2018-09-23', '09:23:06', 140, 'TAMBAH BARANG', NULL, 8, 0, ''),
(593, '2018-09-23', '09:24:05', 141, 'TAMBAH BARANG', NULL, 16, 0, ''),
(594, '2018-09-23', '09:24:39', 142, 'TAMBAH BARANG', NULL, 10, 0, ''),
(595, '2018-09-23', '09:25:10', 143, 'TAMBAH BARANG', NULL, 10, 0, ''),
(596, '2018-09-23', '09:25:49', 144, 'TAMBAH BARANG', NULL, 5, 0, ''),
(597, '2018-09-23', '09:26:39', 145, 'TAMBAH BARANG', NULL, 1, 0, ''),
(598, '2018-09-23', '09:27:59', 146, 'TAMBAH BARANG', NULL, 1, 0, ''),
(599, '2018-09-23', '09:28:50', 147, 'TAMBAH BARANG', NULL, 1, 0, ''),
(600, '2018-09-23', '09:29:46', 132, 'UBAH DATA BARANG', NULL, 10, 0, ''),
(601, '2018-09-23', '09:30:37', 148, 'TAMBAH BARANG', NULL, 5, 0, ''),
(602, '2018-09-23', '09:30:38', 149, 'TAMBAH BARANG', NULL, 5, 0, ''),
(603, '2018-09-23', '09:32:23', 150, 'TAMBAH BARANG', NULL, 1, 0, ''),
(604, '2018-09-23', '09:34:10', 151, 'TAMBAH BARANG', NULL, 2, 0, ''),
(605, '2018-09-23', '09:36:04', 65, 'TAMBAH TRANSAKSI PENJUALAN', 131, 0, 1, ''),
(606, '2018-09-23', '09:36:04', 149, 'TAMBAH TRANSAKSI PENJUALAN', 131, 0, 1, ''),
(607, '2018-09-23', '09:36:04', 120, 'TAMBAH TRANSAKSI PENJUALAN', 131, 0, 1, ''),
(608, '2018-09-23', '09:36:04', 84, 'TAMBAH TRANSAKSI PENJUALAN', 131, 0, 1, ''),
(609, '2018-09-23', '09:36:04', 87, 'TAMBAH TRANSAKSI PENJUALAN', 131, 0, 2, ''),
(610, '2018-09-23', '09:37:43', 101, 'TAMBAH TRANSAKSI PENJUALAN', 132, 0, 1, ''),
(611, '2018-09-23', '09:38:41', 51, 'TAMBAH TRANSAKSI PENJUALAN', 133, 0, 5, ''),
(612, '2018-09-23', '09:38:41', 74, 'TAMBAH TRANSAKSI PENJUALAN', 133, 0, 1, ''),
(613, '2018-09-23', '09:41:36', 108, 'TAMBAH TRANSAKSI PENJUALAN', 134, 0, 3, ''),
(614, '2018-09-23', '09:41:36', 51, 'TAMBAH TRANSAKSI PENJUALAN', 134, 0, 3, ''),
(615, '2018-09-23', '09:41:36', 74, 'TAMBAH TRANSAKSI PENJUALAN', 134, 0, 1, ''),
(616, '2018-09-23', '09:41:36', 111, 'TAMBAH TRANSAKSI PENJUALAN', 134, 0, 1, ''),
(617, '2018-09-23', '09:41:36', 52, 'TAMBAH TRANSAKSI PENJUALAN', 134, 0, 2, ''),
(618, '2018-09-23', '09:41:36', 68, 'TAMBAH TRANSAKSI PENJUALAN', 134, 0, 1, ''),
(619, '2018-09-23', '09:41:36', 88, 'TAMBAH TRANSAKSI PENJUALAN', 134, 0, 1, ''),
(620, '2018-09-23', '09:41:36', 120, 'TAMBAH TRANSAKSI PENJUALAN', 134, 0, 2, ''),
(621, '2018-09-23', '09:41:37', 105, 'TAMBAH TRANSAKSI PENJUALAN', 134, 0, 1, ''),
(622, '2018-09-23', '09:41:37', 84, 'TAMBAH TRANSAKSI PENJUALAN', 134, 0, 1, ''),
(623, '2018-09-23', '09:41:37', 119, 'TAMBAH TRANSAKSI PENJUALAN', 134, 0, 1, ''),
(624, '2018-09-23', '09:42:09', 138, 'TAMBAH TRANSAKSI PENJUALAN', 135, 0, 2, ''),
(625, '2018-09-23', '09:45:03', 42, 'TAMBAH TRANSAKSI PENJUALAN', 136, 0, 1, ''),
(626, '2018-09-23', '09:45:03', 108, 'TAMBAH TRANSAKSI PENJUALAN', 136, 0, 1, ''),
(627, '2018-09-23', '09:45:03', 112, 'TAMBAH TRANSAKSI PENJUALAN', 136, 0, 1, ''),
(628, '2018-09-23', '09:45:03', 120, 'TAMBAH TRANSAKSI PENJUALAN', 136, 0, 1, ''),
(629, '2018-09-23', '09:45:03', 138, 'TAMBAH TRANSAKSI PENJUALAN', 136, 0, 1, ''),
(630, '2018-09-23', '09:45:03', 46, 'TAMBAH TRANSAKSI PENJUALAN', 136, 0, 2, ''),
(631, '2018-09-23', '09:46:22', 50, 'TAMBAH TRANSAKSI PENJUALAN', 137, 0, 3, ''),
(632, '2018-09-23', '09:46:22', 46, 'TAMBAH TRANSAKSI PENJUALAN', 137, 0, 1, ''),
(633, '2018-09-23', '09:50:10', 152, 'TAMBAH BARANG', NULL, 3, 0, ''),
(634, '2018-09-23', '09:50:56', 153, 'TAMBAH BARANG', NULL, 30, 0, ''),
(635, '2018-09-23', '09:52:00', 152, 'TAMBAH TRANSAKSI PENJUALAN', 138, 0, 1, ''),
(636, '2018-09-23', '09:52:01', 153, 'TAMBAH TRANSAKSI PENJUALAN', 138, 0, 1, ''),
(637, '2018-09-23', '09:55:18', 98, 'TAMBAH TRANSAKSI PENJUALAN', 139, 0, 1, ''),
(638, '2018-09-23', '09:55:18', 69, 'TAMBAH TRANSAKSI PENJUALAN', 139, 0, 1, ''),
(639, '2018-09-23', '09:55:18', 42, 'TAMBAH TRANSAKSI PENJUALAN', 139, 0, 5, ''),
(640, '2018-09-23', '09:55:18', 108, 'TAMBAH TRANSAKSI PENJUALAN', 139, 0, 2, ''),
(641, '2018-09-23', '09:55:18', 46, 'TAMBAH TRANSAKSI PENJUALAN', 139, 0, 5, ''),
(642, '2018-09-23', '09:55:18', 50, 'TAMBAH TRANSAKSI PENJUALAN', 139, 0, 2, ''),
(643, '2018-09-23', '09:55:18', 84, 'TAMBAH TRANSAKSI PENJUALAN', 139, 0, 1, ''),
(644, '2018-09-23', '09:55:18', 90, 'TAMBAH TRANSAKSI PENJUALAN', 139, 0, 1, ''),
(645, '2018-09-23', '09:55:18', 72, 'TAMBAH TRANSAKSI PENJUALAN', 139, 0, 1, ''),
(646, '2018-09-23', '09:55:46', 66, 'UBAH DATA BARANG', NULL, 10, 0, ''),
(647, '2018-09-23', '10:08:03', 30, 'TAMBAH TRANSAKSI PENJUALAN', 140, 0, 2, ''),
(648, '2018-09-23', '10:32:03', 20, 'TAMBAH TRANSAKSI PENJUALAN', 141, 0, 1, ''),
(649, '2018-09-23', '10:32:03', 138, 'TAMBAH TRANSAKSI PENJUALAN', 141, 0, 2, ''),
(650, '2018-09-23', '10:32:03', 74, 'TAMBAH TRANSAKSI PENJUALAN', 141, 0, 1, ''),
(651, '2018-09-23', '10:32:03', 39, 'TAMBAH TRANSAKSI PENJUALAN', 141, 0, 1, '');
INSERT INTO `trans_stok_barang` (`id_trans_stok`, `created_date`, `created_time`, `id_barang`, `jenis_transaksi`, `id_trans`, `masuk`, `keluar`, `keterangan`) VALUES
(652, '2018-09-23', '10:36:19', 17, 'TAMBAH TRANSAKSI PENJUALAN', 142, 0, 3, ''),
(653, '2018-09-23', '10:36:20', 50, 'TAMBAH TRANSAKSI PENJUALAN', 142, 0, 4, ''),
(654, '2018-09-23', '10:36:20', 138, 'TAMBAH TRANSAKSI PENJUALAN', 142, 0, 1, ''),
(655, '2018-09-23', '10:36:21', 42, 'TAMBAH TRANSAKSI PENJUALAN', 142, 0, 1, ''),
(656, '2018-09-23', '10:36:22', 51, 'TAMBAH TRANSAKSI PENJUALAN', 142, 0, 13, ''),
(657, '2018-09-23', '10:36:22', 112, 'TAMBAH TRANSAKSI PENJUALAN', 142, 0, 2, ''),
(658, '2018-09-23', '10:36:23', 40, 'TAMBAH TRANSAKSI PENJUALAN', 142, 0, 2, ''),
(659, '2018-09-23', '10:36:24', 78, 'TAMBAH TRANSAKSI PENJUALAN', 142, 0, 3, ''),
(660, '2018-09-23', '10:36:25', 79, 'TAMBAH TRANSAKSI PENJUALAN', 142, 0, 2, ''),
(661, '2018-09-23', '10:36:26', 98, 'TAMBAH TRANSAKSI PENJUALAN', 142, 0, 1, ''),
(662, '2018-09-23', '10:36:26', 28, 'TAMBAH TRANSAKSI PENJUALAN', 142, 0, 1, ''),
(663, '2018-09-23', '10:36:27', 36, 'TAMBAH TRANSAKSI PENJUALAN', 142, 0, 1, ''),
(664, '2018-09-23', '10:37:57', 114, 'UBAH TRANSAKSI PENJUALAN', 142, 0, 1, ''),
(665, '2018-09-23', '10:37:57', 65, 'UBAH TRANSAKSI PENJUALAN', 142, 0, 1, ''),
(666, '2018-09-23', '10:40:16', 46, 'TAMBAH TRANSAKSI PENJUALAN', 143, 0, 1, ''),
(667, '2018-09-23', '10:40:16', 111, 'TAMBAH TRANSAKSI PENJUALAN', 143, 0, 1, ''),
(668, '2018-09-23', '10:40:16', 51, 'TAMBAH TRANSAKSI PENJUALAN', 143, 0, 1, ''),
(669, '2018-09-23', '10:40:16', 108, 'TAMBAH TRANSAKSI PENJUALAN', 143, 0, 3, ''),
(670, '2018-09-23', '10:41:11', 72, 'TAMBAH TRANSAKSI PENJUALAN', 144, 0, 1, ''),
(671, '2018-09-23', '10:41:11', 48, 'TAMBAH TRANSAKSI PENJUALAN', 144, 0, 1, ''),
(672, '2018-09-23', '10:41:11', 124, 'TAMBAH TRANSAKSI PENJUALAN', 144, 0, 1, ''),
(673, '2018-09-23', '10:43:32', 124, 'TAMBAH TRANSAKSI PENJUALAN', 145, 0, 1, ''),
(674, '2018-09-23', '10:43:32', 153, 'TAMBAH TRANSAKSI PENJUALAN', 145, 0, 1, ''),
(675, '2018-09-23', '10:43:32', 87, 'TAMBAH TRANSAKSI PENJUALAN', 145, 0, 1, ''),
(676, '2018-09-23', '10:43:32', 109, 'TAMBAH TRANSAKSI PENJUALAN', 145, 0, 1, ''),
(677, '2018-09-23', '10:44:59', 138, 'TAMBAH TRANSAKSI PENJUALAN', 146, 0, 8, ''),
(678, '2018-09-23', '10:44:59', 124, 'TAMBAH TRANSAKSI PENJUALAN', 146, 0, 5, ''),
(679, '2018-09-23', '10:44:59', 84, 'TAMBAH TRANSAKSI PENJUALAN', 146, 0, 5, ''),
(680, '2018-09-23', '10:47:04', 124, 'TAMBAH TRANSAKSI PENJUALAN', 147, 0, 1, ''),
(681, '2018-09-23', '10:47:04', 50, 'TAMBAH TRANSAKSI PENJUALAN', 147, 0, 1, ''),
(682, '2018-09-23', '10:47:49', 131, 'TAMBAH TRANSAKSI PENJUALAN', 148, 0, 1, ''),
(683, '2018-09-23', '10:47:49', 124, 'TAMBAH TRANSAKSI PENJUALAN', 148, 0, 1, ''),
(684, '2018-09-23', '10:48:41', 40, 'TAMBAH TRANSAKSI PENJUALAN', 149, 0, 1, ''),
(685, '2018-09-23', '10:48:41', 111, 'TAMBAH TRANSAKSI PENJUALAN', 149, 0, 1, ''),
(686, '2018-09-23', '10:50:03', 98, 'UBAH DATA BARANG', NULL, 3, 0, ''),
(687, '2018-09-23', '10:51:18', 98, 'TAMBAH TRANSAKSI PENJUALAN', 150, 0, 1, ''),
(688, '2018-09-23', '10:51:18', 42, 'TAMBAH TRANSAKSI PENJUALAN', 150, 0, 1, ''),
(689, '2018-09-23', '10:51:18', 124, 'TAMBAH TRANSAKSI PENJUALAN', 150, 0, 1, ''),
(690, '2018-09-23', '10:51:18', 138, 'TAMBAH TRANSAKSI PENJUALAN', 150, 0, 1, ''),
(691, '2018-09-23', '10:51:52', 36, 'TAMBAH TRANSAKSI PENJUALAN', 151, 0, 1, ''),
(692, '2018-09-23', '10:56:41', 39, 'TAMBAH TRANSAKSI PENJUALAN', 152, 0, 3, ''),
(693, '2018-09-23', '10:56:41', 99, 'TAMBAH TRANSAKSI PENJUALAN', 152, 0, 1, ''),
(694, '2018-09-23', '10:56:41', 121, 'TAMBAH TRANSAKSI PENJUALAN', 152, 0, 3, ''),
(695, '2018-09-23', '10:56:41', 119, 'TAMBAH TRANSAKSI PENJUALAN', 152, 0, 1, ''),
(696, '2018-09-23', '10:56:41', 68, 'TAMBAH TRANSAKSI PENJUALAN', 152, 0, 1, ''),
(697, '2018-09-23', '10:56:41', 50, 'TAMBAH TRANSAKSI PENJUALAN', 152, 0, 1, ''),
(698, '2018-09-23', '10:56:41', 138, 'TAMBAH TRANSAKSI PENJUALAN', 152, 0, 2, ''),
(699, '2018-09-23', '10:56:41', 115, 'TAMBAH TRANSAKSI PENJUALAN', 152, 0, 1, ''),
(700, '2018-09-23', '10:56:41', 72, 'TAMBAH TRANSAKSI PENJUALAN', 152, 0, 1, ''),
(701, '2018-09-23', '10:56:41', 111, 'TAMBAH TRANSAKSI PENJUALAN', 152, 0, 1, ''),
(702, '2018-09-23', '10:56:41', 120, 'TAMBAH TRANSAKSI PENJUALAN', 152, 0, 1, ''),
(703, '2018-09-23', '10:56:41', 124, 'TAMBAH TRANSAKSI PENJUALAN', 152, 0, 2, ''),
(704, '2018-09-23', '10:56:41', 53, 'TAMBAH TRANSAKSI PENJUALAN', 152, 0, 2, ''),
(705, '2018-09-23', '10:56:41', 48, 'TAMBAH TRANSAKSI PENJUALAN', 152, 0, 1, ''),
(706, '2018-09-23', '10:56:41', 66, 'TAMBAH TRANSAKSI PENJUALAN', 152, 0, 1, ''),
(707, '2018-09-23', '10:56:41', 42, 'TAMBAH TRANSAKSI PENJUALAN', 152, 0, 2, ''),
(708, '2018-09-23', '10:56:41', 129, 'TAMBAH TRANSAKSI PENJUALAN', 152, 0, 1, ''),
(709, '2018-09-23', '11:03:06', 119, 'TAMBAH TRANSAKSI PENJUALAN', 153, 0, 3, ''),
(710, '2018-09-23', '11:03:06', 118, 'TAMBAH TRANSAKSI PENJUALAN', 153, 0, 2, ''),
(711, '2018-09-23', '11:03:06', 138, 'TAMBAH TRANSAKSI PENJUALAN', 153, 0, 6, ''),
(712, '2018-09-23', '11:03:07', 131, 'TAMBAH TRANSAKSI PENJUALAN', 153, 0, 4, ''),
(713, '2018-09-23', '11:03:07', 50, 'TAMBAH TRANSAKSI PENJUALAN', 153, 0, 1, ''),
(714, '2018-09-23', '11:03:07', 41, 'TAMBAH TRANSAKSI PENJUALAN', 153, 0, 2, ''),
(715, '2018-09-23', '11:03:07', 17, 'TAMBAH TRANSAKSI PENJUALAN', 153, 0, 3, ''),
(716, '2018-09-23', '11:03:07', 53, 'TAMBAH TRANSAKSI PENJUALAN', 153, 0, 4, ''),
(717, '2018-09-23', '11:03:07', 58, 'TAMBAH TRANSAKSI PENJUALAN', 153, 0, 1, ''),
(718, '2018-09-23', '11:03:07', 77, 'TAMBAH TRANSAKSI PENJUALAN', 153, 0, 2, ''),
(719, '2018-09-23', '11:03:07', 130, 'TAMBAH TRANSAKSI PENJUALAN', 153, 0, 2, ''),
(720, '2018-09-23', '11:03:07', 111, 'TAMBAH TRANSAKSI PENJUALAN', 153, 0, 2, ''),
(721, '2018-09-23', '11:03:07', 51, 'TAMBAH TRANSAKSI PENJUALAN', 153, 0, 3, ''),
(722, '2018-09-23', '11:03:07', 107, 'TAMBAH TRANSAKSI PENJUALAN', 153, 0, 1, ''),
(723, '2018-09-23', '11:03:07', 124, 'TAMBAH TRANSAKSI PENJUALAN', 153, 0, 16, ''),
(724, '2018-09-23', '11:03:07', 120, 'TAMBAH TRANSAKSI PENJUALAN', 153, 0, 1, ''),
(725, '2018-09-23', '11:03:07', 140, 'TAMBAH TRANSAKSI PENJUALAN', 153, 0, 1, ''),
(726, '2018-09-23', '11:04:56', 120, 'TAMBAH TRANSAKSI PENJUALAN', 154, 0, 1, ''),
(727, '2018-09-23', '11:04:56', 144, 'TAMBAH TRANSAKSI PENJUALAN', 154, 0, 1, ''),
(728, '2018-09-23', '11:04:56', 124, 'TAMBAH TRANSAKSI PENJUALAN', 154, 0, 1, ''),
(729, '2018-09-23', '11:04:56', 77, 'TAMBAH TRANSAKSI PENJUALAN', 154, 0, 1, ''),
(730, '2018-09-23', '11:04:56', 87, 'TAMBAH TRANSAKSI PENJUALAN', 154, 0, 1, ''),
(731, '2018-09-23', '11:04:56', 51, 'TAMBAH TRANSAKSI PENJUALAN', 154, 0, 1, ''),
(732, '2018-09-23', '11:05:29', 114, 'TAMBAH TRANSAKSI PENJUALAN', 155, 0, 1, ''),
(733, '2018-09-23', '11:06:53', 52, 'TAMBAH TRANSAKSI PENJUALAN', 156, 0, 1, ''),
(734, '2018-09-23', '11:06:53', 48, 'TAMBAH TRANSAKSI PENJUALAN', 156, 0, 2, ''),
(735, '2018-09-23', '11:09:32', 103, 'TAMBAH TRANSAKSI PENJUALAN', 157, 0, 1, ''),
(736, '2018-09-23', '11:09:32', 124, 'TAMBAH TRANSAKSI PENJUALAN', 157, 0, 2, ''),
(737, '2018-09-23', '11:09:33', 111, 'TAMBAH TRANSAKSI PENJUALAN', 157, 0, 1, ''),
(738, '2018-09-23', '11:09:33', 82, 'TAMBAH TRANSAKSI PENJUALAN', 157, 0, 1, ''),
(739, '2018-09-23', '11:09:33', 36, 'TAMBAH TRANSAKSI PENJUALAN', 157, 0, 1, ''),
(740, '2018-09-23', '11:09:33', 16, 'TAMBAH TRANSAKSI PENJUALAN', 157, 0, 1, ''),
(741, '2018-09-23', '11:09:33', 72, 'TAMBAH TRANSAKSI PENJUALAN', 157, 0, 2, ''),
(742, '2018-09-23', '11:12:11', 118, 'TAMBAH TRANSAKSI PENJUALAN', 158, 0, 1, ''),
(743, '2018-09-23', '11:12:11', 50, 'TAMBAH TRANSAKSI PENJUALAN', 158, 0, 2, ''),
(744, '2018-09-23', '11:12:11', 48, 'TAMBAH TRANSAKSI PENJUALAN', 158, 0, 2, ''),
(745, '2018-09-23', '11:12:11', 72, 'TAMBAH TRANSAKSI PENJUALAN', 158, 0, 1, ''),
(746, '2018-09-23', '11:14:06', 77, 'TAMBAH TRANSAKSI PENJUALAN', 159, 0, 7, ''),
(747, '2018-09-23', '11:14:06', 48, 'TAMBAH TRANSAKSI PENJUALAN', 159, 0, 10, ''),
(748, '2018-09-23', '11:15:22', 53, 'TAMBAH TRANSAKSI PENJUALAN', 160, 0, 1, ''),
(749, '2018-09-23', '11:15:22', 41, 'TAMBAH TRANSAKSI PENJUALAN', 160, 0, 1, ''),
(750, '2018-09-23', '11:17:02', 54, 'TAMBAH TRANSAKSI PENJUALAN', 161, 0, 1, ''),
(751, '2018-09-23', '11:17:02', 124, 'TAMBAH TRANSAKSI PENJUALAN', 161, 0, 1, ''),
(752, '2018-09-23', '11:17:02', 120, 'TAMBAH TRANSAKSI PENJUALAN', 161, 0, 1, ''),
(753, '2018-09-23', '11:17:03', 108, 'TAMBAH TRANSAKSI PENJUALAN', 161, 0, 1, ''),
(754, '2018-09-23', '11:20:19', 86, 'TAMBAH TRANSAKSI PENJUALAN', 162, 0, 2, ''),
(755, '2018-09-23', '11:20:19', 42, 'TAMBAH TRANSAKSI PENJUALAN', 162, 0, 3, ''),
(756, '2018-09-23', '11:20:19', 110, 'TAMBAH TRANSAKSI PENJUALAN', 162, 0, 1, ''),
(757, '2018-09-23', '11:21:14', 140, 'TAMBAH TRANSAKSI PENJUALAN', 163, 0, 1, ''),
(758, '2018-09-23', '11:21:14', 72, 'TAMBAH TRANSAKSI PENJUALAN', 163, 0, 1, ''),
(759, '2018-09-23', '11:22:15', 154, 'TAMBAH BARANG', NULL, 10, 0, ''),
(760, '2018-09-23', '11:24:05', 154, 'TAMBAH TRANSAKSI PENJUALAN', 164, 0, 2, ''),
(761, '2018-09-23', '11:24:05', 53, 'TAMBAH TRANSAKSI PENJUALAN', 164, 0, 1, ''),
(762, '2018-09-23', '11:24:05', 122, 'TAMBAH TRANSAKSI PENJUALAN', 164, 0, 1, ''),
(763, '2018-09-23', '11:29:09', 40, 'TAMBAH TRANSAKSI PENJUALAN', 165, 0, 3, ''),
(764, '2018-09-23', '11:29:09', 138, 'TAMBAH TRANSAKSI PENJUALAN', 165, 0, 5, ''),
(765, '2018-09-23', '11:29:09', 55, 'TAMBAH TRANSAKSI PENJUALAN', 165, 0, 1, ''),
(766, '2018-09-23', '11:29:09', 132, 'TAMBAH TRANSAKSI PENJUALAN', 165, 0, 1, ''),
(767, '2018-09-23', '11:29:09', 130, 'TAMBAH TRANSAKSI PENJUALAN', 165, 0, 1, ''),
(768, '2018-09-23', '11:29:09', 36, 'TAMBAH TRANSAKSI PENJUALAN', 165, 0, 1, ''),
(769, '2018-09-23', '11:29:10', 127, 'TAMBAH TRANSAKSI PENJUALAN', 165, 0, 2, ''),
(770, '2018-09-23', '11:29:10', 51, 'TAMBAH TRANSAKSI PENJUALAN', 165, 0, 3, ''),
(771, '2018-09-23', '11:29:10', 110, 'TAMBAH TRANSAKSI PENJUALAN', 165, 0, 1, ''),
(772, '2018-09-23', '11:29:10', 48, 'TAMBAH TRANSAKSI PENJUALAN', 165, 0, 3, ''),
(773, '2018-09-23', '11:29:10', 116, 'TAMBAH TRANSAKSI PENJUALAN', 165, 0, 1, ''),
(774, '2018-09-23', '11:29:11', 53, 'TAMBAH TRANSAKSI PENJUALAN', 165, 0, 1, ''),
(775, '2018-09-23', '11:29:11', 131, 'TAMBAH TRANSAKSI PENJUALAN', 165, 0, 2, ''),
(776, '2018-09-23', '11:29:11', 124, 'TAMBAH TRANSAKSI PENJUALAN', 165, 0, 2, ''),
(777, '2018-09-23', '11:29:11', 103, 'TAMBAH TRANSAKSI PENJUALAN', 165, 0, 2, ''),
(778, '2018-09-23', '11:29:11', 96, 'TAMBAH TRANSAKSI PENJUALAN', 165, 0, 2, ''),
(779, '2018-09-23', '11:30:08', 103, 'UBAH TRANSAKSI PENJUALAN', 165, 0, 2, ''),
(780, '2018-09-23', '11:30:09', 140, 'UBAH TRANSAKSI PENJUALAN', 165, 0, 1, ''),
(781, '2018-09-23', '11:30:48', 103, 'TAMBAH TRANSAKSI PENJUALAN', 166, 0, 1, ''),
(782, '2018-09-23', '11:31:21', 39, 'TAMBAH TRANSAKSI PENJUALAN', 167, 0, 1, ''),
(783, '2018-09-23', '11:32:32', 52, 'TAMBAH TRANSAKSI PENJUALAN', 168, 0, 2, ''),
(784, '2018-09-23', '11:32:32', 138, 'TAMBAH TRANSAKSI PENJUALAN', 168, 0, 1, ''),
(785, '2018-09-23', '11:35:05', 50, 'TAMBAH TRANSAKSI PENJUALAN', 169, 0, 1, ''),
(786, '2018-09-23', '11:35:05', 103, 'TAMBAH TRANSAKSI PENJUALAN', 169, 0, 1, ''),
(787, '2018-09-23', '11:35:05', 138, 'TAMBAH TRANSAKSI PENJUALAN', 169, 0, 2, ''),
(788, '2018-09-23', '11:35:05', 131, 'TAMBAH TRANSAKSI PENJUALAN', 169, 0, 1, ''),
(789, '2018-09-23', '11:35:05', 34, 'TAMBAH TRANSAKSI PENJUALAN', 169, 0, 1, ''),
(790, '2018-09-23', '11:35:05', 48, 'TAMBAH TRANSAKSI PENJUALAN', 169, 0, 3, ''),
(791, '2018-09-23', '11:35:05', 109, 'TAMBAH TRANSAKSI PENJUALAN', 169, 0, 1, ''),
(792, '2018-09-23', '11:35:05', 129, 'TAMBAH TRANSAKSI PENJUALAN', 169, 0, 1, ''),
(793, '2018-09-23', '11:35:46', 36, 'TAMBAH TRANSAKSI PENJUALAN', 170, 0, 2, ''),
(794, '2018-09-23', '11:36:43', 140, 'TAMBAH TRANSAKSI PENJUALAN', 171, 0, 1, ''),
(795, '2018-09-23', '11:36:43', 132, 'TAMBAH TRANSAKSI PENJUALAN', 171, 0, 1, ''),
(796, '2018-09-23', '11:38:10', 36, 'TAMBAH TRANSAKSI PENJUALAN', 172, 0, 1, ''),
(797, '2018-09-23', '11:38:10', 99, 'TAMBAH TRANSAKSI PENJUALAN', 172, 0, 1, ''),
(798, '2018-09-23', '11:38:10', 44, 'TAMBAH TRANSAKSI PENJUALAN', 172, 0, 1, ''),
(799, '2018-09-23', '11:38:11', 17, 'TAMBAH TRANSAKSI PENJUALAN', 172, 0, 1, ''),
(800, '2018-09-23', '11:38:11', 103, 'TAMBAH TRANSAKSI PENJUALAN', 172, 0, 1, ''),
(801, '2018-09-23', '11:38:11', 43, 'TAMBAH TRANSAKSI PENJUALAN', 172, 0, 1, ''),
(802, '2018-09-23', '11:38:11', 111, 'TAMBAH TRANSAKSI PENJUALAN', 172, 0, 1, ''),
(803, '2018-09-23', '11:40:07', 34, 'UBAH DATA BARANG', NULL, 10, 0, ''),
(804, '2018-09-23', '11:41:55', 17, 'TAMBAH TRANSAKSI PENJUALAN', 173, 0, 2, ''),
(805, '2018-09-23', '11:41:55', 121, 'TAMBAH TRANSAKSI PENJUALAN', 173, 0, 2, ''),
(806, '2018-09-23', '11:41:55', 138, 'TAMBAH TRANSAKSI PENJUALAN', 173, 0, 2, ''),
(807, '2018-09-23', '11:41:56', 154, 'TAMBAH TRANSAKSI PENJUALAN', 173, 0, 1, ''),
(808, '2018-09-23', '11:41:56', 39, 'TAMBAH TRANSAKSI PENJUALAN', 173, 0, 1, ''),
(809, '2018-09-23', '11:41:56', 34, 'TAMBAH TRANSAKSI PENJUALAN', 173, 0, 1, ''),
(810, '2018-09-23', '11:43:19', 138, 'TAMBAH TRANSAKSI PENJUALAN', 174, 0, 1, ''),
(811, '2018-09-23', '11:43:19', 72, 'TAMBAH TRANSAKSI PENJUALAN', 174, 0, 1, ''),
(812, '2018-09-23', '11:43:19', 111, 'TAMBAH TRANSAKSI PENJUALAN', 174, 0, 1, ''),
(813, '2018-09-23', '11:44:29', 68, 'TAMBAH TRANSAKSI PENJUALAN', 175, 0, 1, ''),
(814, '2018-09-23', '11:44:29', 40, 'TAMBAH TRANSAKSI PENJUALAN', 175, 0, 1, ''),
(815, '2018-09-23', '11:44:29', 127, 'TAMBAH TRANSAKSI PENJUALAN', 175, 0, 2, ''),
(816, '2018-09-23', '11:46:29', 140, 'TAMBAH TRANSAKSI PENJUALAN', 176, 0, 1, ''),
(817, '2018-09-23', '11:46:29', 133, 'TAMBAH TRANSAKSI PENJUALAN', 176, 0, 2, ''),
(818, '2018-09-23', '11:46:29', 111, 'TAMBAH TRANSAKSI PENJUALAN', 176, 0, 2, ''),
(819, '2018-09-23', '11:46:29', 48, 'TAMBAH TRANSAKSI PENJUALAN', 176, 0, 2, ''),
(820, '2018-09-23', '11:46:29', 41, 'TAMBAH TRANSAKSI PENJUALAN', 176, 0, 1, ''),
(821, '2018-09-23', '11:46:29', 129, 'TAMBAH TRANSAKSI PENJUALAN', 176, 0, 3, ''),
(822, '2018-09-23', '11:46:29', 68, 'TAMBAH TRANSAKSI PENJUALAN', 176, 0, 1, ''),
(823, '2018-09-23', '11:46:29', 71, 'TAMBAH TRANSAKSI PENJUALAN', 176, 0, 2, ''),
(824, '2018-09-23', '11:46:29', 39, 'TAMBAH TRANSAKSI PENJUALAN', 176, 0, 1, ''),
(825, '2018-09-23', '11:47:24', 53, 'TAMBAH TRANSAKSI PENJUALAN', 177, 0, 1, ''),
(826, '2018-09-23', '11:47:25', 51, 'TAMBAH TRANSAKSI PENJUALAN', 177, 0, 2, ''),
(827, '2018-09-23', '11:47:25', 118, 'TAMBAH TRANSAKSI PENJUALAN', 177, 0, 1, ''),
(828, '2018-09-23', '11:48:20', 138, 'TAMBAH TRANSAKSI PENJUALAN', 178, 0, 3, ''),
(829, '2018-09-23', '11:48:20', 51, 'TAMBAH TRANSAKSI PENJUALAN', 178, 0, 1, ''),
(830, '2018-09-23', '11:49:20', 60, 'UBAH DATA BARANG', NULL, 1, 0, ''),
(831, '2018-09-23', '11:49:49', 61, 'UBAH DATA BARANG', NULL, 1, 0, ''),
(832, '2018-09-23', '11:50:26', 55, 'UBAH DATA BARANG', NULL, 2, 0, ''),
(833, '2018-09-23', '11:53:42', 60, 'TAMBAH TRANSAKSI PENJUALAN', 179, 0, 1, ''),
(834, '2018-09-23', '11:53:42', 138, 'TAMBAH TRANSAKSI PENJUALAN', 179, 0, 11, ''),
(835, '2018-09-23', '11:53:42', 17, 'TAMBAH TRANSAKSI PENJUALAN', 179, 0, 1, ''),
(836, '2018-09-23', '11:53:42', 51, 'TAMBAH TRANSAKSI PENJUALAN', 179, 0, 3, ''),
(837, '2018-09-23', '11:53:42', 127, 'TAMBAH TRANSAKSI PENJUALAN', 179, 0, 2, ''),
(838, '2018-09-23', '11:53:42', 55, 'TAMBAH TRANSAKSI PENJUALAN', 179, 0, 1, ''),
(839, '2018-09-23', '11:53:42', 21, 'TAMBAH TRANSAKSI PENJUALAN', 179, 0, 1, ''),
(840, '2018-09-23', '11:53:42', 129, 'TAMBAH TRANSAKSI PENJUALAN', 179, 0, 1, ''),
(841, '2018-09-23', '11:53:42', 42, 'TAMBAH TRANSAKSI PENJUALAN', 179, 0, 1, ''),
(842, '2018-09-23', '11:53:42', 72, 'TAMBAH TRANSAKSI PENJUALAN', 179, 0, 1, ''),
(843, '2018-09-23', '11:53:42', 48, 'TAMBAH TRANSAKSI PENJUALAN', 179, 0, 1, ''),
(844, '2018-09-26', '02:20:28', 156, 'TAMBAH BARANG', NULL, 0, 0, ''),
(845, '2018-09-26', '02:20:54', 157, 'TAMBAH BARANG', NULL, 0, 0, ''),
(846, '2018-09-26', '02:22:38', 158, 'TAMBAH BARANG', NULL, 3, 0, ''),
(847, '2018-09-26', '02:23:32', 158, 'TAMBAH TRANSAKSI PENJUALAN', 180, 0, 1, ''),
(848, '2018-09-26', '02:23:32', 108, 'TAMBAH TRANSAKSI PENJUALAN', 180, 0, 1, ''),
(849, '2018-09-26', '02:24:31', 135, 'TAMBAH TRANSAKSI PENJUALAN', 181, 0, 4, ''),
(850, '2018-09-26', '02:24:31', 126, 'TAMBAH TRANSAKSI PENJUALAN', 181, 0, 1, ''),
(851, '2018-09-26', '02:26:11', 138, 'TAMBAH TRANSAKSI PENJUALAN', 182, 0, 6, ''),
(852, '2018-09-26', '02:26:11', 84, 'TAMBAH TRANSAKSI PENJUALAN', 182, 0, 3, ''),
(853, '2018-09-26', '02:26:11', 114, 'TAMBAH TRANSAKSI PENJUALAN', 182, 0, 2, ''),
(854, '2018-09-26', '02:26:11', 130, 'TAMBAH TRANSAKSI PENJUALAN', 182, 0, 3, ''),
(855, '2018-09-26', '02:28:49', 138, 'TAMBAH TRANSAKSI PENJUALAN', 183, 0, 1, ''),
(856, '2018-09-26', '02:28:49', 39, 'TAMBAH TRANSAKSI PENJUALAN', 183, 0, 1, ''),
(857, '2018-09-26', '02:29:37', 136, 'TAMBAH TRANSAKSI PENJUALAN', 184, 0, 1, ''),
(858, '2018-09-26', '02:29:37', 42, 'TAMBAH TRANSAKSI PENJUALAN', 184, 0, 1, ''),
(859, '2018-09-26', '02:30:13', 138, 'TAMBAH TRANSAKSI PENJUALAN', 185, 0, 1, ''),
(860, '2018-09-26', '02:33:44', 121, 'TAMBAH TRANSAKSI PENJUALAN', 186, 0, 5, ''),
(861, '2018-09-26', '02:33:44', 118, 'TAMBAH TRANSAKSI PENJUALAN', 186, 0, 1, ''),
(862, '2018-09-26', '02:35:38', 96, 'TAMBAH TRANSAKSI PENJUALAN', 187, 0, 3, ''),
(863, '2018-09-26', '02:35:38', 138, 'TAMBAH TRANSAKSI PENJUALAN', 187, 0, 3, ''),
(864, '2018-09-26', '02:35:38', 50, 'TAMBAH TRANSAKSI PENJUALAN', 187, 0, 2, ''),
(865, '2018-09-26', '02:49:16', 36, 'TAMBAH TRANSAKSI PEMBELIAN', 44, 5, 0, ''),
(866, '2018-09-26', '02:49:16', 100, 'TAMBAH TRANSAKSI PEMBELIAN', 44, 2, 0, ''),
(867, '2018-09-26', '02:49:16', 126, 'TAMBAH TRANSAKSI PEMBELIAN', 44, 2, 0, ''),
(868, '2018-09-26', '02:49:16', 54, 'TAMBAH TRANSAKSI PEMBELIAN', 44, 20, 0, ''),
(869, '2018-09-26', '02:49:16', 127, 'TAMBAH TRANSAKSI PEMBELIAN', 44, 1, 0, ''),
(870, '2018-09-26', '02:49:16', 96, 'TAMBAH TRANSAKSI PEMBELIAN', 44, 15, 0, ''),
(871, '2018-09-26', '02:49:50', 159, 'TAMBAH BARANG', NULL, 0, 0, ''),
(872, '2018-09-26', '02:50:16', 159, 'UBAH TRANSAKSI PEMBELIAN', 44, 15, 0, ''),
(873, '2018-09-26', '02:58:17', 160, 'TAMBAH BARANG', NULL, 0, 0, ''),
(874, '2018-09-26', '02:59:05', 160, 'TAMBAH TRANSAKSI PEMBELIAN', 45, 12, 0, ''),
(875, '2018-09-26', '02:59:05', 73, 'TAMBAH TRANSAKSI PEMBELIAN', 45, 5, 0, ''),
(876, '2018-09-26', '03:01:00', 138, 'TAMBAH TRANSAKSI PEMBELIAN', 46, 43, 0, ''),
(877, '2018-09-26', '03:01:00', 44, 'TAMBAH TRANSAKSI PEMBELIAN', 46, 3, 0, ''),
(878, '2018-09-26', '03:01:00', 35, 'TAMBAH TRANSAKSI PEMBELIAN', 46, 2, 0, ''),
(879, '2018-09-26', '03:01:00', 157, 'TAMBAH TRANSAKSI PEMBELIAN', 46, 10, 0, ''),
(880, '2018-09-26', '03:13:49', 40, 'TAMBAH TRANSAKSI PENJUALAN', 188, 0, 3, ''),
(881, '2018-09-26', '03:13:49', 135, 'TAMBAH TRANSAKSI PENJUALAN', 188, 0, 3, ''),
(882, '2018-09-26', '03:13:49', 87, 'TAMBAH TRANSAKSI PENJUALAN', 188, 0, 3, ''),
(883, '2018-09-26', '03:13:49', 127, 'TAMBAH TRANSAKSI PENJUALAN', 188, 0, 1, ''),
(884, '2018-09-26', '03:16:56', 42, 'TAMBAH TRANSAKSI PENJUALAN', 189, 0, 2, ''),
(885, '2018-09-26', '03:16:56', 143, 'TAMBAH TRANSAKSI PENJUALAN', 189, 0, 1, ''),
(886, '2018-09-26', '03:16:56', 142, 'TAMBAH TRANSAKSI PENJUALAN', 189, 0, 1, ''),
(887, '2018-09-26', '03:16:56', 141, 'TAMBAH TRANSAKSI PENJUALAN', 189, 0, 2, ''),
(923, '2018-10-08', '08:29:35', 158, 'TAMBAH TRANSAKSI PENJUALAN', 208, 0, 1, ''),
(924, '2018-10-08', '08:29:35', 159, 'TAMBAH TRANSAKSI PENJUALAN', 208, 0, 1, ''),
(925, '2018-10-08', '08:32:52', 153, 'TAMBAH TRANSAKSI PENJUALAN', 210, 0, 1, NULL),
(926, '2018-10-08', '08:32:52', 158, 'TAMBAH TRANSAKSI PENJUALAN', 210, 0, 1, NULL),
(929, '2018-10-08', '08:38:04', 153, 'TAMBAH TRANSAKSI PENJUALAN', 212, 0, 1, NULL),
(930, '2018-10-08', '08:38:04', 157, 'TAMBAH TRANSAKSI PENJUALAN', 212, 0, 1, NULL),
(931, '2018-10-08', '08:39:33', 153, 'TAMBAH TRANSAKSI PENJUALAN', 213, 0, 1, NULL),
(932, '2018-10-08', '08:39:33', 157, 'TAMBAH TRANSAKSI PENJUALAN', 213, 0, 1, NULL),
(933, '2018-10-08', '08:40:12', 153, 'TAMBAH TRANSAKSI PENJUALAN', 214, 0, 1, NULL),
(934, '2018-10-08', '08:40:12', 157, 'TAMBAH TRANSAKSI PENJUALAN', 214, 0, 1, NULL),
(935, '2018-10-08', '08:41:01', 157, 'TAMBAH TRANSAKSI PENJUALAN', 215, 0, 1, NULL),
(936, '2018-10-08', '08:41:01', 160, 'TAMBAH TRANSAKSI PENJUALAN', 215, 0, 1, NULL),
(937, '2018-10-08', '08:42:00', 157, 'TAMBAH TRANSAKSI PENJUALAN', 216, 0, 1, NULL),
(938, '2018-10-08', '08:42:00', 160, 'TAMBAH TRANSAKSI PENJUALAN', 216, 0, 1, NULL),
(939, '2018-10-08', '08:44:04', 152, 'TAMBAH TRANSAKSI PENJUALAN', 217, 0, 1, NULL),
(940, '2018-10-08', '08:44:04', 157, 'TAMBAH TRANSAKSI PENJUALAN', 217, 0, 1, NULL),
(941, '2018-10-08', '08:44:58', 152, 'TAMBAH TRANSAKSI PENJUALAN', 218, 0, 1, NULL),
(942, '2018-10-08', '08:44:58', 157, 'TAMBAH TRANSAKSI PENJUALAN', 218, 0, 1, NULL),
(943, '2018-10-08', '08:57:46', 34, 'TAMBAH TRANSAKSI PENJUALAN', 219, 0, 2, NULL),
(944, '2018-10-08', '12:24:39', 159, 'TAMBAH TRANSAKSI PENJUALAN', 221, 0, 1, NULL),
(945, '2018-10-08', '12:24:39', 154, 'TAMBAH TRANSAKSI PENJUALAN', 221, 0, 1, NULL),
(946, '2018-10-08', '13:06:39', 160, 'TAMBAH TRANSAKSI PENJUALAN', 222, 0, 1, NULL),
(947, '2018-10-15', '07:13:28', 160, 'TAMBAH TRANSAKSI PENJUALAN', 223, 0, 1, NULL),
(948, '2018-10-15', '07:15:29', 160, 'TAMBAH TRANSAKSI PENJUALAN', 226, 0, 1, NULL),
(949, '2018-10-15', '08:12:32', 160, 'TAMBAH TRANSAKSI PENJUALAN', 227, 0, 1, NULL),
(950, '2019-06-12', '02:20:47', 160, 'UBAH DATA BARANG', NULL, 0, 6, NULL),
(951, '2019-06-12', '02:21:15', 159, 'UBAH DATA BARANG', NULL, 0, 13, NULL),
(952, '2019-06-12', '02:21:34', 157, 'UBAH DATA BARANG', NULL, 0, 3, NULL),
(953, '2019-06-12', '02:22:11', 154, 'UBAH DATA BARANG', NULL, 0, 6, NULL),
(954, '2019-06-12', '02:22:24', 153, 'UBAH DATA BARANG', NULL, 0, 24, NULL),
(955, '2019-06-12', '02:24:14', 145, 'UBAH DATA BARANG', NULL, 0, 1, NULL);

--
-- Trigger `trans_stok_barang`
--
DELIMITER $$
CREATE TRIGGER `trg_trans_stok_barang__after_insert` AFTER INSERT ON `trans_stok_barang` FOR EACH ROW BEGIN
    DECLARE v_stok INT;
    
    SELECT stok INTO v_stok
    FROM stok_barang
    WHERE id_barang = NEW.id_barang AND tgl <= NEW.created_date
    ORDER BY tgl DESC LIMIT 1;
    
    IF v_stok IS NULL THEN
       SET v_stok = 0;
    END IF;

    REPLACE INTO stok_barang (id_barang, tgl, stok)
    SELECT id_barang, created_date, v_stok + masuk - keluar
    FROM trans_stok_barang
    WHERE id_barang = NEW.id_barang AND created_date = NEW.created_date
    ORDER BY id_trans_stok DESC LIMIT 1;
END
$$
DELIMITER ;

-- --------------------------------------------------------

--
-- Struktur dari tabel `user`
--

CREATE TABLE `user` (
  `id_user` int(11) NOT NULL,
  `username` varchar(100) COLLATE utf8_unicode_ci NOT NULL,
  `email` varchar(100) COLLATE utf8_unicode_ci DEFAULT NULL,
  `real_name` varchar(100) COLLATE utf8_unicode_ci DEFAULT NULL,
  `password` char(64) COLLATE utf8_unicode_ci NOT NULL,
  `id_group` int(11) NOT NULL,
  `is_active` enum('1','0') COLLATE utf8_unicode_ci NOT NULL DEFAULT '1',
  `last_modified_user` int(11) DEFAULT NULL,
  `last_modified_time` datetime NOT NULL DEFAULT current_timestamp()
) ENGINE=InnoDB DEFAULT CHARSET=utf8 COLLATE=utf8_unicode_ci;

--
-- Dumping data untuk tabel `user`
--

INSERT INTO `user` (`id_user`, `username`, `email`, `real_name`, `password`, `id_group`, `is_active`, `last_modified_user`, `last_modified_time`) VALUES
(1, 'uadmin', NULL, NULL, '8c6976e5b5410415bde908bd4dee15dfb167a9c873fc4bb8a81f6f2ab448a918', 1, '1', NULL, '2018-08-17 05:51:01');

-- --------------------------------------------------------

--
-- Stand-in struktur untuk tampilan `v_pembelian_per_hari`
-- (Lihat di bawah untuk tampilan aktual)
--
CREATE TABLE `v_pembelian_per_hari` (
`view` varchar(1)
,`tgl` date
,`tot_pembelian` decimal(65,2)
);

-- --------------------------------------------------------

--
-- Stand-in struktur untuk tampilan `v_pembelian_per_supplier`
-- (Lihat di bawah untuk tampilan aktual)
--
CREATE TABLE `v_pembelian_per_supplier` (
`id_supplier` int(11)
,`tot_pembelian` decimal(65,2)
);

-- --------------------------------------------------------

--
-- Stand-in struktur untuk tampilan `v_pembelian_supplier_per_hari`
-- (Lihat di bawah untuk tampilan aktual)
--
CREATE TABLE `v_pembelian_supplier_per_hari` (
`view` varchar(1)
,`tgl` date
,`id_supplier` int(11)
,`tot_pembelian` decimal(65,2)
);

-- --------------------------------------------------------

--
-- Stand-in struktur untuk tampilan `v_penjualan_pelanggan_per_hari`
-- (Lihat di bawah untuk tampilan aktual)
--
CREATE TABLE `v_penjualan_pelanggan_per_hari` (
`view` varchar(1)
,`tgl` date
,`id_pelanggan` int(11)
,`tot_penjualan` decimal(65,2)
,`tot_laba` decimal(65,2)
);

-- --------------------------------------------------------

--
-- Stand-in struktur untuk tampilan `v_penjualan_per_hari`
-- (Lihat di bawah untuk tampilan aktual)
--
CREATE TABLE `v_penjualan_per_hari` (
`tgl` date
,`tot_penjualan` decimal(65,2)
,`tot_laba` decimal(65,2)
);

-- --------------------------------------------------------

--
-- Stand-in struktur untuk tampilan `v_penjualan_per_pelanggan`
-- (Lihat di bawah untuk tampilan aktual)
--
CREATE TABLE `v_penjualan_per_pelanggan` (
`id_pelanggan` int(11)
,`tot_penjualan` decimal(65,2)
,`tot_laba` decimal(65,2)
);

-- --------------------------------------------------------

--
-- Stand-in struktur untuk tampilan `v_trans_penjualan_total_all`
-- (Lihat di bawah untuk tampilan aktual)
--
CREATE TABLE `v_trans_penjualan_total_all` (
`id_trans` int(11)
,`biaya_penjualan` decimal(48,2)
,`laba` decimal(45,2)
);

-- --------------------------------------------------------

--
-- Struktur dari tabel `v_penjualan_per_reseller`
--

CREATE VIEW `v_penjualan_per_reseller`  AS  select `t`.`id_pelanggan` AS `id_pelanggan`,sum(`v`.`biaya_penjualan`) AS `tot_penjualan`,sum(`v`.`laba`) AS `tot_laba` from (`v_trans_penjualan_total_all` `v` join `trans_penjualan` `t` on(`v`.`id_trans` = `t`.`id_trans`)) where `t`.`id_pelanggan` is not null group by '' order by '' desc ;
-- Kesalahan membaca data untuk tabel id6664247_new_toko_201810.v_penjualan_per_reseller: #1064 - You have an error in your SQL syntax; check the manual that corresponds to your MariaDB server version for the right syntax to use near 'FROM `id6664247_new_toko_201810`.`v_penjualan_per_reseller`' at line 1

-- --------------------------------------------------------

--
-- Struktur dari tabel `v_penjualan_reseller_per_hari`
--

CREATE VIEW `v_penjualan_reseller_per_hari`  AS  select cast(`t`.`waktu_transaksi` as date) AS `tgl`,`t`.`id_pelanggan` AS `id_pelanggan`,sum(`v`.`biaya_penjualan`) AS `tot_penjualan`,sum(`v`.`laba`) AS `tot_laba` from (`v_trans_penjualan_total_all` `v` join `trans_penjualan` `t` on(`v`.`id_trans` = `t`.`id_trans`)) where `t`.`id_pelanggan` is not null group by '','' order by '' desc ;
-- Kesalahan membaca data untuk tabel id6664247_new_toko_201810.v_penjualan_reseller_per_hari: #1064 - You have an error in your SQL syntax; check the manual that corresponds to your MariaDB server version for the right syntax to use near 'FROM `id6664247_new_toko_201810`.`v_penjualan_reseller_per_hari`' at line 1

-- --------------------------------------------------------

--
-- Stand-in struktur untuk tampilan `v_trans_pembelian`
-- (Lihat di bawah untuk tampilan aktual)
--
CREATE TABLE `v_trans_pembelian` (
`id_trans` int(11)
,`biaya_tambahan` decimal(12,2)
,`tot_harga_beli` decimal(44,2)
,`tot_harga_reseller` decimal(44,2)
,`tot_harga_umum` decimal(44,2)
);

-- --------------------------------------------------------

--
-- Stand-in struktur untuk tampilan `v_trans_pembelian_detail`
-- (Lihat di bawah untuk tampilan aktual)
--
CREATE TABLE `v_trans_pembelian_detail` (
`id_trans` int(11)
,`id_barang_history` int(11)
,`id_barang` int(11)
,`jumlah_pax` int(11)
,`harga_beli` decimal(12,2)
,`tot_harga_beli` decimal(22,2)
,`harga_reseller` decimal(12,2)
,`tot_harga_reseller` decimal(22,2)
,`harga_umum` decimal(12,2)
,`tot_harga_umum` decimal(22,2)
);

-- --------------------------------------------------------

--
-- Stand-in struktur untuk tampilan `v_trans_pembelian_total`
-- (Lihat di bawah untuk tampilan aktual)
--
CREATE TABLE `v_trans_pembelian_total` (
`id_trans` int(11)
,`biaya_pembelian` decimal(45,2)
);

-- --------------------------------------------------------

--
-- Stand-in struktur untuk tampilan `v_trans_penjualan`
-- (Lihat di bawah untuk tampilan aktual)
--
CREATE TABLE `v_trans_penjualan` (
`id_trans` int(11)
,`tot_harga_beli` decimal(44,2)
,`tot_harga_reseller` decimal(44,2)
,`tot_harga_umum` decimal(44,2)
);

-- --------------------------------------------------------

--
-- Stand-in struktur untuk tampilan `v_trans_penjualan_detail`
-- (Lihat di bawah untuk tampilan aktual)
--
CREATE TABLE `v_trans_penjualan_detail` (
`id_trans` int(11)
,`id_barang_history` int(11)
,`id_barang` int(11)
,`jumlah_pax` int(11)
,`harga_beli` decimal(12,2)
,`tot_harga_beli` decimal(22,2)
,`harga_reseller` decimal(12,2)
,`tot_harga_reseller` decimal(22,2)
,`harga_umum` decimal(12,2)
,`tot_harga_umum` decimal(22,2)
);

-- --------------------------------------------------------

--
-- Stand-in struktur untuk tampilan `v_trans_penjualan_total`
-- (Lihat di bawah untuk tampilan aktual)
--
CREATE TABLE `v_trans_penjualan_total` (
`id_trans` int(11)
,`jenis_transaksi` enum('BIASA','RESELLER')
,`diskon` decimal(12,2)
,`biaya_tambahan` decimal(12,2)
,`biaya_pembatalan` decimal(12,2)
,`biaya_pengiriman` decimal(12,2)
,`tot_harga_beli` decimal(44,2)
,`tot_harga_jual` decimal(44,2)
);

-- --------------------------------------------------------

--
-- Struktur untuk view `v_pembelian_per_hari`
--
DROP TABLE IF EXISTS `v_pembelian_per_hari`;

CREATE VIEW `v_pembelian_per_hari`  AS  select '1' AS `view`,cast(`t`.`waktu_transaksi` as date) AS `tgl`,sum(`v`.`biaya_pembelian`) AS `tot_pembelian` from (`v_trans_pembelian_total` `v` join `trans_pembelian` `t` on(`v`.`id_trans` = `t`.`id_trans`)) group by 1 order by 1 desc ;

-- --------------------------------------------------------

--
-- Struktur untuk view `v_pembelian_per_supplier`
--
DROP TABLE IF EXISTS `v_pembelian_per_supplier`;

CREATE VIEW `v_pembelian_per_supplier`  AS  select `t`.`id_supplier` AS `id_supplier`,sum(`v`.`biaya_pembelian`) AS `tot_pembelian` from (`v_trans_pembelian_total` `v` join `trans_pembelian` `t` on(`v`.`id_trans` = `t`.`id_trans`)) where `t`.`id_supplier` is not null group by 1 order by 1 desc ;

-- --------------------------------------------------------

--
-- Struktur untuk view `v_pembelian_supplier_per_hari`
--
DROP TABLE IF EXISTS `v_pembelian_supplier_per_hari`;

CREATE VIEW `v_pembelian_supplier_per_hari`  AS  select '1' AS `view`,cast(`t`.`waktu_transaksi` as date) AS `tgl`,`t`.`id_supplier` AS `id_supplier`,sum(`v`.`biaya_pembelian`) AS `tot_pembelian` from (`v_trans_pembelian_total` `v` join `trans_pembelian` `t` on(`v`.`id_trans` = `t`.`id_trans`)) where `t`.`id_supplier` is not null group by 1,2 order by 1 desc ;

-- --------------------------------------------------------

--
-- Struktur untuk view `v_penjualan_pelanggan_per_hari`
--
DROP TABLE IF EXISTS `v_penjualan_pelanggan_per_hari`;

CREATE VIEW `v_penjualan_pelanggan_per_hari`  AS  select '1' AS `view`,cast(`t`.`waktu_transaksi` as date) AS `tgl`,`t`.`id_pelanggan` AS `id_pelanggan`,sum(`v`.`biaya_penjualan`) AS `tot_penjualan`,sum(`v`.`laba`) AS `tot_laba` from (`v_trans_penjualan_total_all` `v` join `trans_penjualan` `t` on(`v`.`id_trans` = `t`.`id_trans`)) where `t`.`id_pelanggan` is not null group by 1,2 order by 1 desc ;

-- --------------------------------------------------------

--
-- Struktur untuk view `v_penjualan_per_hari`
--
DROP TABLE IF EXISTS `v_penjualan_per_hari`;

CREATE VIEW `v_penjualan_per_hari`  AS  select cast(`t`.`waktu_transaksi` as date) AS `tgl`,sum(`v`.`biaya_penjualan`) AS `tot_penjualan`,sum(`v`.`laba`) AS `tot_laba` from (`v_trans_penjualan_total_all` `v` join `trans_penjualan` `t` on(`v`.`id_trans` = `t`.`id_trans`)) group by 1 order by 1 desc ;

-- --------------------------------------------------------

--
-- Struktur untuk view `v_penjualan_per_pelanggan`
--
DROP TABLE IF EXISTS `v_penjualan_per_pelanggan`;

CREATE VIEW `v_penjualan_per_pelanggan`  AS  select `t`.`id_pelanggan` AS `id_pelanggan`,sum(`v`.`biaya_penjualan`) AS `tot_penjualan`,sum(`v`.`laba`) AS `tot_laba` from (`v_trans_penjualan_total_all` `v` join `trans_penjualan` `t` on(`v`.`id_trans` = `t`.`id_trans`)) where `t`.`id_pelanggan` is not null group by 1 order by 1 desc ;

-- --------------------------------------------------------

--
-- Struktur untuk view `v_trans_pembelian`
--
DROP TABLE IF EXISTS `v_trans_pembelian`;

CREATE VIEW `v_trans_pembelian`  AS  select `v`.`id_trans` AS `id_trans`,`t`.`biaya_tambahan` AS `biaya_tambahan`,sum(`v`.`tot_harga_beli`) AS `tot_harga_beli`,sum(`v`.`tot_harga_reseller`) AS `tot_harga_reseller`,sum(`v`.`tot_harga_umum`) AS `tot_harga_umum` from (`v_trans_pembelian_detail` `v` join `trans_pembelian` `t` on(`v`.`id_trans` = `t`.`id_trans`)) where 1 group by 1 order by 1 desc ;

-- --------------------------------------------------------

--
-- Struktur untuk view `v_trans_pembelian_detail`
--
DROP TABLE IF EXISTS `v_trans_pembelian_detail`;

CREATE VIEW `v_trans_pembelian_detail`  AS  select `tp`.`id_trans` AS `id_trans`,`tpd`.`id_barang_history` AS `id_barang_history`,`bh`.`id_barang` AS `id_barang`,`tpd`.`jumlah_pax` AS `jumlah_pax`,`bh`.`harga_beli` AS `harga_beli`,`tpd`.`jumlah_pax` * `bh`.`harga_beli` AS `tot_harga_beli`,`bh`.`harga_reseller` AS `harga_reseller`,`tpd`.`jumlah_pax` * `bh`.`harga_reseller` AS `tot_harga_reseller`,`bh`.`harga_umum` AS `harga_umum`,`tpd`.`jumlah_pax` * `bh`.`harga_umum` AS `tot_harga_umum` from ((`trans_pembelian` `tp` join `trans_pembelian_detail` `tpd` on(`tp`.`id_trans` = `tpd`.`id_trans`)) join `barang_history` `bh` on(`tpd`.`id_barang_history` = `bh`.`id_history`)) where 1 order by `tp`.`id_trans` desc ;

-- --------------------------------------------------------

--
-- Struktur untuk view `v_trans_pembelian_total`
--
DROP TABLE IF EXISTS `v_trans_pembelian_total`;

CREATE VIEW `v_trans_pembelian_total`  AS  select `v_trans_pembelian`.`id_trans` AS `id_trans`,`v_trans_pembelian`.`tot_harga_beli` + `v_trans_pembelian`.`biaya_tambahan` AS `biaya_pembelian` from `v_trans_pembelian` where 1 order by 1 desc ;

-- --------------------------------------------------------

--
-- Struktur untuk view `v_trans_penjualan`
--
DROP TABLE IF EXISTS `v_trans_penjualan`;

CREATE VIEW `v_trans_penjualan`  AS  select `v`.`id_trans` AS `id_trans`,sum(`v`.`tot_harga_beli`) AS `tot_harga_beli`,sum(`v`.`tot_harga_reseller`) AS `tot_harga_reseller`,sum(`v`.`tot_harga_umum`) AS `tot_harga_umum` from `v_trans_penjualan_detail` `v` where 1 group by 1 order by 1 desc ;

-- --------------------------------------------------------

--
-- Struktur untuk view `v_trans_penjualan_detail`
--
DROP TABLE IF EXISTS `v_trans_penjualan_detail`;

CREATE VIEW `v_trans_penjualan_detail`  AS  select `tp`.`id_trans` AS `id_trans`,`tpd`.`id_barang_history` AS `id_barang_history`,`bh`.`id_barang` AS `id_barang`,`tpd`.`jumlah_pax` AS `jumlah_pax`,`bh`.`harga_beli` AS `harga_beli`,`tpd`.`jumlah_pax` * `bh`.`harga_beli` AS `tot_harga_beli`,`bh`.`harga_reseller` AS `harga_reseller`,`tpd`.`jumlah_pax` * `bh`.`harga_reseller` AS `tot_harga_reseller`,`bh`.`harga_umum` AS `harga_umum`,`tpd`.`jumlah_pax` * `bh`.`harga_umum` AS `tot_harga_umum` from ((`trans_penjualan` `tp` join `trans_penjualan_detail` `tpd` on(`tp`.`id_trans` = `tpd`.`id_trans`)) join `barang_history` `bh` on(`tpd`.`id_barang_history` = `bh`.`id_history`)) where 1 order by `tp`.`id_trans` desc ;

-- --------------------------------------------------------

--
-- Struktur untuk view `v_trans_penjualan_total`
--
DROP TABLE IF EXISTS `v_trans_penjualan_total`;

CREATE VIEW `v_trans_penjualan_total`  AS  select `v`.`id_trans` AS `id_trans`,`t`.`jenis_transaksi` AS `jenis_transaksi`,`t`.`diskon` AS `diskon`,`t`.`biaya_tambahan` AS `biaya_tambahan`,`t`.`biaya_pembatalan` AS `biaya_pembatalan`,`pg`.`biaya_pengiriman` AS `biaya_pengiriman`,`v`.`tot_harga_beli` AS `tot_harga_beli`,if(`t`.`jenis_transaksi` = 'RESELLER',`v`.`tot_harga_reseller`,`v`.`tot_harga_umum`) AS `tot_harga_jual` from ((`v_trans_penjualan` `v` join `trans_penjualan` `t` on(`v`.`id_trans` = `t`.`id_trans`)) left join `pengiriman_trans_penjualan` `pg` on(`t`.`id_trans` = `pg`.`id_trans`)) where 1 order by 1 desc ;

-- --------------------------------------------------------

--
-- Struktur untuk view `v_trans_penjualan_total_all`
--
DROP TABLE IF EXISTS `v_trans_penjualan_total_all`;

CREATE VIEW `v_trans_penjualan_total_all`  AS  select `v_trans_penjualan_total`.`id_trans` AS `id_trans`,`v_trans_penjualan_total`.`tot_harga_jual` + `v_trans_penjualan_total`.`biaya_tambahan` + `v_trans_penjualan_total`.`biaya_pembatalan` + coalesce(`v_trans_penjualan_total`.`biaya_pengiriman`,0) - `v_trans_penjualan_total`.`diskon` AS `biaya_penjualan`,`v_trans_penjualan_total`.`tot_harga_jual` - `v_trans_penjualan_total`.`tot_harga_beli` AS `laba` from `v_trans_penjualan_total` ;

--
-- Indexes for dumped tables
--

--
-- Indeks untuk tabel `akses_group_modul`
--
ALTER TABLE `akses_group_modul`
  ADD PRIMARY KEY (`id_group`,`nama_modul`,`hak_akses`),
  ADD KEY `fk_akses_group_modul__nama_modul` (`nama_modul`);

--
-- Indeks untuk tabel `barang`
--
ALTER TABLE `barang`
  ADD PRIMARY KEY (`id_barang`);

--
-- Indeks untuk tabel `barang_history`
--
ALTER TABLE `barang_history`
  ADD PRIMARY KEY (`id_history`);

--
-- Indeks untuk tabel `jenis_ekspedisi`
--
ALTER TABLE `jenis_ekspedisi`
  ADD PRIMARY KEY (`id_jenis`);

--
-- Indeks untuk tabel `login_group`
--
ALTER TABLE `login_group`
  ADD PRIMARY KEY (`id_group`);

--
-- Indeks untuk tabel `modul_sistem`
--
ALTER TABLE `modul_sistem`
  ADD PRIMARY KEY (`nama_modul`);

--
-- Indeks untuk tabel `pegawai`
--
ALTER TABLE `pegawai`
  ADD PRIMARY KEY (`id_pegawai`);

--
-- Indeks untuk tabel `pelanggan`
--
ALTER TABLE `pelanggan`
  ADD PRIMARY KEY (`id_pelanggan`),
  ADD KEY `fk_pelanggan__id_upline` (`id_upline`);

--
-- Indeks untuk tabel `pembayaran_trans_penjualan`
--
ALTER TABLE `pembayaran_trans_penjualan`
  ADD PRIMARY KEY (`id_pembayaran`),
  ADD KEY `fk_pembayaran_trans_penjualan__id_trans` (`id_trans`);

--
-- Indeks untuk tabel `pengiriman_trans_penjualan`
--
ALTER TABLE `pengiriman_trans_penjualan`
  ADD PRIMARY KEY (`id_pengiriman`),
  ADD KEY `fk_pengiriman_trans_penjualan__id_trans` (`id_trans`),
  ADD KEY `fk_pengiriman_trans_penjualan__jenis_ekspedisi` (`jenis_ekspedisi`);

--
-- Indeks untuk tabel `proses_trans_pembelian`
--
ALTER TABLE `proses_trans_pembelian`
  ADD PRIMARY KEY (`id_proses`),
  ADD KEY `fk_proses_trans_pembelian__id_trans` (`id_trans`),
  ADD KEY `fk_proses_trans_pembelian__id_user` (`id_user`);

--
-- Indeks untuk tabel `proses_trans_penjualan`
--
ALTER TABLE `proses_trans_penjualan`
  ADD PRIMARY KEY (`id_proses`),
  ADD KEY `fk_proses_trans_penjualan__id_trans` (`id_trans`),
  ADD KEY `fk_proses_trans_penjualan__id_user` (`id_user`);

--
-- Indeks untuk tabel `reset_password`
--
ALTER TABLE `reset_password`
  ADD PRIMARY KEY (`id_request`),
  ADD KEY `idx__email` (`reset_code`);

--
-- Indeks untuk tabel `status_pembelian`
--
ALTER TABLE `status_pembelian`
  ADD PRIMARY KEY (`id_status`);

--
-- Indeks untuk tabel `stok_barang`
--
ALTER TABLE `stok_barang`
  ADD PRIMARY KEY (`id_barang`,`tgl`);

--
-- Indeks untuk tabel `supplier`
--
ALTER TABLE `supplier`
  ADD PRIMARY KEY (`id_supplier`);

--
-- Indeks untuk tabel `trans_pembelian`
--
ALTER TABLE `trans_pembelian`
  ADD PRIMARY KEY (`id_trans`),
  ADD KEY `fk_trans_pembelian__id_status` (`id_status`),
  ADD KEY `fk_trans_pembelian__id_supplier` (`id_supplier`);

--
-- Indeks untuk tabel `trans_pembelian_detail`
--
ALTER TABLE `trans_pembelian_detail`
  ADD PRIMARY KEY (`id_trans_detail`),
  ADD KEY `fk_trans_pembelian_detail__id_barang_history` (`id_barang_history`),
  ADD KEY `fk_trans_pembelian_detail__id_trans` (`id_trans`);

--
-- Indeks untuk tabel `trans_penjualan`
--
ALTER TABLE `trans_penjualan`
  ADD PRIMARY KEY (`id_trans`),
  ADD KEY `fk_trans_penjualan__id_pelanggan` (`id_pelanggan`);

--
-- Indeks untuk tabel `trans_penjualan_detail`
--
ALTER TABLE `trans_penjualan_detail`
  ADD PRIMARY KEY (`id_trans_detail`),
  ADD KEY `fk_trans_penjualan_detail__id_barang_history` (`id_barang_history`),
  ADD KEY `fk_trans_penjualan_detail__id_trans` (`id_trans`);

--
-- Indeks untuk tabel `trans_stok_barang`
--
ALTER TABLE `trans_stok_barang`
  ADD PRIMARY KEY (`id_trans_stok`),
  ADD KEY `idx__created_date__created_time` (`created_date`,`created_time`),
  ADD KEY `idx__id_barang__created_date` (`id_barang`,`created_date`),
  ADD KEY `idx__id_trans__jenis_transaksi` (`id_trans`,`jenis_transaksi`);

--
-- Indeks untuk tabel `user`
--
ALTER TABLE `user`
  ADD PRIMARY KEY (`id_user`),
  ADD UNIQUE KEY `idx_unq__email` (`email`),
  ADD KEY `fk_user__id_group` (`id_group`);

--
-- AUTO_INCREMENT untuk tabel yang dibuang
--

--
-- AUTO_INCREMENT untuk tabel `akses_group_modul`
--
ALTER TABLE `akses_group_modul`
  MODIFY `id_group` int(11) NOT NULL AUTO_INCREMENT, AUTO_INCREMENT=2;

--
-- AUTO_INCREMENT untuk tabel `barang`
--
ALTER TABLE `barang`
  MODIFY `id_barang` int(11) NOT NULL AUTO_INCREMENT, AUTO_INCREMENT=161;

--
-- AUTO_INCREMENT untuk tabel `barang_history`
--
ALTER TABLE `barang_history`
  MODIFY `id_history` int(11) NOT NULL AUTO_INCREMENT, AUTO_INCREMENT=164;

--
-- AUTO_INCREMENT untuk tabel `login_group`
--
ALTER TABLE `login_group`
  MODIFY `id_group` int(11) NOT NULL AUTO_INCREMENT, AUTO_INCREMENT=2;

--
-- AUTO_INCREMENT untuk tabel `pegawai`
--
ALTER TABLE `pegawai`
  MODIFY `id_pegawai` int(11) NOT NULL AUTO_INCREMENT, AUTO_INCREMENT=2;

--
-- AUTO_INCREMENT untuk tabel `pelanggan`
--
ALTER TABLE `pelanggan`
  MODIFY `id_pelanggan` int(11) NOT NULL AUTO_INCREMENT, AUTO_INCREMENT=103;

--
-- AUTO_INCREMENT untuk tabel `pembayaran_trans_penjualan`
--
ALTER TABLE `pembayaran_trans_penjualan`
  MODIFY `id_pembayaran` int(11) NOT NULL AUTO_INCREMENT, AUTO_INCREMENT=85;

--
-- AUTO_INCREMENT untuk tabel `pengiriman_trans_penjualan`
--
ALTER TABLE `pengiriman_trans_penjualan`
  MODIFY `id_pengiriman` int(11) NOT NULL AUTO_INCREMENT, AUTO_INCREMENT=86;

--
-- AUTO_INCREMENT untuk tabel `proses_trans_pembelian`
--
ALTER TABLE `proses_trans_pembelian`
  MODIFY `id_proses` int(11) NOT NULL AUTO_INCREMENT, AUTO_INCREMENT=83;

--
-- AUTO_INCREMENT untuk tabel `proses_trans_penjualan`
--
ALTER TABLE `proses_trans_penjualan`
  MODIFY `id_proses` int(11) NOT NULL AUTO_INCREMENT, AUTO_INCREMENT=396;

--
-- AUTO_INCREMENT untuk tabel `reset_password`
--
ALTER TABLE `reset_password`
  MODIFY `id_request` int(11) NOT NULL AUTO_INCREMENT;

--
-- AUTO_INCREMENT untuk tabel `supplier`
--
ALTER TABLE `supplier`
  MODIFY `id_supplier` int(11) NOT NULL AUTO_INCREMENT, AUTO_INCREMENT=7;

--
-- AUTO_INCREMENT untuk tabel `trans_pembelian`
--
ALTER TABLE `trans_pembelian`
  MODIFY `id_trans` int(11) NOT NULL AUTO_INCREMENT, AUTO_INCREMENT=49;

--
-- AUTO_INCREMENT untuk tabel `trans_pembelian_detail`
--
ALTER TABLE `trans_pembelian_detail`
  MODIFY `id_trans_detail` int(11) NOT NULL AUTO_INCREMENT, AUTO_INCREMENT=108;

--
-- AUTO_INCREMENT untuk tabel `trans_penjualan`
--
ALTER TABLE `trans_penjualan`
  MODIFY `id_trans` int(11) NOT NULL AUTO_INCREMENT, AUTO_INCREMENT=229;

--
-- AUTO_INCREMENT untuk tabel `trans_penjualan_detail`
--
ALTER TABLE `trans_penjualan_detail`
  MODIFY `id_trans_detail` int(11) NOT NULL AUTO_INCREMENT, AUTO_INCREMENT=670;

--
-- AUTO_INCREMENT untuk tabel `trans_stok_barang`
--
ALTER TABLE `trans_stok_barang`
  MODIFY `id_trans_stok` int(11) NOT NULL AUTO_INCREMENT, AUTO_INCREMENT=956;

--
-- AUTO_INCREMENT untuk tabel `user`
--
ALTER TABLE `user`
  MODIFY `id_user` int(11) NOT NULL AUTO_INCREMENT, AUTO_INCREMENT=2;

--
-- Ketidakleluasaan untuk tabel pelimpahan (Dumped Tables)
--

--
-- Ketidakleluasaan untuk tabel `akses_group_modul`
--
ALTER TABLE `akses_group_modul`
  ADD CONSTRAINT `fk_akses_group_modul__id_group` FOREIGN KEY (`id_group`) REFERENCES `login_group` (`id_group`),
  ADD CONSTRAINT `fk_akses_group_modul__nama_modul` FOREIGN KEY (`nama_modul`) REFERENCES `modul_sistem` (`nama_modul`);

--
-- Ketidakleluasaan untuk tabel `pelanggan`
--
ALTER TABLE `pelanggan`
  ADD CONSTRAINT `fk_pelanggan__id_upline` FOREIGN KEY (`id_upline`) REFERENCES `pelanggan` (`id_pelanggan`);

--
-- Ketidakleluasaan untuk tabel `pembayaran_trans_penjualan`
--
ALTER TABLE `pembayaran_trans_penjualan`
  ADD CONSTRAINT `fk_pembayaran_trans_penjualan__id_trans` FOREIGN KEY (`id_trans`) REFERENCES `trans_penjualan` (`id_trans`);

--
-- Ketidakleluasaan untuk tabel `pengiriman_trans_penjualan`
--
ALTER TABLE `pengiriman_trans_penjualan`
  ADD CONSTRAINT `fk_pengiriman_trans_penjualan__id_trans` FOREIGN KEY (`id_trans`) REFERENCES `trans_penjualan` (`id_trans`),
  ADD CONSTRAINT `fk_pengiriman_trans_penjualan__jenis_ekspedisi` FOREIGN KEY (`jenis_ekspedisi`) REFERENCES `jenis_ekspedisi` (`id_jenis`);

--
-- Ketidakleluasaan untuk tabel `proses_trans_pembelian`
--
ALTER TABLE `proses_trans_pembelian`
  ADD CONSTRAINT `fk_proses_trans_pembelian__id_trans` FOREIGN KEY (`id_trans`) REFERENCES `trans_pembelian` (`id_trans`),
  ADD CONSTRAINT `fk_proses_trans_pembelian__id_user` FOREIGN KEY (`id_user`) REFERENCES `user` (`id_user`);

--
-- Ketidakleluasaan untuk tabel `proses_trans_penjualan`
--
ALTER TABLE `proses_trans_penjualan`
  ADD CONSTRAINT `fk_proses_trans_penjualan__id_trans` FOREIGN KEY (`id_trans`) REFERENCES `trans_penjualan` (`id_trans`),
  ADD CONSTRAINT `fk_proses_trans_penjualan__id_user` FOREIGN KEY (`id_user`) REFERENCES `user` (`id_user`);

--
-- Ketidakleluasaan untuk tabel `stok_barang`
--
ALTER TABLE `stok_barang`
  ADD CONSTRAINT `fk_stok_barang__id_barang` FOREIGN KEY (`id_barang`) REFERENCES `barang` (`id_barang`);

--
-- Ketidakleluasaan untuk tabel `trans_pembelian`
--
ALTER TABLE `trans_pembelian`
  ADD CONSTRAINT `fk_trans_pembelian__id_supplier` FOREIGN KEY (`id_supplier`) REFERENCES `supplier` (`id_supplier`);

--
-- Ketidakleluasaan untuk tabel `trans_pembelian_detail`
--
ALTER TABLE `trans_pembelian_detail`
  ADD CONSTRAINT `fk_trans_pembelian_detail__id_barang_history` FOREIGN KEY (`id_barang_history`) REFERENCES `barang_history` (`id_history`),
  ADD CONSTRAINT `fk_trans_pembelian_detail__id_trans` FOREIGN KEY (`id_trans`) REFERENCES `trans_pembelian` (`id_trans`);

--
-- Ketidakleluasaan untuk tabel `trans_penjualan`
--
ALTER TABLE `trans_penjualan`
  ADD CONSTRAINT `fk_trans_penjualan__id_pelanggan` FOREIGN KEY (`id_pelanggan`) REFERENCES `pelanggan` (`id_pelanggan`);

--
-- Ketidakleluasaan untuk tabel `trans_penjualan_detail`
--
ALTER TABLE `trans_penjualan_detail`
  ADD CONSTRAINT `fk_trans_penjualan_detail__id_barang_history` FOREIGN KEY (`id_barang_history`) REFERENCES `barang_history` (`id_history`),
  ADD CONSTRAINT `fk_trans_penjualan_detail__id_trans` FOREIGN KEY (`id_trans`) REFERENCES `trans_penjualan` (`id_trans`);

--
-- Ketidakleluasaan untuk tabel `trans_stok_barang`
--
ALTER TABLE `trans_stok_barang`
  ADD CONSTRAINT `fk_trans_stok_barang__id_barang` FOREIGN KEY (`id_barang`) REFERENCES `barang` (`id_barang`);

--
-- Ketidakleluasaan untuk tabel `user`
--
ALTER TABLE `user`
  ADD CONSTRAINT `fk_user__id_group` FOREIGN KEY (`id_group`) REFERENCES `login_group` (`id_group`);
COMMIT;

/*!40101 SET CHARACTER_SET_CLIENT=@OLD_CHARACTER_SET_CLIENT */;
/*!40101 SET CHARACTER_SET_RESULTS=@OLD_CHARACTER_SET_RESULTS */;
/*!40101 SET COLLATION_CONNECTION=@OLD_COLLATION_CONNECTION */;
